2025-08-19 08:48:18,738 p=23321 u=ollama n=ansible | Using /home/ollama/me/Zenitsu_mforrester-home-lab/kubernetes-upgrade/ansible.cfg as config file
2025-08-19 08:48:18,837 p=23321 u=ollama n=ansible | ERROR! Unexpected Exception, this is probably a bug: [Errno 32] Broken pipe
2025-08-19 08:48:18,838 p=23321 u=ollama n=ansible | to see the full traceback, use -vvv
2025-08-19 08:48:18,840 p=23321 u=ollama n=ansible | the full traceback was:

Traceback (most recent call last):
  File "/home/ollama/.pyenv/versions/3.11.9/lib/python3.11/site-packages/ansible/cli/__init__.py", line 658, in cli_executor
    exit_code = cli.run()
                ^^^^^^^^^
  File "/home/ollama/.pyenv/versions/3.11.9/lib/python3.11/site-packages/ansible/cli/inventory.py", line 146, in run
    display.display(results)
  File "/home/ollama/.pyenv/versions/3.11.9/lib/python3.11/site-packages/ansible/utils/display.py", line 361, in wrapper
    return func(self, *args, **kwargs)
           ^^^^^^^^^^^^^^^^^^^^^^^^^^^
  File "/home/ollama/.pyenv/versions/3.11.9/lib/python3.11/site-packages/ansible/utils/display.py", line 434, in display
    fileobj.write(msg2)
  File "/home/ollama/.pyenv/versions/3.11.9/lib/python3.11/site-packages/ansible/utils/display.py", line 195, in locking_wrapper
    return f(*args, **kwargs)
           ^^^^^^^^^^^^^^^^^^
BrokenPipeError: [Errno 32] Broken pipe

2025-08-19 08:48:52,627 p=24273 u=ollama n=ansible | Using /home/ollama/me/Zenitsu_mforrester-home-lab/kubernetes-upgrade/ansible.cfg as config file
2025-08-19 08:48:57,231 p=24273 u=ollama n=ansible | k8s01 | UNREACHABLE! => {
    "changed": false,
    "msg": "Data could not be sent to remote host \"192.168.0.50\". Make sure this host can be reached over ssh: OpenSSH_8.9p1 Ubuntu-3ubuntu0.13, OpenSSL 3.0.2 15 Mar 2022\r\ndebug1: Reading configuration data /etc/ssh/ssh_config\r\ndebug1: /etc/ssh/ssh_config line 19: include /etc/ssh/ssh_config.d/*.conf matched no files\r\ndebug1: /etc/ssh/ssh_config line 21: Applying options for *\r\ndebug1: auto-mux: Trying existing master\r\ndebug1: Control socket \"/home/ollama/.ansible/cp/d94c3f7490\" does not exist\r\ndebug1: Connecting to 192.168.0.50 [192.168.0.50] port 22.\r\ndebug1: fd 3 clearing O_NONBLOCK\r\ndebug1: Connection established.\r\ndebug1: identity file /home/ollama/.ssh/ansible_k8s_ed25519 type -1\r\ndebug1: identity file /home/ollama/.ssh/ansible_k8s_ed25519-cert type -1\r\ndebug1: Local version string SSH-2.0-OpenSSH_8.9p1 Ubuntu-3ubuntu0.13\r\ndebug1: Remote protocol version 2.0, remote software version OpenSSH_9.6p1 Ubuntu-3ubuntu13.12\r\ndebug1: compat_banner: match: OpenSSH_9.6p1 Ubuntu-3ubuntu13.12 pat OpenSSH* compat 0x04000000\r\ndebug1: Authenticating to 192.168.0.50:22 as 'root'\r\ndebug1: load_hostkeys: fopen /etc/ssh/ssh_known_hosts: No such file or directory\r\ndebug1: load_hostkeys: fopen /etc/ssh/ssh_known_hosts2: No such file or directory\r\ndebug1: SSH2_MSG_KEXINIT sent\r\ndebug1: SSH2_MSG_KEXINIT received\r\ndebug1: kex: algorithm: curve25519-sha256\r\ndebug1: kex: host key algorithm: ssh-ed25519\r\ndebug1: kex: server->client cipher: chacha20-poly1305@openssh.com MAC: <implicit> compression: zlib@openssh.com\r\ndebug1: kex: client->server cipher: chacha20-poly1305@openssh.com MAC: <implicit> compression: zlib@openssh.com\r\ndebug1: expecting SSH2_MSG_KEX_ECDH_REPLY\r\ndebug1: SSH2_MSG_KEX_ECDH_REPLY received\r\ndebug1: Server host key: ssh-ed25519 SHA256:JJydY391xoNY8uQBWJBNCMjwo5ygjA1lTnwBdBBxV9M\r\ndebug1: load_hostkeys: fopen /etc/ssh/ssh_known_hosts: No such file or directory\r\ndebug1: load_hostkeys: fopen /etc/ssh/ssh_known_hosts2: No such file or directory\r\nWarning: Permanently added '192.168.0.50' (ED25519) to the list of known hosts.\r\ndebug1: ssh_packet_send2_wrapped: resetting send seqnr 3\r\ndebug1: rekey out after 134217728 blocks\r\ndebug1: SSH2_MSG_NEWKEYS sent\r\ndebug1: expecting SSH2_MSG_NEWKEYS\r\ndebug1: ssh_packet_read_poll2: resetting read seqnr 3\r\ndebug1: SSH2_MSG_NEWKEYS received\r\ndebug1: rekey in after 134217728 blocks\r\ndebug1: Will attempt key: /home/ollama/.ssh/ansible_k8s_ed25519  explicit\r\ndebug1: SSH2_MSG_EXT_INFO received\r\ndebug1: kex_input_ext_info: server-sig-algs=<ssh-ed25519,ecdsa-sha2-nistp256,ecdsa-sha2-nistp384,ecdsa-sha2-nistp521,sk-ssh-ed25519@openssh.com,sk-ecdsa-sha2-nistp256@openssh.com,rsa-sha2-512,rsa-sha2-256>\r\ndebug1: kex_input_ext_info: publickey-hostbound@openssh.com=<0>\r\ndebug1: kex_input_ext_info: ping@openssh.com (unrecognised)\r\ndebug1: SSH2_MSG_SERVICE_ACCEPT received\r\ndebug1: Authentications that can continue: publickey,password\r\ndebug1: Next authentication method: publickey\r\ndebug1: Trying private key: /home/ollama/.ssh/ansible_k8s_ed25519\r\nno such identity: /home/ollama/.ssh/ansible_k8s_ed25519: No such file or directory\r\ndebug1: No more authentication methods to try.\r\nroot@192.168.0.50: Permission denied (publickey,password).\r\n",
    "unreachable": true
}
2025-08-19 08:49:47,614 p=25813 u=ollama n=ansible | Using /home/ollama/me/Zenitsu_mforrester-home-lab/kubernetes-upgrade/ansible.cfg as config file
2025-08-19 08:49:52,214 p=25813 u=ollama n=ansible | k8s01 | UNREACHABLE! => {
    "changed": false,
    "msg": "Data could not be sent to remote host \"192.168.0.50\". Make sure this host can be reached over ssh: OpenSSH_8.9p1 Ubuntu-3ubuntu0.13, OpenSSL 3.0.2 15 Mar 2022\r\ndebug1: Reading configuration data /etc/ssh/ssh_config\r\ndebug1: /etc/ssh/ssh_config line 19: include /etc/ssh/ssh_config.d/*.conf matched no files\r\ndebug1: /etc/ssh/ssh_config line 21: Applying options for *\r\ndebug1: auto-mux: Trying existing master\r\ndebug1: Control socket \"/home/ollama/.ansible/cp/d94c3f7490\" does not exist\r\ndebug1: Connecting to 192.168.0.50 [192.168.0.50] port 22.\r\ndebug1: fd 3 clearing O_NONBLOCK\r\ndebug1: Connection established.\r\ndebug1: identity file /home/ollama/.ssh/k8s_cluster_key type 0\r\ndebug1: identity file /home/ollama/.ssh/k8s_cluster_key-cert type -1\r\ndebug1: Local version string SSH-2.0-OpenSSH_8.9p1 Ubuntu-3ubuntu0.13\r\ndebug1: Remote protocol version 2.0, remote software version OpenSSH_9.6p1 Ubuntu-3ubuntu13.12\r\ndebug1: compat_banner: match: OpenSSH_9.6p1 Ubuntu-3ubuntu13.12 pat OpenSSH* compat 0x04000000\r\ndebug1: Authenticating to 192.168.0.50:22 as 'root'\r\ndebug1: load_hostkeys: fopen /etc/ssh/ssh_known_hosts: No such file or directory\r\ndebug1: load_hostkeys: fopen /etc/ssh/ssh_known_hosts2: No such file or directory\r\ndebug1: SSH2_MSG_KEXINIT sent\r\ndebug1: SSH2_MSG_KEXINIT received\r\ndebug1: kex: algorithm: curve25519-sha256\r\ndebug1: kex: host key algorithm: ssh-ed25519\r\ndebug1: kex: server->client cipher: chacha20-poly1305@openssh.com MAC: <implicit> compression: zlib@openssh.com\r\ndebug1: kex: client->server cipher: chacha20-poly1305@openssh.com MAC: <implicit> compression: zlib@openssh.com\r\ndebug1: expecting SSH2_MSG_KEX_ECDH_REPLY\r\ndebug1: SSH2_MSG_KEX_ECDH_REPLY received\r\ndebug1: Server host key: ssh-ed25519 SHA256:JJydY391xoNY8uQBWJBNCMjwo5ygjA1lTnwBdBBxV9M\r\ndebug1: load_hostkeys: fopen /etc/ssh/ssh_known_hosts: No such file or directory\r\ndebug1: load_hostkeys: fopen /etc/ssh/ssh_known_hosts2: No such file or directory\r\nWarning: Permanently added '192.168.0.50' (ED25519) to the list of known hosts.\r\ndebug1: ssh_packet_send2_wrapped: resetting send seqnr 3\r\ndebug1: rekey out after 134217728 blocks\r\ndebug1: SSH2_MSG_NEWKEYS sent\r\ndebug1: expecting SSH2_MSG_NEWKEYS\r\ndebug1: ssh_packet_read_poll2: resetting read seqnr 3\r\ndebug1: SSH2_MSG_NEWKEYS received\r\ndebug1: rekey in after 134217728 blocks\r\ndebug1: Will attempt key: /home/ollama/.ssh/k8s_cluster_key RSA SHA256:DrAokAs7O5Y/H1QbZPnGKQZYQWxkW/nDeLeJnLkjLww explicit\r\ndebug1: SSH2_MSG_EXT_INFO received\r\ndebug1: kex_input_ext_info: server-sig-algs=<ssh-ed25519,ecdsa-sha2-nistp256,ecdsa-sha2-nistp384,ecdsa-sha2-nistp521,sk-ssh-ed25519@openssh.com,sk-ecdsa-sha2-nistp256@openssh.com,rsa-sha2-512,rsa-sha2-256>\r\ndebug1: kex_input_ext_info: publickey-hostbound@openssh.com=<0>\r\ndebug1: kex_input_ext_info: ping@openssh.com (unrecognised)\r\ndebug1: SSH2_MSG_SERVICE_ACCEPT received\r\ndebug1: Authentications that can continue: publickey,password\r\ndebug1: Next authentication method: publickey\r\ndebug1: Offering public key: /home/ollama/.ssh/k8s_cluster_key RSA SHA256:DrAokAs7O5Y/H1QbZPnGKQZYQWxkW/nDeLeJnLkjLww explicit\r\ndebug1: Authentications that can continue: publickey,password\r\ndebug1: No more authentication methods to try.\r\nroot@192.168.0.50: Permission denied (publickey,password).\r\n",
    "unreachable": true
}
2025-08-19 08:58:36,138 p=39422 u=ollama n=ansible | Using /home/ollama/me/Zenitsu_mforrester-home-lab/kubernetes-upgrade/ansible.cfg as config file
2025-08-19 08:58:36,219 p=39422 u=ollama n=ansible | {
    "_meta": {
        "hostvars": {
            "k8s01": {
                "admission_controllers": [
                    "NamespaceLifecycle",
                    "LimitRanger",
                    "ServiceAccount",
                    "DefaultStorageClass",
                    "DefaultTolerationSeconds",
                    "MutatingAdmissionWebhook",
                    "ValidatingAdmissionWebhook",
                    "ResourceQuota",
                    "PodSecurity"
                ],
                "alertmanager_enabled": true,
                "ansible_become": true,
                "ansible_become_method": "sudo",
                "ansible_become_user": "root",
                "ansible_host": "192.168.0.50",
                "ansible_hostname": "k8s01",
                "ansible_python_interpreter": "/usr/bin/python3",
                "ansible_ssh_common_args": "-o StrictHostKeyChecking=no -o UserKnownHostsFile=/dev/null",
                "ansible_user": "root",
                "api_server_cert_sans": [
                    "kubernetes",
                    "kubernetes.default",
                    "kubernetes.default.svc",
                    "kubernetes.default.svc.cluster.local",
                    "{{ api_server_vip }}",
                    "127.0.0.1",
                    "localhost"
                ],
                "api_server_port": 6443,
                "api_server_vip": "192.168.0.50",
                "audit_log_dir": "/var/log/kubernetes-audit",
                "audit_logging_enabled": true,
                "backup_compression": true,
                "backup_dir": "/backup/kubernetes",
                "backup_enabled": true,
                "backup_encryption": true,
                "backup_location": "/backup/kubernetes",
                "backup_retention_days": 30,
                "backup_schedule": "0 2 * * *",
                "backup_verification": true,
                "batch_size": 2,
                "certificate_validity_days": 365,
                "cilium_version": "1.16.5",
                "cis_benchmark_version": "1.8.0",
                "cis_compliance_enabled": true,
                "cluster_dns": "10.96.0.10",
                "cluster_dns_domain": "cluster.local",
                "cluster_dns_ip": "10.96.0.10",
                "cluster_environment": "production",
                "cluster_name": "homelab-k8s",
                "cluster_region": "home",
                "cluster_vip": "192.168.0.50",
                "cluster_vip_port": 6443,
                "cluster_zone": "upstairs",
                "cni_plugin": "cilium",
                "compliance_scan_enabled": true,
                "compliance_scan_schedule": "0 3 * * 0",
                "component_health_checks": [
                    "etcd",
                    "kube-apiserver",
                    "kube-controller-manager",
                    "kube-scheduler",
                    "kubelet",
                    "kube-proxy"
                ],
                "connection_pool_size": 100,
                "container_registry": "registry.k8s.io",
                "container_registry_mirror": "",
                "container_runtime": "containerd",
                "containerd_version": "1.7.24",
                "coredns_version": "1.12.0",
                "csi_drivers": [
                    "longhorn"
                ],
                "debug_mode": false,
                "default_storage_class": "longhorn",
                "delete_emptydir_data": true,
                "docker_repo_url": "https://download.docker.com/linux/ubuntu",
                "dr_backup_location": "",
                "dr_enabled": false,
                "dr_replication_enabled": false,
                "dr_site": "",
                "drain_grace_period": 30,
                "drain_timeout": 300,
                "drain_timeout_seconds": 300,
                "dry_run": false,
                "dry_run_mode": false,
                "email_notifications": false,
                "enable_backup": true,
                "enable_monitoring": true,
                "enable_rollback": true,
                "encryption_at_rest": true,
                "etcd_backup_dir": "/backup/etcd",
                "etcd_backup_retention_days": 30,
                "etcd_data_dir": "/var/lib/etcd",
                "etcd_election_timeout": 1000,
                "etcd_heartbeat_interval": 100,
                "etcd_max_snapshots": 5,
                "etcd_max_wals": 5,
                "etcd_member": true,
                "etcd_member_name": "etcd-k8s01",
                "etcd_quota_backend_bytes": 8589934592,
                "etcd_snapshot_count": 10000,
                "etcd_version": "3.5.17",
                "eviction_timeout_seconds": 60,
                "fact_caching": true,
                "fact_caching_timeout": 3600,
                "feature_gates": [
                    "RotateKubeletServerCertificate=true",
                    "ServerSideApply=true",
                    "GracefulNodeShutdown=true",
                    "GracefulNodeShutdownBasedOnPodPriority=true"
                ],
                "force_upgrade": false,
                "gather_facts": true,
                "gather_subset": "all",
                "grafana_enabled": true,
                "health_check_delay": 30,
                "health_check_enabled": true,
                "health_check_interval": 60,
                "health_check_retries": 3,
                "health_check_timeout": 10,
                "http_proxy": "",
                "https_proxy": "",
                "insecure_registries": [],
                "kernel_modules": [
                    "overlay",
                    "br_netfilter",
                    "ip_vs",
                    "ip_vs_rr",
                    "ip_vs_wrr",
                    "ip_vs_sh",
                    "nf_conntrack"
                ],
                "kubeadm_version": "{{ kubernetes_version_target }}-*",
                "kubectl_version": "{{ kubernetes_version_target }}-*",
                "kubelet_version": "{{ kubernetes_version_target }}-*",
                "kubernetes_repo_key": "https://pkgs.k8s.io/core:/stable:/v{{ kubernetes_version_target_short }}/deb/Release.key",
                "kubernetes_repo_url": "https://pkgs.k8s.io/core:/stable:/v{{ kubernetes_version_target_short }}/deb/",
                "kubernetes_version_current": "1.31.10",
                "kubernetes_version_target": "1.32.0",
                "kubernetes_version_target_short": "1.32",
                "log_dir": "/var/log/kubernetes",
                "log_level": "info",
                "log_rotation_count": 10,
                "log_rotation_enabled": true,
                "log_rotation_size": "100M",
                "log_shipping_enabled": false,
                "log_shipping_target": "",
                "maintenance_window_days": [
                    "saturday",
                    "sunday"
                ],
                "maintenance_window_enabled": false,
                "maintenance_window_end": "06:00",
                "maintenance_window_start": "02:00",
                "metrics_server_enabled": true,
                "monitoring_enabled": true,
                "network_interface": "enx*",
                "network_policies_enabled": true,
                "no_proxy": "localhost,127.0.0.1,10.0.0.0/8,172.16.0.0/12,192.168.0.0/16,.cluster.local",
                "node_labels": {
                    "node-role.kubernetes.io/control-plane": "",
                    "node.kubernetes.io/exclude-from-external-load-balancers": ""
                },
                "node_role": "master",
                "node_type": "control-plane",
                "nodeport_range": "30000-32767",
                "notification_channels": {
                    "email": {
                        "enabled": false,
                        "from_address": "",
                        "smtp_password": "",
                        "smtp_port": 587,
                        "smtp_server": "",
                        "smtp_user": "",
                        "to_addresses": []
                    },
                    "slack": {
                        "channel": "#k8s-upgrades",
                        "enabled": false,
                        "icon_emoji": ":kubernetes:",
                        "username": "Ansible K8s Upgrade Bot",
                        "webhook_url": ""
                    },
                    "teams": {
                        "enabled": false,
                        "webhook_url": ""
                    }
                },
                "notification_email": "",
                "notifications_enabled": false,
                "package_autoclean": true,
                "package_autoremove": true,
                "package_update_cache": true,
                "package_upgrade_system": false,
                "parallel_operations": 5,
                "persistent_volume_reclaim_policy": "Retain",
                "pod_network_cidr": "10.0.0.0/16",
                "pod_security_standards": true,
                "pod_subnet": "10.0.0.0/16",
                "priority": 100,
                "prometheus_enabled": true,
                "psp_enabled": false,
                "rate_limit": 10,
                "rbac_enabled": true,
                "registry_credentials": {},
                "request_timeout": 30,
                "resource_limits_cpu": "500m",
                "resource_limits_memory": "512Mi",
                "resource_requests_cpu": "100m",
                "resource_requests_memory": "128Mi",
                "retry_delay": 5,
                "retry_max_attempts": 3,
                "rollback_health_check_failures": 3,
                "rollback_on_failure": true,
                "rollback_timeout": 600,
                "rollback_verification_enabled": true,
                "rotate_certificates": true,
                "s3_access_key": "",
                "s3_backup_enabled": false,
                "s3_bucket_name": "",
                "s3_bucket_region": "us-east-1",
                "s3_secret_key": "",
                "service_cidr": "10.96.0.0/12",
                "service_subnet": "10.96.0.0/12",
                "simulation_mode": false,
                "skip_validation": false,
                "slack_webhook_url": "",
                "swap_disabled": true,
                "swappiness": 0,
                "sysctl_settings": {
                    "fs.inotify.max_user_instances": 8192,
                    "fs.inotify.max_user_watches": 524288,
                    "kernel.pid_max": 4194304,
                    "net.bridge.bridge-nf-call-ip6tables": 1,
                    "net.bridge.bridge-nf-call-iptables": 1,
                    "net.core.default_qdisc": "fq",
                    "net.ipv4.ip_forward": 1,
                    "net.ipv4.tcp_congestion_control": "bbr",
                    "net.ipv4.tcp_notsent_lowat": 16384,
                    "net.ipv6.conf.all.forwarding": 1
                },
                "tags": {
                    "automation": "kubernetes-upgrade",
                    "cost_center": "homelab",
                    "environment": "production",
                    "managed_by": "ansible",
                    "owner": "admin"
                },
                "upgrade_max_surge": 1,
                "upgrade_max_unavailable": 1,
                "upgrade_strategy": "rolling",
                "upgrade_timeout": 1800,
                "upstream_dns_servers": [
                    "192.168.0.91",
                    "9.9.9.9",
                    "1.1.1.1"
                ],
                "validation_cpu_threshold": 80,
                "validation_disk_threshold": 85,
                "validation_memory_threshold": 80,
                "validation_pod_restart_threshold": 5,
                "verbose_output": false,
                "volume_snapshot_enabled": true
            },
            "k8s02": {
                "admission_controllers": [
                    "NamespaceLifecycle",
                    "LimitRanger",
                    "ServiceAccount",
                    "DefaultStorageClass",
                    "DefaultTolerationSeconds",
                    "MutatingAdmissionWebhook",
                    "ValidatingAdmissionWebhook",
                    "ResourceQuota",
                    "PodSecurity"
                ],
                "alertmanager_enabled": true,
                "ansible_become": true,
                "ansible_become_method": "sudo",
                "ansible_become_user": "root",
                "ansible_host": "192.168.0.51",
                "ansible_hostname": "k8s02",
                "ansible_python_interpreter": "/usr/bin/python3",
                "ansible_ssh_common_args": "-o StrictHostKeyChecking=no -o UserKnownHostsFile=/dev/null",
                "ansible_user": "root",
                "api_server_cert_sans": [
                    "kubernetes",
                    "kubernetes.default",
                    "kubernetes.default.svc",
                    "kubernetes.default.svc.cluster.local",
                    "{{ api_server_vip }}",
                    "127.0.0.1",
                    "localhost"
                ],
                "api_server_port": 6443,
                "api_server_vip": "192.168.0.50",
                "audit_log_dir": "/var/log/kubernetes-audit",
                "audit_logging_enabled": true,
                "backup_compression": true,
                "backup_dir": "/backup/kubernetes",
                "backup_enabled": true,
                "backup_encryption": true,
                "backup_location": "/backup/kubernetes",
                "backup_retention_days": 30,
                "backup_schedule": "0 2 * * *",
                "backup_verification": true,
                "batch_size": 2,
                "certificate_validity_days": 365,
                "cilium_version": "1.16.5",
                "cis_benchmark_version": "1.8.0",
                "cis_compliance_enabled": true,
                "cluster_dns": "10.96.0.10",
                "cluster_dns_domain": "cluster.local",
                "cluster_dns_ip": "10.96.0.10",
                "cluster_environment": "production",
                "cluster_name": "homelab-k8s",
                "cluster_region": "home",
                "cluster_vip": "192.168.0.50",
                "cluster_vip_port": 6443,
                "cluster_zone": "upstairs",
                "cni_plugin": "cilium",
                "compliance_scan_enabled": true,
                "compliance_scan_schedule": "0 3 * * 0",
                "component_health_checks": [
                    "etcd",
                    "kube-apiserver",
                    "kube-controller-manager",
                    "kube-scheduler",
                    "kubelet",
                    "kube-proxy"
                ],
                "connection_pool_size": 100,
                "container_registry": "registry.k8s.io",
                "container_registry_mirror": "",
                "container_runtime": "containerd",
                "containerd_version": "1.7.24",
                "coredns_version": "1.12.0",
                "csi_drivers": [
                    "longhorn"
                ],
                "debug_mode": false,
                "default_storage_class": "longhorn",
                "delete_emptydir_data": true,
                "docker_repo_url": "https://download.docker.com/linux/ubuntu",
                "dr_backup_location": "",
                "dr_enabled": false,
                "dr_replication_enabled": false,
                "dr_site": "",
                "drain_grace_period": 30,
                "drain_timeout": 300,
                "drain_timeout_seconds": 300,
                "dry_run": false,
                "dry_run_mode": false,
                "email_notifications": false,
                "enable_backup": true,
                "enable_monitoring": true,
                "enable_rollback": true,
                "encryption_at_rest": true,
                "etcd_backup_dir": "/backup/etcd",
                "etcd_backup_retention_days": 30,
                "etcd_data_dir": "/var/lib/etcd",
                "etcd_election_timeout": 1000,
                "etcd_heartbeat_interval": 100,
                "etcd_max_snapshots": 5,
                "etcd_max_wals": 5,
                "etcd_member": true,
                "etcd_member_name": "etcd-k8s02",
                "etcd_quota_backend_bytes": 8589934592,
                "etcd_snapshot_count": 10000,
                "etcd_version": "3.5.17",
                "eviction_timeout_seconds": 60,
                "fact_caching": true,
                "fact_caching_timeout": 3600,
                "feature_gates": [
                    "RotateKubeletServerCertificate=true",
                    "ServerSideApply=true",
                    "GracefulNodeShutdown=true",
                    "GracefulNodeShutdownBasedOnPodPriority=true"
                ],
                "force_upgrade": false,
                "gather_facts": true,
                "gather_subset": "all",
                "grafana_enabled": true,
                "health_check_delay": 30,
                "health_check_enabled": true,
                "health_check_interval": 60,
                "health_check_retries": 3,
                "health_check_timeout": 10,
                "http_proxy": "",
                "https_proxy": "",
                "insecure_registries": [],
                "kernel_modules": [
                    "overlay",
                    "br_netfilter",
                    "ip_vs",
                    "ip_vs_rr",
                    "ip_vs_wrr",
                    "ip_vs_sh",
                    "nf_conntrack"
                ],
                "kubeadm_version": "{{ kubernetes_version_target }}-*",
                "kubectl_version": "{{ kubernetes_version_target }}-*",
                "kubelet_version": "{{ kubernetes_version_target }}-*",
                "kubernetes_repo_key": "https://pkgs.k8s.io/core:/stable:/v{{ kubernetes_version_target_short }}/deb/Release.key",
                "kubernetes_repo_url": "https://pkgs.k8s.io/core:/stable:/v{{ kubernetes_version_target_short }}/deb/",
                "kubernetes_version_current": "1.31.10",
                "kubernetes_version_target": "1.32.0",
                "kubernetes_version_target_short": "1.32",
                "log_dir": "/var/log/kubernetes",
                "log_level": "info",
                "log_rotation_count": 10,
                "log_rotation_enabled": true,
                "log_rotation_size": "100M",
                "log_shipping_enabled": false,
                "log_shipping_target": "",
                "maintenance_window_days": [
                    "saturday",
                    "sunday"
                ],
                "maintenance_window_enabled": false,
                "maintenance_window_end": "06:00",
                "maintenance_window_start": "02:00",
                "metrics_server_enabled": true,
                "monitoring_enabled": true,
                "network_interface": "enx*",
                "network_policies_enabled": true,
                "no_proxy": "localhost,127.0.0.1,10.0.0.0/8,172.16.0.0/12,192.168.0.0/16,.cluster.local",
                "node_labels": {
                    "node-role.kubernetes.io/control-plane": "",
                    "node.kubernetes.io/exclude-from-external-load-balancers": ""
                },
                "node_role": "master",
                "node_type": "control-plane",
                "nodeport_range": "30000-32767",
                "notification_channels": {
                    "email": {
                        "enabled": false,
                        "from_address": "",
                        "smtp_password": "",
                        "smtp_port": 587,
                        "smtp_server": "",
                        "smtp_user": "",
                        "to_addresses": []
                    },
                    "slack": {
                        "channel": "#k8s-upgrades",
                        "enabled": false,
                        "icon_emoji": ":kubernetes:",
                        "username": "Ansible K8s Upgrade Bot",
                        "webhook_url": ""
                    },
                    "teams": {
                        "enabled": false,
                        "webhook_url": ""
                    }
                },
                "notification_email": "",
                "notifications_enabled": false,
                "package_autoclean": true,
                "package_autoremove": true,
                "package_update_cache": true,
                "package_upgrade_system": false,
                "parallel_operations": 5,
                "persistent_volume_reclaim_policy": "Retain",
                "pod_network_cidr": "10.0.0.0/16",
                "pod_security_standards": true,
                "pod_subnet": "10.0.0.0/16",
                "priority": 90,
                "prometheus_enabled": true,
                "psp_enabled": false,
                "rate_limit": 10,
                "rbac_enabled": true,
                "registry_credentials": {},
                "request_timeout": 30,
                "resource_limits_cpu": "500m",
                "resource_limits_memory": "512Mi",
                "resource_requests_cpu": "100m",
                "resource_requests_memory": "128Mi",
                "retry_delay": 5,
                "retry_max_attempts": 3,
                "rollback_health_check_failures": 3,
                "rollback_on_failure": true,
                "rollback_timeout": 600,
                "rollback_verification_enabled": true,
                "rotate_certificates": true,
                "s3_access_key": "",
                "s3_backup_enabled": false,
                "s3_bucket_name": "",
                "s3_bucket_region": "us-east-1",
                "s3_secret_key": "",
                "service_cidr": "10.96.0.0/12",
                "service_subnet": "10.96.0.0/12",
                "simulation_mode": false,
                "skip_validation": false,
                "slack_webhook_url": "",
                "swap_disabled": true,
                "swappiness": 0,
                "sysctl_settings": {
                    "fs.inotify.max_user_instances": 8192,
                    "fs.inotify.max_user_watches": 524288,
                    "kernel.pid_max": 4194304,
                    "net.bridge.bridge-nf-call-ip6tables": 1,
                    "net.bridge.bridge-nf-call-iptables": 1,
                    "net.core.default_qdisc": "fq",
                    "net.ipv4.ip_forward": 1,
                    "net.ipv4.tcp_congestion_control": "bbr",
                    "net.ipv4.tcp_notsent_lowat": 16384,
                    "net.ipv6.conf.all.forwarding": 1
                },
                "tags": {
                    "automation": "kubernetes-upgrade",
                    "cost_center": "homelab",
                    "environment": "production",
                    "managed_by": "ansible",
                    "owner": "admin"
                },
                "upgrade_max_surge": 1,
                "upgrade_max_unavailable": 1,
                "upgrade_strategy": "rolling",
                "upgrade_timeout": 1800,
                "upstream_dns_servers": [
                    "192.168.0.91",
                    "9.9.9.9",
                    "1.1.1.1"
                ],
                "validation_cpu_threshold": 80,
                "validation_disk_threshold": 85,
                "validation_memory_threshold": 80,
                "validation_pod_restart_threshold": 5,
                "verbose_output": false,
                "volume_snapshot_enabled": true
            },
            "k8s03": {
                "admission_controllers": [
                    "NamespaceLifecycle",
                    "LimitRanger",
                    "ServiceAccount",
                    "DefaultStorageClass",
                    "DefaultTolerationSeconds",
                    "MutatingAdmissionWebhook",
                    "ValidatingAdmissionWebhook",
                    "ResourceQuota",
                    "PodSecurity"
                ],
                "alertmanager_enabled": true,
                "ansible_become": true,
                "ansible_become_method": "sudo",
                "ansible_become_user": "root",
                "ansible_host": "192.168.0.52",
                "ansible_hostname": "k8s03",
                "ansible_python_interpreter": "/usr/bin/python3",
                "ansible_ssh_common_args": "-o StrictHostKeyChecking=no -o UserKnownHostsFile=/dev/null",
                "ansible_user": "root",
                "api_server_cert_sans": [
                    "kubernetes",
                    "kubernetes.default",
                    "kubernetes.default.svc",
                    "kubernetes.default.svc.cluster.local",
                    "{{ api_server_vip }}",
                    "127.0.0.1",
                    "localhost"
                ],
                "api_server_port": 6443,
                "api_server_vip": "192.168.0.50",
                "audit_log_dir": "/var/log/kubernetes-audit",
                "audit_logging_enabled": true,
                "backup_compression": true,
                "backup_dir": "/backup/kubernetes",
                "backup_enabled": true,
                "backup_encryption": true,
                "backup_location": "/backup/kubernetes",
                "backup_retention_days": 30,
                "backup_schedule": "0 2 * * *",
                "backup_verification": true,
                "batch_size": 2,
                "certificate_validity_days": 365,
                "cilium_version": "1.16.5",
                "cis_benchmark_version": "1.8.0",
                "cis_compliance_enabled": true,
                "cluster_dns": "10.96.0.10",
                "cluster_dns_domain": "cluster.local",
                "cluster_dns_ip": "10.96.0.10",
                "cluster_environment": "production",
                "cluster_name": "homelab-k8s",
                "cluster_region": "home",
                "cluster_vip": "192.168.0.50",
                "cluster_vip_port": 6443,
                "cluster_zone": "upstairs",
                "cni_plugin": "cilium",
                "compliance_scan_enabled": true,
                "compliance_scan_schedule": "0 3 * * 0",
                "component_health_checks": [
                    "etcd",
                    "kube-apiserver",
                    "kube-controller-manager",
                    "kube-scheduler",
                    "kubelet",
                    "kube-proxy"
                ],
                "connection_pool_size": 100,
                "container_registry": "registry.k8s.io",
                "container_registry_mirror": "",
                "container_runtime": "containerd",
                "containerd_version": "1.7.24",
                "coredns_version": "1.12.0",
                "csi_drivers": [
                    "longhorn"
                ],
                "debug_mode": false,
                "default_storage_class": "longhorn",
                "delete_emptydir_data": true,
                "docker_repo_url": "https://download.docker.com/linux/ubuntu",
                "dr_backup_location": "",
                "dr_enabled": false,
                "dr_replication_enabled": false,
                "dr_site": "",
                "drain_grace_period": 30,
                "drain_timeout": 300,
                "drain_timeout_seconds": 300,
                "dry_run": false,
                "dry_run_mode": false,
                "email_notifications": false,
                "enable_backup": true,
                "enable_monitoring": true,
                "enable_rollback": true,
                "encryption_at_rest": true,
                "etcd_backup_dir": "/backup/etcd",
                "etcd_backup_retention_days": 30,
                "etcd_data_dir": "/var/lib/etcd",
                "etcd_election_timeout": 1000,
                "etcd_heartbeat_interval": 100,
                "etcd_max_snapshots": 5,
                "etcd_max_wals": 5,
                "etcd_member": true,
                "etcd_member_name": "etcd-k8s03",
                "etcd_quota_backend_bytes": 8589934592,
                "etcd_snapshot_count": 10000,
                "etcd_version": "3.5.17",
                "eviction_timeout_seconds": 60,
                "fact_caching": true,
                "fact_caching_timeout": 3600,
                "feature_gates": [
                    "RotateKubeletServerCertificate=true",
                    "ServerSideApply=true",
                    "GracefulNodeShutdown=true",
                    "GracefulNodeShutdownBasedOnPodPriority=true"
                ],
                "force_upgrade": false,
                "gather_facts": true,
                "gather_subset": "all",
                "grafana_enabled": true,
                "health_check_delay": 30,
                "health_check_enabled": true,
                "health_check_interval": 60,
                "health_check_retries": 3,
                "health_check_timeout": 10,
                "http_proxy": "",
                "https_proxy": "",
                "insecure_registries": [],
                "kernel_modules": [
                    "overlay",
                    "br_netfilter",
                    "ip_vs",
                    "ip_vs_rr",
                    "ip_vs_wrr",
                    "ip_vs_sh",
                    "nf_conntrack"
                ],
                "kubeadm_version": "{{ kubernetes_version_target }}-*",
                "kubectl_version": "{{ kubernetes_version_target }}-*",
                "kubelet_version": "{{ kubernetes_version_target }}-*",
                "kubernetes_repo_key": "https://pkgs.k8s.io/core:/stable:/v{{ kubernetes_version_target_short }}/deb/Release.key",
                "kubernetes_repo_url": "https://pkgs.k8s.io/core:/stable:/v{{ kubernetes_version_target_short }}/deb/",
                "kubernetes_version_current": "1.31.10",
                "kubernetes_version_target": "1.32.0",
                "kubernetes_version_target_short": "1.32",
                "log_dir": "/var/log/kubernetes",
                "log_level": "info",
                "log_rotation_count": 10,
                "log_rotation_enabled": true,
                "log_rotation_size": "100M",
                "log_shipping_enabled": false,
                "log_shipping_target": "",
                "maintenance_window_days": [
                    "saturday",
                    "sunday"
                ],
                "maintenance_window_enabled": false,
                "maintenance_window_end": "06:00",
                "maintenance_window_start": "02:00",
                "metrics_server_enabled": true,
                "monitoring_enabled": true,
                "network_interface": "enx*",
                "network_policies_enabled": true,
                "no_proxy": "localhost,127.0.0.1,10.0.0.0/8,172.16.0.0/12,192.168.0.0/16,.cluster.local",
                "node_labels": {
                    "node-role.kubernetes.io/control-plane": "",
                    "node.kubernetes.io/exclude-from-external-load-balancers": ""
                },
                "node_role": "master",
                "node_type": "control-plane",
                "nodeport_range": "30000-32767",
                "notification_channels": {
                    "email": {
                        "enabled": false,
                        "from_address": "",
                        "smtp_password": "",
                        "smtp_port": 587,
                        "smtp_server": "",
                        "smtp_user": "",
                        "to_addresses": []
                    },
                    "slack": {
                        "channel": "#k8s-upgrades",
                        "enabled": false,
                        "icon_emoji": ":kubernetes:",
                        "username": "Ansible K8s Upgrade Bot",
                        "webhook_url": ""
                    },
                    "teams": {
                        "enabled": false,
                        "webhook_url": ""
                    }
                },
                "notification_email": "",
                "notifications_enabled": false,
                "package_autoclean": true,
                "package_autoremove": true,
                "package_update_cache": true,
                "package_upgrade_system": false,
                "parallel_operations": 5,
                "persistent_volume_reclaim_policy": "Retain",
                "pod_network_cidr": "10.0.0.0/16",
                "pod_security_standards": true,
                "pod_subnet": "10.0.0.0/16",
                "priority": 80,
                "prometheus_enabled": true,
                "psp_enabled": false,
                "rate_limit": 10,
                "rbac_enabled": true,
                "registry_credentials": {},
                "request_timeout": 30,
                "resource_limits_cpu": "500m",
                "resource_limits_memory": "512Mi",
                "resource_requests_cpu": "100m",
                "resource_requests_memory": "128Mi",
                "retry_delay": 5,
                "retry_max_attempts": 3,
                "rollback_health_check_failures": 3,
                "rollback_on_failure": true,
                "rollback_timeout": 600,
                "rollback_verification_enabled": true,
                "rotate_certificates": true,
                "s3_access_key": "",
                "s3_backup_enabled": false,
                "s3_bucket_name": "",
                "s3_bucket_region": "us-east-1",
                "s3_secret_key": "",
                "service_cidr": "10.96.0.0/12",
                "service_subnet": "10.96.0.0/12",
                "simulation_mode": false,
                "skip_validation": false,
                "slack_webhook_url": "",
                "swap_disabled": true,
                "swappiness": 0,
                "sysctl_settings": {
                    "fs.inotify.max_user_instances": 8192,
                    "fs.inotify.max_user_watches": 524288,
                    "kernel.pid_max": 4194304,
                    "net.bridge.bridge-nf-call-ip6tables": 1,
                    "net.bridge.bridge-nf-call-iptables": 1,
                    "net.core.default_qdisc": "fq",
                    "net.ipv4.ip_forward": 1,
                    "net.ipv4.tcp_congestion_control": "bbr",
                    "net.ipv4.tcp_notsent_lowat": 16384,
                    "net.ipv6.conf.all.forwarding": 1
                },
                "tags": {
                    "automation": "kubernetes-upgrade",
                    "cost_center": "homelab",
                    "environment": "production",
                    "managed_by": "ansible",
                    "owner": "admin"
                },
                "upgrade_max_surge": 1,
                "upgrade_max_unavailable": 1,
                "upgrade_strategy": "rolling",
                "upgrade_timeout": 1800,
                "upstream_dns_servers": [
                    "192.168.0.91",
                    "9.9.9.9",
                    "1.1.1.1"
                ],
                "validation_cpu_threshold": 80,
                "validation_disk_threshold": 85,
                "validation_memory_threshold": 80,
                "validation_pod_restart_threshold": 5,
                "verbose_output": false,
                "volume_snapshot_enabled": true
            },
            "k8s04": {
                "admission_controllers": [
                    "NamespaceLifecycle",
                    "LimitRanger",
                    "ServiceAccount",
                    "DefaultStorageClass",
                    "DefaultTolerationSeconds",
                    "MutatingAdmissionWebhook",
                    "ValidatingAdmissionWebhook",
                    "ResourceQuota",
                    "PodSecurity"
                ],
                "alertmanager_enabled": true,
                "ansible_become": true,
                "ansible_become_method": "sudo",
                "ansible_become_user": "root",
                "ansible_host": "192.168.0.53",
                "ansible_hostname": "k8s04",
                "ansible_python_interpreter": "/usr/bin/python3",
                "ansible_ssh_common_args": "-o StrictHostKeyChecking=no -o UserKnownHostsFile=/dev/null",
                "ansible_user": "root",
                "api_server_cert_sans": [
                    "kubernetes",
                    "kubernetes.default",
                    "kubernetes.default.svc",
                    "kubernetes.default.svc.cluster.local",
                    "{{ api_server_vip }}",
                    "127.0.0.1",
                    "localhost"
                ],
                "api_server_port": 6443,
                "api_server_vip": "192.168.0.50",
                "audit_log_dir": "/var/log/kubernetes-audit",
                "audit_logging_enabled": true,
                "backup_compression": true,
                "backup_dir": "/backup/kubernetes",
                "backup_enabled": true,
                "backup_encryption": true,
                "backup_location": "/backup/kubernetes",
                "backup_retention_days": 30,
                "backup_schedule": "0 2 * * *",
                "backup_verification": true,
                "batch_size": 2,
                "certificate_validity_days": 365,
                "cilium_version": "1.16.5",
                "cis_benchmark_version": "1.8.0",
                "cis_compliance_enabled": true,
                "cluster_dns": "10.96.0.10",
                "cluster_dns_domain": "cluster.local",
                "cluster_dns_ip": "10.96.0.10",
                "cluster_environment": "production",
                "cluster_name": "homelab-k8s",
                "cluster_region": "home",
                "cluster_vip": "192.168.0.50",
                "cluster_vip_port": 6443,
                "cluster_zone": "upstairs",
                "cni_plugin": "cilium",
                "compliance_scan_enabled": true,
                "compliance_scan_schedule": "0 3 * * 0",
                "component_health_checks": [
                    "etcd",
                    "kube-apiserver",
                    "kube-controller-manager",
                    "kube-scheduler",
                    "kubelet",
                    "kube-proxy"
                ],
                "connection_pool_size": 100,
                "container_registry": "registry.k8s.io",
                "container_registry_mirror": "",
                "container_runtime": "containerd",
                "containerd_version": "1.7.24",
                "coredns_version": "1.12.0",
                "csi_drivers": [
                    "longhorn"
                ],
                "debug_mode": false,
                "default_storage_class": "longhorn",
                "delete_emptydir_data": true,
                "docker_repo_url": "https://download.docker.com/linux/ubuntu",
                "dr_backup_location": "",
                "dr_enabled": false,
                "dr_replication_enabled": false,
                "dr_site": "",
                "drain_grace_period": 30,
                "drain_timeout": 300,
                "drain_timeout_seconds": 300,
                "dry_run": false,
                "dry_run_mode": false,
                "email_notifications": false,
                "enable_backup": true,
                "enable_monitoring": true,
                "enable_rollback": true,
                "encryption_at_rest": true,
                "etcd_backup_dir": "/backup/etcd",
                "etcd_backup_retention_days": 30,
                "etcd_data_dir": "/var/lib/etcd",
                "etcd_election_timeout": 1000,
                "etcd_heartbeat_interval": 100,
                "etcd_max_snapshots": 5,
                "etcd_max_wals": 5,
                "etcd_member": false,
                "etcd_quota_backend_bytes": 8589934592,
                "etcd_snapshot_count": 10000,
                "etcd_version": "3.5.17",
                "eviction_timeout_seconds": 60,
                "fact_caching": true,
                "fact_caching_timeout": 3600,
                "feature_gates": [
                    "RotateKubeletServerCertificate=true",
                    "ServerSideApply=true",
                    "GracefulNodeShutdown=true",
                    "GracefulNodeShutdownBasedOnPodPriority=true"
                ],
                "force_upgrade": false,
                "gather_facts": true,
                "gather_subset": "all",
                "grafana_enabled": true,
                "health_check_delay": 30,
                "health_check_enabled": true,
                "health_check_interval": 60,
                "health_check_retries": 3,
                "health_check_timeout": 10,
                "http_proxy": "",
                "https_proxy": "",
                "insecure_registries": [],
                "kernel_modules": [
                    "overlay",
                    "br_netfilter",
                    "ip_vs",
                    "ip_vs_rr",
                    "ip_vs_wrr",
                    "ip_vs_sh",
                    "nf_conntrack"
                ],
                "kubeadm_version": "{{ kubernetes_version_target }}-*",
                "kubectl_version": "{{ kubernetes_version_target }}-*",
                "kubelet_version": "{{ kubernetes_version_target }}-*",
                "kubernetes_repo_key": "https://pkgs.k8s.io/core:/stable:/v{{ kubernetes_version_target_short }}/deb/Release.key",
                "kubernetes_repo_url": "https://pkgs.k8s.io/core:/stable:/v{{ kubernetes_version_target_short }}/deb/",
                "kubernetes_version_current": "1.31.10",
                "kubernetes_version_target": "1.32.0",
                "kubernetes_version_target_short": "1.32",
                "log_dir": "/var/log/kubernetes",
                "log_level": "info",
                "log_rotation_count": 10,
                "log_rotation_enabled": true,
                "log_rotation_size": "100M",
                "log_shipping_enabled": false,
                "log_shipping_target": "",
                "maintenance_window_days": [
                    "saturday",
                    "sunday"
                ],
                "maintenance_window_enabled": false,
                "maintenance_window_end": "06:00",
                "maintenance_window_start": "02:00",
                "metrics_server_enabled": true,
                "monitoring_enabled": true,
                "network_interface": "enx*",
                "network_policies_enabled": true,
                "no_proxy": "localhost,127.0.0.1,10.0.0.0/8,172.16.0.0/12,192.168.0.0/16,.cluster.local",
                "node_labels": {
                    "node-role.kubernetes.io/worker": "",
                    "workload-type": "general"
                },
                "node_role": "worker",
                "node_type": "worker",
                "nodeport_range": "30000-32767",
                "notification_channels": {
                    "email": {
                        "enabled": false,
                        "from_address": "",
                        "smtp_password": "",
                        "smtp_port": 587,
                        "smtp_server": "",
                        "smtp_user": "",
                        "to_addresses": []
                    },
                    "slack": {
                        "channel": "#k8s-upgrades",
                        "enabled": false,
                        "icon_emoji": ":kubernetes:",
                        "username": "Ansible K8s Upgrade Bot",
                        "webhook_url": ""
                    },
                    "teams": {
                        "enabled": false,
                        "webhook_url": ""
                    }
                },
                "notification_email": "",
                "notifications_enabled": false,
                "package_autoclean": true,
                "package_autoremove": true,
                "package_update_cache": true,
                "package_upgrade_system": false,
                "parallel_operations": 5,
                "persistent_volume_reclaim_policy": "Retain",
                "pod_network_cidr": "10.0.0.0/16",
                "pod_security_standards": true,
                "pod_subnet": "10.0.0.0/16",
                "prometheus_enabled": true,
                "psp_enabled": false,
                "rate_limit": 10,
                "rbac_enabled": true,
                "registry_credentials": {},
                "request_timeout": 30,
                "resource_limits_cpu": "500m",
                "resource_limits_memory": "512Mi",
                "resource_requests_cpu": "100m",
                "resource_requests_memory": "128Mi",
                "resources": {
                    "cpu": 4,
                    "memory": 16
                },
                "retry_delay": 5,
                "retry_max_attempts": 3,
                "rollback_health_check_failures": 3,
                "rollback_on_failure": true,
                "rollback_timeout": 600,
                "rollback_verification_enabled": true,
                "rotate_certificates": true,
                "s3_access_key": "",
                "s3_backup_enabled": false,
                "s3_bucket_name": "",
                "s3_bucket_region": "us-east-1",
                "s3_secret_key": "",
                "service_cidr": "10.96.0.0/12",
                "service_subnet": "10.96.0.0/12",
                "simulation_mode": false,
                "skip_validation": false,
                "slack_webhook_url": "",
                "swap_disabled": true,
                "swappiness": 0,
                "sysctl_settings": {
                    "fs.inotify.max_user_instances": 8192,
                    "fs.inotify.max_user_watches": 524288,
                    "kernel.pid_max": 4194304,
                    "net.bridge.bridge-nf-call-ip6tables": 1,
                    "net.bridge.bridge-nf-call-iptables": 1,
                    "net.core.default_qdisc": "fq",
                    "net.ipv4.ip_forward": 1,
                    "net.ipv4.tcp_congestion_control": "bbr",
                    "net.ipv4.tcp_notsent_lowat": 16384,
                    "net.ipv6.conf.all.forwarding": 1
                },
                "tags": {
                    "automation": "kubernetes-upgrade",
                    "cost_center": "homelab",
                    "environment": "production",
                    "managed_by": "ansible",
                    "owner": "admin"
                },
                "upgrade_max_surge": 1,
                "upgrade_max_unavailable": 1,
                "upgrade_strategy": "rolling",
                "upgrade_timeout": 1800,
                "upstream_dns_servers": [
                    "192.168.0.91",
                    "9.9.9.9",
                    "1.1.1.1"
                ],
                "validation_cpu_threshold": 80,
                "validation_disk_threshold": 85,
                "validation_memory_threshold": 80,
                "validation_pod_restart_threshold": 5,
                "verbose_output": false,
                "volume_snapshot_enabled": true,
                "worker_type": "general"
            },
            "k8s05": {
                "admission_controllers": [
                    "NamespaceLifecycle",
                    "LimitRanger",
                    "ServiceAccount",
                    "DefaultStorageClass",
                    "DefaultTolerationSeconds",
                    "MutatingAdmissionWebhook",
                    "ValidatingAdmissionWebhook",
                    "ResourceQuota",
                    "PodSecurity"
                ],
                "alertmanager_enabled": true,
                "ansible_become": true,
                "ansible_become_method": "sudo",
                "ansible_become_user": "root",
                "ansible_host": "192.168.0.54",
                "ansible_hostname": "k8s05",
                "ansible_python_interpreter": "/usr/bin/python3",
                "ansible_ssh_common_args": "-o StrictHostKeyChecking=no -o UserKnownHostsFile=/dev/null",
                "ansible_user": "root",
                "api_server_cert_sans": [
                    "kubernetes",
                    "kubernetes.default",
                    "kubernetes.default.svc",
                    "kubernetes.default.svc.cluster.local",
                    "{{ api_server_vip }}",
                    "127.0.0.1",
                    "localhost"
                ],
                "api_server_port": 6443,
                "api_server_vip": "192.168.0.50",
                "audit_log_dir": "/var/log/kubernetes-audit",
                "audit_logging_enabled": true,
                "backup_compression": true,
                "backup_dir": "/backup/kubernetes",
                "backup_enabled": true,
                "backup_encryption": true,
                "backup_location": "/backup/kubernetes",
                "backup_retention_days": 30,
                "backup_schedule": "0 2 * * *",
                "backup_verification": true,
                "batch_size": 2,
                "certificate_validity_days": 365,
                "cilium_version": "1.16.5",
                "cis_benchmark_version": "1.8.0",
                "cis_compliance_enabled": true,
                "cluster_dns": "10.96.0.10",
                "cluster_dns_domain": "cluster.local",
                "cluster_dns_ip": "10.96.0.10",
                "cluster_environment": "production",
                "cluster_name": "homelab-k8s",
                "cluster_region": "home",
                "cluster_vip": "192.168.0.50",
                "cluster_vip_port": 6443,
                "cluster_zone": "upstairs",
                "cni_plugin": "cilium",
                "compliance_scan_enabled": true,
                "compliance_scan_schedule": "0 3 * * 0",
                "component_health_checks": [
                    "etcd",
                    "kube-apiserver",
                    "kube-controller-manager",
                    "kube-scheduler",
                    "kubelet",
                    "kube-proxy"
                ],
                "connection_pool_size": 100,
                "container_registry": "registry.k8s.io",
                "container_registry_mirror": "",
                "container_runtime": "containerd",
                "containerd_version": "1.7.24",
                "coredns_version": "1.12.0",
                "csi_drivers": [
                    "longhorn"
                ],
                "debug_mode": false,
                "default_storage_class": "longhorn",
                "delete_emptydir_data": true,
                "docker_repo_url": "https://download.docker.com/linux/ubuntu",
                "dr_backup_location": "",
                "dr_enabled": false,
                "dr_replication_enabled": false,
                "dr_site": "",
                "drain_grace_period": 30,
                "drain_timeout": 300,
                "drain_timeout_seconds": 300,
                "dry_run": false,
                "dry_run_mode": false,
                "email_notifications": false,
                "enable_backup": true,
                "enable_monitoring": true,
                "enable_rollback": true,
                "encryption_at_rest": true,
                "etcd_backup_dir": "/backup/etcd",
                "etcd_backup_retention_days": 30,
                "etcd_data_dir": "/var/lib/etcd",
                "etcd_election_timeout": 1000,
                "etcd_heartbeat_interval": 100,
                "etcd_max_snapshots": 5,
                "etcd_max_wals": 5,
                "etcd_member": false,
                "etcd_quota_backend_bytes": 8589934592,
                "etcd_snapshot_count": 10000,
                "etcd_version": "3.5.17",
                "eviction_timeout_seconds": 60,
                "fact_caching": true,
                "fact_caching_timeout": 3600,
                "feature_gates": [
                    "RotateKubeletServerCertificate=true",
                    "ServerSideApply=true",
                    "GracefulNodeShutdown=true",
                    "GracefulNodeShutdownBasedOnPodPriority=true"
                ],
                "force_upgrade": false,
                "gather_facts": true,
                "gather_subset": "all",
                "grafana_enabled": true,
                "health_check_delay": 30,
                "health_check_enabled": true,
                "health_check_interval": 60,
                "health_check_retries": 3,
                "health_check_timeout": 10,
                "http_proxy": "",
                "https_proxy": "",
                "insecure_registries": [],
                "kernel_modules": [
                    "overlay",
                    "br_netfilter",
                    "ip_vs",
                    "ip_vs_rr",
                    "ip_vs_wrr",
                    "ip_vs_sh",
                    "nf_conntrack"
                ],
                "kubeadm_version": "{{ kubernetes_version_target }}-*",
                "kubectl_version": "{{ kubernetes_version_target }}-*",
                "kubelet_version": "{{ kubernetes_version_target }}-*",
                "kubernetes_repo_key": "https://pkgs.k8s.io/core:/stable:/v{{ kubernetes_version_target_short }}/deb/Release.key",
                "kubernetes_repo_url": "https://pkgs.k8s.io/core:/stable:/v{{ kubernetes_version_target_short }}/deb/",
                "kubernetes_version_current": "1.31.10",
                "kubernetes_version_target": "1.32.0",
                "kubernetes_version_target_short": "1.32",
                "log_dir": "/var/log/kubernetes",
                "log_level": "info",
                "log_rotation_count": 10,
                "log_rotation_enabled": true,
                "log_rotation_size": "100M",
                "log_shipping_enabled": false,
                "log_shipping_target": "",
                "maintenance_window_days": [
                    "saturday",
                    "sunday"
                ],
                "maintenance_window_enabled": false,
                "maintenance_window_end": "06:00",
                "maintenance_window_start": "02:00",
                "metrics_server_enabled": true,
                "monitoring_enabled": true,
                "network_interface": "enx*",
                "network_policies_enabled": true,
                "no_proxy": "localhost,127.0.0.1,10.0.0.0/8,172.16.0.0/12,192.168.0.0/16,.cluster.local",
                "node_labels": {
                    "node-role.kubernetes.io/worker": "",
                    "workload-type": "general"
                },
                "node_role": "worker",
                "node_type": "worker",
                "nodeport_range": "30000-32767",
                "notification_channels": {
                    "email": {
                        "enabled": false,
                        "from_address": "",
                        "smtp_password": "",
                        "smtp_port": 587,
                        "smtp_server": "",
                        "smtp_user": "",
                        "to_addresses": []
                    },
                    "slack": {
                        "channel": "#k8s-upgrades",
                        "enabled": false,
                        "icon_emoji": ":kubernetes:",
                        "username": "Ansible K8s Upgrade Bot",
                        "webhook_url": ""
                    },
                    "teams": {
                        "enabled": false,
                        "webhook_url": ""
                    }
                },
                "notification_email": "",
                "notifications_enabled": false,
                "package_autoclean": true,
                "package_autoremove": true,
                "package_update_cache": true,
                "package_upgrade_system": false,
                "parallel_operations": 5,
                "persistent_volume_reclaim_policy": "Retain",
                "pod_network_cidr": "10.0.0.0/16",
                "pod_security_standards": true,
                "pod_subnet": "10.0.0.0/16",
                "prometheus_enabled": true,
                "psp_enabled": false,
                "rate_limit": 10,
                "rbac_enabled": true,
                "registry_credentials": {},
                "request_timeout": 30,
                "resource_limits_cpu": "500m",
                "resource_limits_memory": "512Mi",
                "resource_requests_cpu": "100m",
                "resource_requests_memory": "128Mi",
                "resources": {
                    "cpu": 4,
                    "memory": 16
                },
                "retry_delay": 5,
                "retry_max_attempts": 3,
                "rollback_health_check_failures": 3,
                "rollback_on_failure": true,
                "rollback_timeout": 600,
                "rollback_verification_enabled": true,
                "rotate_certificates": true,
                "s3_access_key": "",
                "s3_backup_enabled": false,
                "s3_bucket_name": "",
                "s3_bucket_region": "us-east-1",
                "s3_secret_key": "",
                "service_cidr": "10.96.0.0/12",
                "service_subnet": "10.96.0.0/12",
                "simulation_mode": false,
                "skip_validation": false,
                "slack_webhook_url": "",
                "swap_disabled": true,
                "swappiness": 0,
                "sysctl_settings": {
                    "fs.inotify.max_user_instances": 8192,
                    "fs.inotify.max_user_watches": 524288,
                    "kernel.pid_max": 4194304,
                    "net.bridge.bridge-nf-call-ip6tables": 1,
                    "net.bridge.bridge-nf-call-iptables": 1,
                    "net.core.default_qdisc": "fq",
                    "net.ipv4.ip_forward": 1,
                    "net.ipv4.tcp_congestion_control": "bbr",
                    "net.ipv4.tcp_notsent_lowat": 16384,
                    "net.ipv6.conf.all.forwarding": 1
                },
                "tags": {
                    "automation": "kubernetes-upgrade",
                    "cost_center": "homelab",
                    "environment": "production",
                    "managed_by": "ansible",
                    "owner": "admin"
                },
                "upgrade_max_surge": 1,
                "upgrade_max_unavailable": 1,
                "upgrade_strategy": "rolling",
                "upgrade_timeout": 1800,
                "upstream_dns_servers": [
                    "192.168.0.91",
                    "9.9.9.9",
                    "1.1.1.1"
                ],
                "validation_cpu_threshold": 80,
                "validation_disk_threshold": 85,
                "validation_memory_threshold": 80,
                "validation_pod_restart_threshold": 5,
                "verbose_output": false,
                "volume_snapshot_enabled": true,
                "worker_type": "general"
            },
            "k8s06": {
                "admission_controllers": [
                    "NamespaceLifecycle",
                    "LimitRanger",
                    "ServiceAccount",
                    "DefaultStorageClass",
                    "DefaultTolerationSeconds",
                    "MutatingAdmissionWebhook",
                    "ValidatingAdmissionWebhook",
                    "ResourceQuota",
                    "PodSecurity"
                ],
                "alertmanager_enabled": true,
                "ansible_become": true,
                "ansible_become_method": "sudo",
                "ansible_become_user": "root",
                "ansible_host": "192.168.0.55",
                "ansible_hostname": "k8s06",
                "ansible_python_interpreter": "/usr/bin/python3",
                "ansible_ssh_common_args": "-o StrictHostKeyChecking=no -o UserKnownHostsFile=/dev/null",
                "ansible_user": "root",
                "api_server_cert_sans": [
                    "kubernetes",
                    "kubernetes.default",
                    "kubernetes.default.svc",
                    "kubernetes.default.svc.cluster.local",
                    "{{ api_server_vip }}",
                    "127.0.0.1",
                    "localhost"
                ],
                "api_server_port": 6443,
                "api_server_vip": "192.168.0.50",
                "audit_log_dir": "/var/log/kubernetes-audit",
                "audit_logging_enabled": true,
                "backup_compression": true,
                "backup_dir": "/backup/kubernetes",
                "backup_enabled": true,
                "backup_encryption": true,
                "backup_location": "/backup/kubernetes",
                "backup_retention_days": 30,
                "backup_schedule": "0 2 * * *",
                "backup_verification": true,
                "batch_size": 2,
                "certificate_validity_days": 365,
                "cilium_version": "1.16.5",
                "cis_benchmark_version": "1.8.0",
                "cis_compliance_enabled": true,
                "cluster_dns": "10.96.0.10",
                "cluster_dns_domain": "cluster.local",
                "cluster_dns_ip": "10.96.0.10",
                "cluster_environment": "production",
                "cluster_name": "homelab-k8s",
                "cluster_region": "home",
                "cluster_vip": "192.168.0.50",
                "cluster_vip_port": 6443,
                "cluster_zone": "upstairs",
                "cni_plugin": "cilium",
                "compliance_scan_enabled": true,
                "compliance_scan_schedule": "0 3 * * 0",
                "component_health_checks": [
                    "etcd",
                    "kube-apiserver",
                    "kube-controller-manager",
                    "kube-scheduler",
                    "kubelet",
                    "kube-proxy"
                ],
                "connection_pool_size": 100,
                "container_registry": "registry.k8s.io",
                "container_registry_mirror": "",
                "container_runtime": "containerd",
                "containerd_version": "1.7.24",
                "coredns_version": "1.12.0",
                "csi_drivers": [
                    "longhorn"
                ],
                "debug_mode": false,
                "default_storage_class": "longhorn",
                "delete_emptydir_data": true,
                "docker_repo_url": "https://download.docker.com/linux/ubuntu",
                "dr_backup_location": "",
                "dr_enabled": false,
                "dr_replication_enabled": false,
                "dr_site": "",
                "drain_grace_period": 30,
                "drain_timeout": 300,
                "drain_timeout_seconds": 300,
                "dry_run": false,
                "dry_run_mode": false,
                "email_notifications": false,
                "enable_backup": true,
                "enable_monitoring": true,
                "enable_rollback": true,
                "encryption_at_rest": true,
                "etcd_backup_dir": "/backup/etcd",
                "etcd_backup_retention_days": 30,
                "etcd_data_dir": "/var/lib/etcd",
                "etcd_election_timeout": 1000,
                "etcd_heartbeat_interval": 100,
                "etcd_max_snapshots": 5,
                "etcd_max_wals": 5,
                "etcd_member": false,
                "etcd_quota_backend_bytes": 8589934592,
                "etcd_snapshot_count": 10000,
                "etcd_version": "3.5.17",
                "eviction_timeout_seconds": 60,
                "fact_caching": true,
                "fact_caching_timeout": 3600,
                "feature_gates": [
                    "RotateKubeletServerCertificate=true",
                    "ServerSideApply=true",
                    "GracefulNodeShutdown=true",
                    "GracefulNodeShutdownBasedOnPodPriority=true"
                ],
                "force_upgrade": false,
                "gather_facts": true,
                "gather_subset": "all",
                "grafana_enabled": true,
                "health_check_delay": 30,
                "health_check_enabled": true,
                "health_check_interval": 60,
                "health_check_retries": 3,
                "health_check_timeout": 10,
                "http_proxy": "",
                "https_proxy": "",
                "insecure_registries": [],
                "kernel_modules": [
                    "overlay",
                    "br_netfilter",
                    "ip_vs",
                    "ip_vs_rr",
                    "ip_vs_wrr",
                    "ip_vs_sh",
                    "nf_conntrack"
                ],
                "kubeadm_version": "{{ kubernetes_version_target }}-*",
                "kubectl_version": "{{ kubernetes_version_target }}-*",
                "kubelet_version": "{{ kubernetes_version_target }}-*",
                "kubernetes_repo_key": "https://pkgs.k8s.io/core:/stable:/v{{ kubernetes_version_target_short }}/deb/Release.key",
                "kubernetes_repo_url": "https://pkgs.k8s.io/core:/stable:/v{{ kubernetes_version_target_short }}/deb/",
                "kubernetes_version_current": "1.31.10",
                "kubernetes_version_target": "1.32.0",
                "kubernetes_version_target_short": "1.32",
                "log_dir": "/var/log/kubernetes",
                "log_level": "info",
                "log_rotation_count": 10,
                "log_rotation_enabled": true,
                "log_rotation_size": "100M",
                "log_shipping_enabled": false,
                "log_shipping_target": "",
                "maintenance_window_days": [
                    "saturday",
                    "sunday"
                ],
                "maintenance_window_enabled": false,
                "maintenance_window_end": "06:00",
                "maintenance_window_start": "02:00",
                "metrics_server_enabled": true,
                "monitoring_enabled": true,
                "network_interface": "enx*",
                "network_policies_enabled": true,
                "no_proxy": "localhost,127.0.0.1,10.0.0.0/8,172.16.0.0/12,192.168.0.0/16,.cluster.local",
                "node_labels": {
                    "node-role.kubernetes.io/worker": "",
                    "workload-type": "general"
                },
                "node_role": "worker",
                "node_type": "worker",
                "nodeport_range": "30000-32767",
                "notification_channels": {
                    "email": {
                        "enabled": false,
                        "from_address": "",
                        "smtp_password": "",
                        "smtp_port": 587,
                        "smtp_server": "",
                        "smtp_user": "",
                        "to_addresses": []
                    },
                    "slack": {
                        "channel": "#k8s-upgrades",
                        "enabled": false,
                        "icon_emoji": ":kubernetes:",
                        "username": "Ansible K8s Upgrade Bot",
                        "webhook_url": ""
                    },
                    "teams": {
                        "enabled": false,
                        "webhook_url": ""
                    }
                },
                "notification_email": "",
                "notifications_enabled": false,
                "package_autoclean": true,
                "package_autoremove": true,
                "package_update_cache": true,
                "package_upgrade_system": false,
                "parallel_operations": 5,
                "persistent_volume_reclaim_policy": "Retain",
                "pod_network_cidr": "10.0.0.0/16",
                "pod_security_standards": true,
                "pod_subnet": "10.0.0.0/16",
                "prometheus_enabled": true,
                "psp_enabled": false,
                "rate_limit": 10,
                "rbac_enabled": true,
                "registry_credentials": {},
                "request_timeout": 30,
                "resource_limits_cpu": "500m",
                "resource_limits_memory": "512Mi",
                "resource_requests_cpu": "100m",
                "resource_requests_memory": "128Mi",
                "resources": {
                    "cpu": 4,
                    "memory": 8
                },
                "retry_delay": 5,
                "retry_max_attempts": 3,
                "rollback_health_check_failures": 3,
                "rollback_on_failure": true,
                "rollback_timeout": 600,
                "rollback_verification_enabled": true,
                "rotate_certificates": true,
                "s3_access_key": "",
                "s3_backup_enabled": false,
                "s3_bucket_name": "",
                "s3_bucket_region": "us-east-1",
                "s3_secret_key": "",
                "service_cidr": "10.96.0.0/12",
                "service_subnet": "10.96.0.0/12",
                "simulation_mode": false,
                "skip_validation": false,
                "slack_webhook_url": "",
                "swap_disabled": true,
                "swappiness": 0,
                "sysctl_settings": {
                    "fs.inotify.max_user_instances": 8192,
                    "fs.inotify.max_user_watches": 524288,
                    "kernel.pid_max": 4194304,
                    "net.bridge.bridge-nf-call-ip6tables": 1,
                    "net.bridge.bridge-nf-call-iptables": 1,
                    "net.core.default_qdisc": "fq",
                    "net.ipv4.ip_forward": 1,
                    "net.ipv4.tcp_congestion_control": "bbr",
                    "net.ipv4.tcp_notsent_lowat": 16384,
                    "net.ipv6.conf.all.forwarding": 1
                },
                "tags": {
                    "automation": "kubernetes-upgrade",
                    "cost_center": "homelab",
                    "environment": "production",
                    "managed_by": "ansible",
                    "owner": "admin"
                },
                "upgrade_max_surge": 1,
                "upgrade_max_unavailable": 1,
                "upgrade_strategy": "rolling",
                "upgrade_timeout": 1800,
                "upstream_dns_servers": [
                    "192.168.0.91",
                    "9.9.9.9",
                    "1.1.1.1"
                ],
                "validation_cpu_threshold": 80,
                "validation_disk_threshold": 85,
                "validation_memory_threshold": 80,
                "validation_pod_restart_threshold": 5,
                "verbose_output": false,
                "volume_snapshot_enabled": true,
                "worker_type": "general"
            },
            "k8s07": {
                "admission_controllers": [
                    "NamespaceLifecycle",
                    "LimitRanger",
                    "ServiceAccount",
                    "DefaultStorageClass",
                    "DefaultTolerationSeconds",
                    "MutatingAdmissionWebhook",
                    "ValidatingAdmissionWebhook",
                    "ResourceQuota",
                    "PodSecurity"
                ],
                "alertmanager_enabled": true,
                "ansible_become": true,
                "ansible_become_method": "sudo",
                "ansible_become_user": "root",
                "ansible_host": "192.168.0.56",
                "ansible_hostname": "k8s07",
                "ansible_python_interpreter": "/usr/bin/python3",
                "ansible_ssh_common_args": "-o StrictHostKeyChecking=no -o UserKnownHostsFile=/dev/null",
                "ansible_user": "root",
                "api_server_cert_sans": [
                    "kubernetes",
                    "kubernetes.default",
                    "kubernetes.default.svc",
                    "kubernetes.default.svc.cluster.local",
                    "{{ api_server_vip }}",
                    "127.0.0.1",
                    "localhost"
                ],
                "api_server_port": 6443,
                "api_server_vip": "192.168.0.50",
                "audit_log_dir": "/var/log/kubernetes-audit",
                "audit_logging_enabled": true,
                "backup_compression": true,
                "backup_dir": "/backup/kubernetes",
                "backup_enabled": true,
                "backup_encryption": true,
                "backup_location": "/backup/kubernetes",
                "backup_retention_days": 30,
                "backup_schedule": "0 2 * * *",
                "backup_verification": true,
                "batch_size": 2,
                "certificate_validity_days": 365,
                "cilium_version": "1.16.5",
                "cis_benchmark_version": "1.8.0",
                "cis_compliance_enabled": true,
                "cluster_dns": "10.96.0.10",
                "cluster_dns_domain": "cluster.local",
                "cluster_dns_ip": "10.96.0.10",
                "cluster_environment": "production",
                "cluster_name": "homelab-k8s",
                "cluster_region": "home",
                "cluster_vip": "192.168.0.50",
                "cluster_vip_port": 6443,
                "cluster_zone": "upstairs",
                "cni_plugin": "cilium",
                "compliance_scan_enabled": true,
                "compliance_scan_schedule": "0 3 * * 0",
                "component_health_checks": [
                    "etcd",
                    "kube-apiserver",
                    "kube-controller-manager",
                    "kube-scheduler",
                    "kubelet",
                    "kube-proxy"
                ],
                "connection_pool_size": 100,
                "container_registry": "registry.k8s.io",
                "container_registry_mirror": "",
                "container_runtime": "containerd",
                "containerd_version": "1.7.24",
                "coredns_version": "1.12.0",
                "csi_drivers": [
                    "longhorn"
                ],
                "debug_mode": false,
                "default_storage_class": "longhorn",
                "delete_emptydir_data": true,
                "docker_repo_url": "https://download.docker.com/linux/ubuntu",
                "dr_backup_location": "",
                "dr_enabled": false,
                "dr_replication_enabled": false,
                "dr_site": "",
                "drain_grace_period": 30,
                "drain_timeout": 300,
                "drain_timeout_seconds": 300,
                "dry_run": false,
                "dry_run_mode": false,
                "email_notifications": false,
                "enable_backup": true,
                "enable_monitoring": true,
                "enable_rollback": true,
                "encryption_at_rest": true,
                "etcd_backup_dir": "/backup/etcd",
                "etcd_backup_retention_days": 30,
                "etcd_data_dir": "/var/lib/etcd",
                "etcd_election_timeout": 1000,
                "etcd_heartbeat_interval": 100,
                "etcd_max_snapshots": 5,
                "etcd_max_wals": 5,
                "etcd_member": false,
                "etcd_quota_backend_bytes": 8589934592,
                "etcd_snapshot_count": 10000,
                "etcd_version": "3.5.17",
                "eviction_timeout_seconds": 60,
                "fact_caching": true,
                "fact_caching_timeout": 3600,
                "feature_gates": [
                    "RotateKubeletServerCertificate=true",
                    "ServerSideApply=true",
                    "GracefulNodeShutdown=true",
                    "GracefulNodeShutdownBasedOnPodPriority=true"
                ],
                "force_upgrade": false,
                "gather_facts": true,
                "gather_subset": "all",
                "grafana_enabled": true,
                "health_check_delay": 30,
                "health_check_enabled": true,
                "health_check_interval": 60,
                "health_check_retries": 3,
                "health_check_timeout": 10,
                "http_proxy": "",
                "https_proxy": "",
                "insecure_registries": [],
                "kernel_modules": [
                    "overlay",
                    "br_netfilter",
                    "ip_vs",
                    "ip_vs_rr",
                    "ip_vs_wrr",
                    "ip_vs_sh",
                    "nf_conntrack"
                ],
                "kubeadm_version": "{{ kubernetes_version_target }}-*",
                "kubectl_version": "{{ kubernetes_version_target }}-*",
                "kubelet_version": "{{ kubernetes_version_target }}-*",
                "kubernetes_repo_key": "https://pkgs.k8s.io/core:/stable:/v{{ kubernetes_version_target_short }}/deb/Release.key",
                "kubernetes_repo_url": "https://pkgs.k8s.io/core:/stable:/v{{ kubernetes_version_target_short }}/deb/",
                "kubernetes_version_current": "1.31.10",
                "kubernetes_version_target": "1.32.0",
                "kubernetes_version_target_short": "1.32",
                "log_dir": "/var/log/kubernetes",
                "log_level": "info",
                "log_rotation_count": 10,
                "log_rotation_enabled": true,
                "log_rotation_size": "100M",
                "log_shipping_enabled": false,
                "log_shipping_target": "",
                "maintenance_window_days": [
                    "saturday",
                    "sunday"
                ],
                "maintenance_window_enabled": false,
                "maintenance_window_end": "06:00",
                "maintenance_window_start": "02:00",
                "metrics_server_enabled": true,
                "monitoring_enabled": true,
                "network_interface": "enx*",
                "network_policies_enabled": true,
                "no_proxy": "localhost,127.0.0.1,10.0.0.0/8,172.16.0.0/12,192.168.0.0/16,.cluster.local",
                "node_labels": {
                    "gpu": "false",
                    "node-role.kubernetes.io/worker": "",
                    "workload-type": "compute"
                },
                "node_role": "worker",
                "node_type": "worker",
                "nodeport_range": "30000-32767",
                "notification_channels": {
                    "email": {
                        "enabled": false,
                        "from_address": "",
                        "smtp_password": "",
                        "smtp_port": 587,
                        "smtp_server": "",
                        "smtp_user": "",
                        "to_addresses": []
                    },
                    "slack": {
                        "channel": "#k8s-upgrades",
                        "enabled": false,
                        "icon_emoji": ":kubernetes:",
                        "username": "Ansible K8s Upgrade Bot",
                        "webhook_url": ""
                    },
                    "teams": {
                        "enabled": false,
                        "webhook_url": ""
                    }
                },
                "notification_email": "",
                "notifications_enabled": false,
                "package_autoclean": true,
                "package_autoremove": true,
                "package_update_cache": true,
                "package_upgrade_system": false,
                "parallel_operations": 5,
                "persistent_volume_reclaim_policy": "Retain",
                "pod_network_cidr": "10.0.0.0/16",
                "pod_security_standards": true,
                "pod_subnet": "10.0.0.0/16",
                "prometheus_enabled": true,
                "psp_enabled": false,
                "rate_limit": 10,
                "rbac_enabled": true,
                "registry_credentials": {},
                "request_timeout": 30,
                "resource_limits_cpu": "500m",
                "resource_limits_memory": "512Mi",
                "resource_requests_cpu": "100m",
                "resource_requests_memory": "128Mi",
                "resources": {
                    "cpu": 8,
                    "memory": 16
                },
                "retry_delay": 5,
                "retry_max_attempts": 3,
                "rollback_health_check_failures": 3,
                "rollback_on_failure": true,
                "rollback_timeout": 600,
                "rollback_verification_enabled": true,
                "rotate_certificates": true,
                "s3_access_key": "",
                "s3_backup_enabled": false,
                "s3_bucket_name": "",
                "s3_bucket_region": "us-east-1",
                "s3_secret_key": "",
                "service_cidr": "10.96.0.0/12",
                "service_subnet": "10.96.0.0/12",
                "simulation_mode": false,
                "skip_validation": false,
                "slack_webhook_url": "",
                "swap_disabled": true,
                "swappiness": 0,
                "sysctl_settings": {
                    "fs.inotify.max_user_instances": 8192,
                    "fs.inotify.max_user_watches": 524288,
                    "kernel.pid_max": 4194304,
                    "net.bridge.bridge-nf-call-ip6tables": 1,
                    "net.bridge.bridge-nf-call-iptables": 1,
                    "net.core.default_qdisc": "fq",
                    "net.ipv4.ip_forward": 1,
                    "net.ipv4.tcp_congestion_control": "bbr",
                    "net.ipv4.tcp_notsent_lowat": 16384,
                    "net.ipv6.conf.all.forwarding": 1
                },
                "tags": {
                    "automation": "kubernetes-upgrade",
                    "cost_center": "homelab",
                    "environment": "production",
                    "managed_by": "ansible",
                    "owner": "admin"
                },
                "upgrade_max_surge": 1,
                "upgrade_max_unavailable": 1,
                "upgrade_strategy": "rolling",
                "upgrade_timeout": 1800,
                "upstream_dns_servers": [
                    "192.168.0.91",
                    "9.9.9.9",
                    "1.1.1.1"
                ],
                "validation_cpu_threshold": 80,
                "validation_disk_threshold": 85,
                "validation_memory_threshold": 80,
                "validation_pod_restart_threshold": 5,
                "verbose_output": false,
                "volume_snapshot_enabled": true,
                "worker_type": "compute"
            },
            "k8s08": {
                "admission_controllers": [
                    "NamespaceLifecycle",
                    "LimitRanger",
                    "ServiceAccount",
                    "DefaultStorageClass",
                    "DefaultTolerationSeconds",
                    "MutatingAdmissionWebhook",
                    "ValidatingAdmissionWebhook",
                    "ResourceQuota",
                    "PodSecurity"
                ],
                "alertmanager_enabled": true,
                "ansible_become": true,
                "ansible_become_method": "sudo",
                "ansible_become_user": "root",
                "ansible_host": "192.168.0.57",
                "ansible_hostname": "k8s08",
                "ansible_python_interpreter": "/usr/bin/python3",
                "ansible_ssh_common_args": "-o StrictHostKeyChecking=no -o UserKnownHostsFile=/dev/null",
                "ansible_user": "root",
                "api_server_cert_sans": [
                    "kubernetes",
                    "kubernetes.default",
                    "kubernetes.default.svc",
                    "kubernetes.default.svc.cluster.local",
                    "{{ api_server_vip }}",
                    "127.0.0.1",
                    "localhost"
                ],
                "api_server_port": 6443,
                "api_server_vip": "192.168.0.50",
                "audit_log_dir": "/var/log/kubernetes-audit",
                "audit_logging_enabled": true,
                "backup_compression": true,
                "backup_dir": "/backup/kubernetes",
                "backup_enabled": true,
                "backup_encryption": true,
                "backup_location": "/backup/kubernetes",
                "backup_retention_days": 30,
                "backup_schedule": "0 2 * * *",
                "backup_verification": true,
                "batch_size": 2,
                "certificate_validity_days": 365,
                "cilium_version": "1.16.5",
                "cis_benchmark_version": "1.8.0",
                "cis_compliance_enabled": true,
                "cluster_dns": "10.96.0.10",
                "cluster_dns_domain": "cluster.local",
                "cluster_dns_ip": "10.96.0.10",
                "cluster_environment": "production",
                "cluster_name": "homelab-k8s",
                "cluster_region": "home",
                "cluster_vip": "192.168.0.50",
                "cluster_vip_port": 6443,
                "cluster_zone": "upstairs",
                "cni_plugin": "cilium",
                "compliance_scan_enabled": true,
                "compliance_scan_schedule": "0 3 * * 0",
                "component_health_checks": [
                    "etcd",
                    "kube-apiserver",
                    "kube-controller-manager",
                    "kube-scheduler",
                    "kubelet",
                    "kube-proxy"
                ],
                "connection_pool_size": 100,
                "container_registry": "registry.k8s.io",
                "container_registry_mirror": "",
                "container_runtime": "containerd",
                "containerd_version": "1.7.24",
                "coredns_version": "1.12.0",
                "csi_drivers": [
                    "longhorn"
                ],
                "debug_mode": false,
                "default_storage_class": "longhorn",
                "delete_emptydir_data": true,
                "docker_repo_url": "https://download.docker.com/linux/ubuntu",
                "dr_backup_location": "",
                "dr_enabled": false,
                "dr_replication_enabled": false,
                "dr_site": "",
                "drain_grace_period": 30,
                "drain_timeout": 300,
                "drain_timeout_seconds": 300,
                "dry_run": false,
                "dry_run_mode": false,
                "email_notifications": false,
                "enable_backup": true,
                "enable_monitoring": true,
                "enable_rollback": true,
                "encryption_at_rest": true,
                "etcd_backup_dir": "/backup/etcd",
                "etcd_backup_retention_days": 30,
                "etcd_data_dir": "/var/lib/etcd",
                "etcd_election_timeout": 1000,
                "etcd_heartbeat_interval": 100,
                "etcd_max_snapshots": 5,
                "etcd_max_wals": 5,
                "etcd_member": false,
                "etcd_quota_backend_bytes": 8589934592,
                "etcd_snapshot_count": 10000,
                "etcd_version": "3.5.17",
                "eviction_timeout_seconds": 60,
                "fact_caching": true,
                "fact_caching_timeout": 3600,
                "feature_gates": [
                    "RotateKubeletServerCertificate=true",
                    "ServerSideApply=true",
                    "GracefulNodeShutdown=true",
                    "GracefulNodeShutdownBasedOnPodPriority=true"
                ],
                "force_upgrade": false,
                "gather_facts": true,
                "gather_subset": "all",
                "grafana_enabled": true,
                "health_check_delay": 30,
                "health_check_enabled": true,
                "health_check_interval": 60,
                "health_check_retries": 3,
                "health_check_timeout": 10,
                "http_proxy": "",
                "https_proxy": "",
                "insecure_registries": [],
                "kernel_modules": [
                    "overlay",
                    "br_netfilter",
                    "ip_vs",
                    "ip_vs_rr",
                    "ip_vs_wrr",
                    "ip_vs_sh",
                    "nf_conntrack"
                ],
                "kubeadm_version": "{{ kubernetes_version_target }}-*",
                "kubectl_version": "{{ kubernetes_version_target }}-*",
                "kubelet_version": "{{ kubernetes_version_target }}-*",
                "kubernetes_repo_key": "https://pkgs.k8s.io/core:/stable:/v{{ kubernetes_version_target_short }}/deb/Release.key",
                "kubernetes_repo_url": "https://pkgs.k8s.io/core:/stable:/v{{ kubernetes_version_target_short }}/deb/",
                "kubernetes_version_current": "1.31.10",
                "kubernetes_version_target": "1.32.0",
                "kubernetes_version_target_short": "1.32",
                "log_dir": "/var/log/kubernetes",
                "log_level": "info",
                "log_rotation_count": 10,
                "log_rotation_enabled": true,
                "log_rotation_size": "100M",
                "log_shipping_enabled": false,
                "log_shipping_target": "",
                "maintenance_window_days": [
                    "saturday",
                    "sunday"
                ],
                "maintenance_window_enabled": false,
                "maintenance_window_end": "06:00",
                "maintenance_window_start": "02:00",
                "metrics_server_enabled": true,
                "monitoring_enabled": true,
                "network_interface": "enx*",
                "network_policies_enabled": true,
                "no_proxy": "localhost,127.0.0.1,10.0.0.0/8,172.16.0.0/12,192.168.0.0/16,.cluster.local",
                "node_labels": {
                    "node-role.kubernetes.io/worker": "",
                    "storage.longhorn.io/node": "true",
                    "workload-type": "storage"
                },
                "node_role": "worker",
                "node_type": "worker",
                "nodeport_range": "30000-32767",
                "notification_channels": {
                    "email": {
                        "enabled": false,
                        "from_address": "",
                        "smtp_password": "",
                        "smtp_port": 587,
                        "smtp_server": "",
                        "smtp_user": "",
                        "to_addresses": []
                    },
                    "slack": {
                        "channel": "#k8s-upgrades",
                        "enabled": false,
                        "icon_emoji": ":kubernetes:",
                        "username": "Ansible K8s Upgrade Bot",
                        "webhook_url": ""
                    },
                    "teams": {
                        "enabled": false,
                        "webhook_url": ""
                    }
                },
                "notification_email": "",
                "notifications_enabled": false,
                "package_autoclean": true,
                "package_autoremove": true,
                "package_update_cache": true,
                "package_upgrade_system": false,
                "parallel_operations": 5,
                "persistent_volume_reclaim_policy": "Retain",
                "pod_network_cidr": "10.0.0.0/16",
                "pod_security_standards": true,
                "pod_subnet": "10.0.0.0/16",
                "prometheus_enabled": true,
                "psp_enabled": false,
                "rate_limit": 10,
                "rbac_enabled": true,
                "registry_credentials": {},
                "request_timeout": 30,
                "resource_limits_cpu": "500m",
                "resource_limits_memory": "512Mi",
                "resource_requests_cpu": "100m",
                "resource_requests_memory": "128Mi",
                "resources": {
                    "cpu": 4,
                    "memory": 16
                },
                "retry_delay": 5,
                "retry_max_attempts": 3,
                "rollback_health_check_failures": 3,
                "rollback_on_failure": true,
                "rollback_timeout": 600,
                "rollback_verification_enabled": true,
                "rotate_certificates": true,
                "s3_access_key": "",
                "s3_backup_enabled": false,
                "s3_bucket_name": "",
                "s3_bucket_region": "us-east-1",
                "s3_secret_key": "",
                "service_cidr": "10.96.0.0/12",
                "service_subnet": "10.96.0.0/12",
                "simulation_mode": false,
                "skip_validation": false,
                "slack_webhook_url": "",
                "swap_disabled": true,
                "swappiness": 0,
                "sysctl_settings": {
                    "fs.inotify.max_user_instances": 8192,
                    "fs.inotify.max_user_watches": 524288,
                    "kernel.pid_max": 4194304,
                    "net.bridge.bridge-nf-call-ip6tables": 1,
                    "net.bridge.bridge-nf-call-iptables": 1,
                    "net.core.default_qdisc": "fq",
                    "net.ipv4.ip_forward": 1,
                    "net.ipv4.tcp_congestion_control": "bbr",
                    "net.ipv4.tcp_notsent_lowat": 16384,
                    "net.ipv6.conf.all.forwarding": 1
                },
                "tags": {
                    "automation": "kubernetes-upgrade",
                    "cost_center": "homelab",
                    "environment": "production",
                    "managed_by": "ansible",
                    "owner": "admin"
                },
                "upgrade_max_surge": 1,
                "upgrade_max_unavailable": 1,
                "upgrade_strategy": "rolling",
                "upgrade_timeout": 1800,
                "upstream_dns_servers": [
                    "192.168.0.91",
                    "9.9.9.9",
                    "1.1.1.1"
                ],
                "validation_cpu_threshold": 80,
                "validation_disk_threshold": 85,
                "validation_memory_threshold": 80,
                "validation_pod_restart_threshold": 5,
                "verbose_output": false,
                "volume_snapshot_enabled": true,
                "worker_type": "storage"
            },
            "k8s09": {
                "admission_controllers": [
                    "NamespaceLifecycle",
                    "LimitRanger",
                    "ServiceAccount",
                    "DefaultStorageClass",
                    "DefaultTolerationSeconds",
                    "MutatingAdmissionWebhook",
                    "ValidatingAdmissionWebhook",
                    "ResourceQuota",
                    "PodSecurity"
                ],
                "alertmanager_enabled": true,
                "ansible_become": true,
                "ansible_become_method": "sudo",
                "ansible_become_user": "root",
                "ansible_host": "192.168.0.58",
                "ansible_hostname": "k8s09",
                "ansible_python_interpreter": "/usr/bin/python3",
                "ansible_ssh_common_args": "-o StrictHostKeyChecking=no -o UserKnownHostsFile=/dev/null",
                "ansible_user": "root",
                "api_server_cert_sans": [
                    "kubernetes",
                    "kubernetes.default",
                    "kubernetes.default.svc",
                    "kubernetes.default.svc.cluster.local",
                    "{{ api_server_vip }}",
                    "127.0.0.1",
                    "localhost"
                ],
                "api_server_port": 6443,
                "api_server_vip": "192.168.0.50",
                "audit_log_dir": "/var/log/kubernetes-audit",
                "audit_logging_enabled": true,
                "backup_compression": true,
                "backup_dir": "/backup/kubernetes",
                "backup_enabled": true,
                "backup_encryption": true,
                "backup_location": "/backup/kubernetes",
                "backup_retention_days": 30,
                "backup_schedule": "0 2 * * *",
                "backup_verification": true,
                "batch_size": 2,
                "certificate_validity_days": 365,
                "cilium_version": "1.16.5",
                "cis_benchmark_version": "1.8.0",
                "cis_compliance_enabled": true,
                "cluster_dns": "10.96.0.10",
                "cluster_dns_domain": "cluster.local",
                "cluster_dns_ip": "10.96.0.10",
                "cluster_environment": "production",
                "cluster_name": "homelab-k8s",
                "cluster_region": "home",
                "cluster_vip": "192.168.0.50",
                "cluster_vip_port": 6443,
                "cluster_zone": "upstairs",
                "cni_plugin": "cilium",
                "compliance_scan_enabled": true,
                "compliance_scan_schedule": "0 3 * * 0",
                "component_health_checks": [
                    "etcd",
                    "kube-apiserver",
                    "kube-controller-manager",
                    "kube-scheduler",
                    "kubelet",
                    "kube-proxy"
                ],
                "connection_pool_size": 100,
                "container_registry": "registry.k8s.io",
                "container_registry_mirror": "",
                "container_runtime": "containerd",
                "containerd_version": "1.7.24",
                "coredns_version": "1.12.0",
                "csi_drivers": [
                    "longhorn"
                ],
                "debug_mode": false,
                "default_storage_class": "longhorn",
                "delete_emptydir_data": true,
                "docker_repo_url": "https://download.docker.com/linux/ubuntu",
                "dr_backup_location": "",
                "dr_enabled": false,
                "dr_replication_enabled": false,
                "dr_site": "",
                "drain_grace_period": 30,
                "drain_timeout": 300,
                "drain_timeout_seconds": 300,
                "dry_run": false,
                "dry_run_mode": false,
                "email_notifications": false,
                "enable_backup": true,
                "enable_monitoring": true,
                "enable_rollback": true,
                "encryption_at_rest": true,
                "etcd_backup_dir": "/backup/etcd",
                "etcd_backup_retention_days": 30,
                "etcd_data_dir": "/var/lib/etcd",
                "etcd_election_timeout": 1000,
                "etcd_heartbeat_interval": 100,
                "etcd_max_snapshots": 5,
                "etcd_max_wals": 5,
                "etcd_member": false,
                "etcd_quota_backend_bytes": 8589934592,
                "etcd_snapshot_count": 10000,
                "etcd_version": "3.5.17",
                "eviction_timeout_seconds": 60,
                "fact_caching": true,
                "fact_caching_timeout": 3600,
                "feature_gates": [
                    "RotateKubeletServerCertificate=true",
                    "ServerSideApply=true",
                    "GracefulNodeShutdown=true",
                    "GracefulNodeShutdownBasedOnPodPriority=true"
                ],
                "force_upgrade": false,
                "gather_facts": true,
                "gather_subset": "all",
                "grafana_enabled": true,
                "health_check_delay": 30,
                "health_check_enabled": true,
                "health_check_interval": 60,
                "health_check_retries": 3,
                "health_check_timeout": 10,
                "http_proxy": "",
                "https_proxy": "",
                "insecure_registries": [],
                "kernel_modules": [
                    "overlay",
                    "br_netfilter",
                    "ip_vs",
                    "ip_vs_rr",
                    "ip_vs_wrr",
                    "ip_vs_sh",
                    "nf_conntrack"
                ],
                "kubeadm_version": "{{ kubernetes_version_target }}-*",
                "kubectl_version": "{{ kubernetes_version_target }}-*",
                "kubelet_version": "{{ kubernetes_version_target }}-*",
                "kubernetes_repo_key": "https://pkgs.k8s.io/core:/stable:/v{{ kubernetes_version_target_short }}/deb/Release.key",
                "kubernetes_repo_url": "https://pkgs.k8s.io/core:/stable:/v{{ kubernetes_version_target_short }}/deb/",
                "kubernetes_version_current": "1.31.10",
                "kubernetes_version_target": "1.32.0",
                "kubernetes_version_target_short": "1.32",
                "log_dir": "/var/log/kubernetes",
                "log_level": "info",
                "log_rotation_count": 10,
                "log_rotation_enabled": true,
                "log_rotation_size": "100M",
                "log_shipping_enabled": false,
                "log_shipping_target": "",
                "maintenance_window_days": [
                    "saturday",
                    "sunday"
                ],
                "maintenance_window_enabled": false,
                "maintenance_window_end": "06:00",
                "maintenance_window_start": "02:00",
                "metrics_server_enabled": true,
                "monitoring_enabled": true,
                "network_interface": "enx*",
                "network_policies_enabled": true,
                "no_proxy": "localhost,127.0.0.1,10.0.0.0/8,172.16.0.0/12,192.168.0.0/16,.cluster.local",
                "node_labels": {
                    "kubevirt.io/schedulable": "true",
                    "node-role.kubernetes.io/worker": "",
                    "workload-type": "compute"
                },
                "node_role": "worker",
                "node_type": "worker",
                "nodeport_range": "30000-32767",
                "notification_channels": {
                    "email": {
                        "enabled": false,
                        "from_address": "",
                        "smtp_password": "",
                        "smtp_port": 587,
                        "smtp_server": "",
                        "smtp_user": "",
                        "to_addresses": []
                    },
                    "slack": {
                        "channel": "#k8s-upgrades",
                        "enabled": false,
                        "icon_emoji": ":kubernetes:",
                        "username": "Ansible K8s Upgrade Bot",
                        "webhook_url": ""
                    },
                    "teams": {
                        "enabled": false,
                        "webhook_url": ""
                    }
                },
                "notification_email": "",
                "notifications_enabled": false,
                "package_autoclean": true,
                "package_autoremove": true,
                "package_update_cache": true,
                "package_upgrade_system": false,
                "parallel_operations": 5,
                "persistent_volume_reclaim_policy": "Retain",
                "pod_network_cidr": "10.0.0.0/16",
                "pod_security_standards": true,
                "pod_subnet": "10.0.0.0/16",
                "prometheus_enabled": true,
                "psp_enabled": false,
                "rate_limit": 10,
                "rbac_enabled": true,
                "registry_credentials": {},
                "request_timeout": 30,
                "resource_limits_cpu": "500m",
                "resource_limits_memory": "512Mi",
                "resource_requests_cpu": "100m",
                "resource_requests_memory": "128Mi",
                "resources": {
                    "cpu": 12,
                    "memory": 64
                },
                "retry_delay": 5,
                "retry_max_attempts": 3,
                "rollback_health_check_failures": 3,
                "rollback_on_failure": true,
                "rollback_timeout": 600,
                "rollback_verification_enabled": true,
                "rotate_certificates": true,
                "s3_access_key": "",
                "s3_backup_enabled": false,
                "s3_bucket_name": "",
                "s3_bucket_region": "us-east-1",
                "s3_secret_key": "",
                "service_cidr": "10.96.0.0/12",
                "service_subnet": "10.96.0.0/12",
                "simulation_mode": false,
                "skip_validation": false,
                "slack_webhook_url": "",
                "swap_disabled": true,
                "swappiness": 0,
                "sysctl_settings": {
                    "fs.inotify.max_user_instances": 8192,
                    "fs.inotify.max_user_watches": 524288,
                    "kernel.pid_max": 4194304,
                    "net.bridge.bridge-nf-call-ip6tables": 1,
                    "net.bridge.bridge-nf-call-iptables": 1,
                    "net.core.default_qdisc": "fq",
                    "net.ipv4.ip_forward": 1,
                    "net.ipv4.tcp_congestion_control": "bbr",
                    "net.ipv4.tcp_notsent_lowat": 16384,
                    "net.ipv6.conf.all.forwarding": 1
                },
                "tags": {
                    "automation": "kubernetes-upgrade",
                    "cost_center": "homelab",
                    "environment": "production",
                    "managed_by": "ansible",
                    "owner": "admin"
                },
                "upgrade_max_surge": 1,
                "upgrade_max_unavailable": 1,
                "upgrade_strategy": "rolling",
                "upgrade_timeout": 1800,
                "upstream_dns_servers": [
                    "192.168.0.91",
                    "9.9.9.9",
                    "1.1.1.1"
                ],
                "validation_cpu_threshold": 80,
                "validation_disk_threshold": 85,
                "validation_memory_threshold": 80,
                "validation_pod_restart_threshold": 5,
                "verbose_output": false,
                "volume_snapshot_enabled": true,
                "worker_type": "compute"
            }
        }
    },
    "all": {
        "children": [
            "ungrouped",
            "control_plane",
            "workers",
            "etcd",
            "primary_master",
            "secondary_masters",
            "worker_batch_1",
            "worker_batch_2",
            "storage_nodes",
            "high_memory_nodes",
            "critical_workload_nodes"
        ]
    },
    "control_plane": {
        "hosts": [
            "k8s01",
            "k8s02",
            "k8s03"
        ]
    },
    "critical_workload_nodes": {
        "hosts": [
            "k8s08",
            "k8s09"
        ]
    },
    "etcd": {
        "children": [
            "control_plane"
        ]
    },
    "high_memory_nodes": {
        "hosts": [
            "k8s09"
        ]
    },
    "primary_master": {
        "hosts": [
            "k8s01"
        ]
    },
    "secondary_masters": {
        "hosts": [
            "k8s02",
            "k8s03"
        ]
    },
    "storage_nodes": {
        "hosts": [
            "k8s08",
            "k8s09"
        ]
    },
    "worker_batch_1": {
        "hosts": [
            "k8s04",
            "k8s05",
            "k8s06"
        ]
    },
    "worker_batch_2": {
        "hosts": [
            "k8s07",
            "k8s08",
            "k8s09"
        ]
    },
    "workers": {
        "hosts": [
            "k8s04",
            "k8s05",
            "k8s06",
            "k8s07",
            "k8s08",
            "k8s09"
        ]
    }
}
2025-08-19 08:58:41,351 p=39648 u=ollama n=ansible | Using /home/ollama/me/Zenitsu_mforrester-home-lab/kubernetes-upgrade/ansible.cfg as config file
2025-08-19 08:58:45,027 p=39648 u=ollama n=ansible | k8s09 | UNREACHABLE!: Data could not be sent to remote host "192.168.0.58". Make sure this host can be reached over ssh: OpenSSH_8.9p1 Ubuntu-3ubuntu0.13, OpenSSL 3.0.2 15 Mar 2022
debug1: Reading configuration data /etc/ssh/ssh_config
debug1: /etc/ssh/ssh_config line 19: include /etc/ssh/ssh_config.d/*.conf matched no files
debug1: /etc/ssh/ssh_config line 21: Applying options for *
debug1: auto-mux: Trying existing master
debug1: Control socket "/home/ollama/.ansible/cp/637508034c" does not exist
debug1: Connecting to 192.168.0.58 [192.168.0.58] port 22.
debug1: fd 3 clearing O_NONBLOCK
debug1: Connection established.
debug1: identity file /home/ollama/.ssh/ansible_k8s_ed25519 type -1
debug1: identity file /home/ollama/.ssh/ansible_k8s_ed25519-cert type -1
debug1: Local version string SSH-2.0-OpenSSH_8.9p1 Ubuntu-3ubuntu0.13
debug1: Remote protocol version 2.0, remote software version OpenSSH_9.6p1 Ubuntu-3ubuntu13.12
debug1: compat_banner: match: OpenSSH_9.6p1 Ubuntu-3ubuntu13.12 pat OpenSSH* compat 0x04000000
debug1: Authenticating to 192.168.0.58:22 as 'root'
debug1: load_hostkeys: fopen /etc/ssh/ssh_known_hosts: No such file or directory
debug1: load_hostkeys: fopen /etc/ssh/ssh_known_hosts2: No such file or directory
debug1: SSH2_MSG_KEXINIT sent
debug1: SSH2_MSG_KEXINIT received
debug1: kex: algorithm: curve25519-sha256
debug1: kex: host key algorithm: ssh-ed25519
debug1: kex: server->client cipher: chacha20-poly1305@openssh.com MAC: <implicit> compression: zlib@openssh.com
debug1: kex: client->server cipher: chacha20-poly1305@openssh.com MAC: <implicit> compression: zlib@openssh.com
debug1: expecting SSH2_MSG_KEX_ECDH_REPLY
debug1: SSH2_MSG_KEX_ECDH_REPLY received
debug1: Server host key: ssh-ed25519 SHA256:fcM8WGC21xvepd6H+y0RrpcFpDD+KSIQgM1sMnHSzr4
debug1: load_hostkeys: fopen /etc/ssh/ssh_known_hosts: No such file or directory
debug1: load_hostkeys: fopen /etc/ssh/ssh_known_hosts2: No such file or directory
Warning: Permanently added '192.168.0.58' (ED25519) to the list of known hosts.
debug1: ssh_packet_send2_wrapped: resetting send seqnr 3
debug1: rekey out after 134217728 blocks
debug1: SSH2_MSG_NEWKEYS sent
debug1: expecting SSH2_MSG_NEWKEYS
debug1: ssh_packet_read_poll2: resetting read seqnr 3
debug1: SSH2_MSG_NEWKEYS received
debug1: rekey in after 134217728 blocks
debug1: Will attempt key: /home/ollama/.ssh/ansible_k8s_ed25519  explicit
debug1: SSH2_MSG_EXT_INFO received
debug1: kex_input_ext_info: server-sig-algs=<ssh-ed25519,ecdsa-sha2-nistp256,ecdsa-sha2-nistp384,ecdsa-sha2-nistp521,sk-ssh-ed25519@openssh.com,sk-ecdsa-sha2-nistp256@openssh.com,rsa-sha2-512,rsa-sha2-256>
debug1: kex_input_ext_info: publickey-hostbound@openssh.com=<0>
debug1: kex_input_ext_info: ping@openssh.com (unrecognised)
debug1: SSH2_MSG_SERVICE_ACCEPT received
debug1: Authentications that can continue: publickey,password
debug1: Next authentication method: publickey
debug1: Trying private key: /home/ollama/.ssh/ansible_k8s_ed25519
no such identity: /home/ollama/.ssh/ansible_k8s_ed25519: No such file or directory
debug1: No more authentication methods to try.
root@192.168.0.58: Permission denied (publickey,password).

2025-08-19 08:58:45,049 p=39648 u=ollama n=ansible | k8s07 | UNREACHABLE!: Data could not be sent to remote host "192.168.0.56". Make sure this host can be reached over ssh: OpenSSH_8.9p1 Ubuntu-3ubuntu0.13, OpenSSL 3.0.2 15 Mar 2022
debug1: Reading configuration data /etc/ssh/ssh_config
debug1: /etc/ssh/ssh_config line 19: include /etc/ssh/ssh_config.d/*.conf matched no files
debug1: /etc/ssh/ssh_config line 21: Applying options for *
debug1: auto-mux: Trying existing master
debug1: Control socket "/home/ollama/.ansible/cp/d7d0fd4384" does not exist
debug1: Connecting to 192.168.0.56 [192.168.0.56] port 22.
debug1: fd 3 clearing O_NONBLOCK
debug1: Connection established.
debug1: identity file /home/ollama/.ssh/ansible_k8s_ed25519 type -1
debug1: identity file /home/ollama/.ssh/ansible_k8s_ed25519-cert type -1
debug1: Local version string SSH-2.0-OpenSSH_8.9p1 Ubuntu-3ubuntu0.13
debug1: Remote protocol version 2.0, remote software version OpenSSH_9.6p1 Ubuntu-3ubuntu13.12
debug1: compat_banner: match: OpenSSH_9.6p1 Ubuntu-3ubuntu13.12 pat OpenSSH* compat 0x04000000
debug1: Authenticating to 192.168.0.56:22 as 'root'
debug1: load_hostkeys: fopen /etc/ssh/ssh_known_hosts: No such file or directory
debug1: load_hostkeys: fopen /etc/ssh/ssh_known_hosts2: No such file or directory
debug1: SSH2_MSG_KEXINIT sent
debug1: SSH2_MSG_KEXINIT received
debug1: kex: algorithm: curve25519-sha256
debug1: kex: host key algorithm: ssh-ed25519
debug1: kex: server->client cipher: chacha20-poly1305@openssh.com MAC: <implicit> compression: zlib@openssh.com
debug1: kex: client->server cipher: chacha20-poly1305@openssh.com MAC: <implicit> compression: zlib@openssh.com
debug1: expecting SSH2_MSG_KEX_ECDH_REPLY
debug1: SSH2_MSG_KEX_ECDH_REPLY received
debug1: Server host key: ssh-ed25519 SHA256:tPcrxoxrN2SDro2IhhERlJVohRr2m8JpULkD0Nwyc0k
debug1: load_hostkeys: fopen /etc/ssh/ssh_known_hosts: No such file or directory
debug1: load_hostkeys: fopen /etc/ssh/ssh_known_hosts2: No such file or directory
Warning: Permanently added '192.168.0.56' (ED25519) to the list of known hosts.
debug1: ssh_packet_send2_wrapped: resetting send seqnr 3
debug1: rekey out after 134217728 blocks
debug1: SSH2_MSG_NEWKEYS sent
debug1: expecting SSH2_MSG_NEWKEYS
debug1: ssh_packet_read_poll2: resetting read seqnr 3
debug1: SSH2_MSG_NEWKEYS received
debug1: rekey in after 134217728 blocks
debug1: Will attempt key: /home/ollama/.ssh/ansible_k8s_ed25519  explicit
debug1: SSH2_MSG_EXT_INFO received
debug1: kex_input_ext_info: server-sig-algs=<ssh-ed25519,ecdsa-sha2-nistp256,ecdsa-sha2-nistp384,ecdsa-sha2-nistp521,sk-ssh-ed25519@openssh.com,sk-ecdsa-sha2-nistp256@openssh.com,rsa-sha2-512,rsa-sha2-256>
debug1: kex_input_ext_info: publickey-hostbound@openssh.com=<0>
debug1: kex_input_ext_info: ping@openssh.com (unrecognised)
debug1: SSH2_MSG_SERVICE_ACCEPT received
debug1: Authentications that can continue: publickey,password
debug1: Next authentication method: publickey
debug1: Trying private key: /home/ollama/.ssh/ansible_k8s_ed25519
no such identity: /home/ollama/.ssh/ansible_k8s_ed25519: No such file or directory
debug1: No more authentication methods to try.
root@192.168.0.56: Permission denied (publickey,password).

2025-08-19 08:58:45,068 p=39648 u=ollama n=ansible | k8s04 | UNREACHABLE!: Data could not be sent to remote host "192.168.0.53". Make sure this host can be reached over ssh: OpenSSH_8.9p1 Ubuntu-3ubuntu0.13, OpenSSL 3.0.2 15 Mar 2022
debug1: Reading configuration data /etc/ssh/ssh_config
debug1: /etc/ssh/ssh_config line 19: include /etc/ssh/ssh_config.d/*.conf matched no files
debug1: /etc/ssh/ssh_config line 21: Applying options for *
debug1: auto-mux: Trying existing master
debug1: Control socket "/home/ollama/.ansible/cp/00b459419c" does not exist
debug1: Connecting to 192.168.0.53 [192.168.0.53] port 22.
debug1: fd 3 clearing O_NONBLOCK
debug1: Connection established.
debug1: identity file /home/ollama/.ssh/ansible_k8s_ed25519 type -1
debug1: identity file /home/ollama/.ssh/ansible_k8s_ed25519-cert type -1
debug1: Local version string SSH-2.0-OpenSSH_8.9p1 Ubuntu-3ubuntu0.13
debug1: Remote protocol version 2.0, remote software version OpenSSH_9.6p1 Ubuntu-3ubuntu13.12
debug1: compat_banner: match: OpenSSH_9.6p1 Ubuntu-3ubuntu13.12 pat OpenSSH* compat 0x04000000
debug1: Authenticating to 192.168.0.53:22 as 'root'
debug1: load_hostkeys: fopen /etc/ssh/ssh_known_hosts: No such file or directory
debug1: load_hostkeys: fopen /etc/ssh/ssh_known_hosts2: No such file or directory
debug1: SSH2_MSG_KEXINIT sent
debug1: SSH2_MSG_KEXINIT received
debug1: kex: algorithm: curve25519-sha256
debug1: kex: host key algorithm: ssh-ed25519
debug1: kex: server->client cipher: chacha20-poly1305@openssh.com MAC: <implicit> compression: zlib@openssh.com
debug1: kex: client->server cipher: chacha20-poly1305@openssh.com MAC: <implicit> compression: zlib@openssh.com
debug1: expecting SSH2_MSG_KEX_ECDH_REPLY
debug1: SSH2_MSG_KEX_ECDH_REPLY received
debug1: Server host key: ssh-ed25519 SHA256:QXWBu8Cd9o49XBxSfRc7vi8A+0HBPXvxgxCwKpslwhk
debug1: load_hostkeys: fopen /etc/ssh/ssh_known_hosts: No such file or directory
debug1: load_hostkeys: fopen /etc/ssh/ssh_known_hosts2: No such file or directory
Warning: Permanently added '192.168.0.53' (ED25519) to the list of known hosts.
debug1: ssh_packet_send2_wrapped: resetting send seqnr 3
debug1: rekey out after 134217728 blocks
debug1: SSH2_MSG_NEWKEYS sent
debug1: expecting SSH2_MSG_NEWKEYS
debug1: ssh_packet_read_poll2: resetting read seqnr 3
debug1: SSH2_MSG_NEWKEYS received
debug1: rekey in after 134217728 blocks
debug1: Will attempt key: /home/ollama/.ssh/ansible_k8s_ed25519  explicit
debug1: SSH2_MSG_EXT_INFO received
debug1: kex_input_ext_info: server-sig-algs=<ssh-ed25519,ecdsa-sha2-nistp256,ecdsa-sha2-nistp384,ecdsa-sha2-nistp521,sk-ssh-ed25519@openssh.com,sk-ecdsa-sha2-nistp256@openssh.com,rsa-sha2-512,rsa-sha2-256>
debug1: kex_input_ext_info: publickey-hostbound@openssh.com=<0>
debug1: kex_input_ext_info: ping@openssh.com (unrecognised)
debug1: SSH2_MSG_SERVICE_ACCEPT received
debug1: Authentications that can continue: publickey,password
debug1: Next authentication method: publickey
debug1: Trying private key: /home/ollama/.ssh/ansible_k8s_ed25519
no such identity: /home/ollama/.ssh/ansible_k8s_ed25519: No such file or directory
debug1: No more authentication methods to try.
root@192.168.0.53: Permission denied (publickey,password).

2025-08-19 08:58:45,069 p=39648 u=ollama n=ansible | k8s01 | UNREACHABLE!: Data could not be sent to remote host "192.168.0.50". Make sure this host can be reached over ssh: OpenSSH_8.9p1 Ubuntu-3ubuntu0.13, OpenSSL 3.0.2 15 Mar 2022
debug1: Reading configuration data /etc/ssh/ssh_config
debug1: /etc/ssh/ssh_config line 19: include /etc/ssh/ssh_config.d/*.conf matched no files
debug1: /etc/ssh/ssh_config line 21: Applying options for *
debug1: auto-mux: Trying existing master
debug1: Control socket "/home/ollama/.ansible/cp/d94c3f7490" does not exist
debug1: Connecting to 192.168.0.50 [192.168.0.50] port 22.
debug1: fd 3 clearing O_NONBLOCK
debug1: Connection established.
debug1: identity file /home/ollama/.ssh/ansible_k8s_ed25519 type -1
debug1: identity file /home/ollama/.ssh/ansible_k8s_ed25519-cert type -1
debug1: Local version string SSH-2.0-OpenSSH_8.9p1 Ubuntu-3ubuntu0.13
debug1: Remote protocol version 2.0, remote software version OpenSSH_9.6p1 Ubuntu-3ubuntu13.12
debug1: compat_banner: match: OpenSSH_9.6p1 Ubuntu-3ubuntu13.12 pat OpenSSH* compat 0x04000000
debug1: Authenticating to 192.168.0.50:22 as 'root'
debug1: load_hostkeys: fopen /etc/ssh/ssh_known_hosts: No such file or directory
debug1: load_hostkeys: fopen /etc/ssh/ssh_known_hosts2: No such file or directory
debug1: SSH2_MSG_KEXINIT sent
debug1: SSH2_MSG_KEXINIT received
debug1: kex: algorithm: curve25519-sha256
debug1: kex: host key algorithm: ssh-ed25519
debug1: kex: server->client cipher: chacha20-poly1305@openssh.com MAC: <implicit> compression: zlib@openssh.com
debug1: kex: client->server cipher: chacha20-poly1305@openssh.com MAC: <implicit> compression: zlib@openssh.com
debug1: expecting SSH2_MSG_KEX_ECDH_REPLY
debug1: SSH2_MSG_KEX_ECDH_REPLY received
debug1: Server host key: ssh-ed25519 SHA256:JJydY391xoNY8uQBWJBNCMjwo5ygjA1lTnwBdBBxV9M
debug1: load_hostkeys: fopen /etc/ssh/ssh_known_hosts: No such file or directory
debug1: load_hostkeys: fopen /etc/ssh/ssh_known_hosts2: No such file or directory
Warning: Permanently added '192.168.0.50' (ED25519) to the list of known hosts.
debug1: ssh_packet_send2_wrapped: resetting send seqnr 3
debug1: rekey out after 134217728 blocks
debug1: SSH2_MSG_NEWKEYS sent
debug1: expecting SSH2_MSG_NEWKEYS
debug1: ssh_packet_read_poll2: resetting read seqnr 3
debug1: SSH2_MSG_NEWKEYS received
debug1: rekey in after 134217728 blocks
debug1: Will attempt key: /home/ollama/.ssh/ansible_k8s_ed25519  explicit
debug1: SSH2_MSG_EXT_INFO received
debug1: kex_input_ext_info: server-sig-algs=<ssh-ed25519,ecdsa-sha2-nistp256,ecdsa-sha2-nistp384,ecdsa-sha2-nistp521,sk-ssh-ed25519@openssh.com,sk-ecdsa-sha2-nistp256@openssh.com,rsa-sha2-512,rsa-sha2-256>
debug1: kex_input_ext_info: publickey-hostbound@openssh.com=<0>
debug1: kex_input_ext_info: ping@openssh.com (unrecognised)
debug1: SSH2_MSG_SERVICE_ACCEPT received
debug1: Authentications that can continue: publickey,password
debug1: Next authentication method: publickey
debug1: Trying private key: /home/ollama/.ssh/ansible_k8s_ed25519
no such identity: /home/ollama/.ssh/ansible_k8s_ed25519: No such file or directory
debug1: No more authentication methods to try.
root@192.168.0.50: Permission denied (publickey,password).

2025-08-19 08:58:45,071 p=39648 u=ollama n=ansible | k8s06 | UNREACHABLE!: Data could not be sent to remote host "192.168.0.55". Make sure this host can be reached over ssh: OpenSSH_8.9p1 Ubuntu-3ubuntu0.13, OpenSSL 3.0.2 15 Mar 2022
debug1: Reading configuration data /etc/ssh/ssh_config
debug1: /etc/ssh/ssh_config line 19: include /etc/ssh/ssh_config.d/*.conf matched no files
debug1: /etc/ssh/ssh_config line 21: Applying options for *
debug1: auto-mux: Trying existing master
debug1: Control socket "/home/ollama/.ansible/cp/c6edc89106" does not exist
debug1: Connecting to 192.168.0.55 [192.168.0.55] port 22.
debug1: fd 3 clearing O_NONBLOCK
debug1: Connection established.
debug1: identity file /home/ollama/.ssh/ansible_k8s_ed25519 type -1
debug1: identity file /home/ollama/.ssh/ansible_k8s_ed25519-cert type -1
debug1: Local version string SSH-2.0-OpenSSH_8.9p1 Ubuntu-3ubuntu0.13
debug1: Remote protocol version 2.0, remote software version OpenSSH_9.6p1 Ubuntu-3ubuntu13.12
debug1: compat_banner: match: OpenSSH_9.6p1 Ubuntu-3ubuntu13.12 pat OpenSSH* compat 0x04000000
debug1: Authenticating to 192.168.0.55:22 as 'root'
debug1: load_hostkeys: fopen /etc/ssh/ssh_known_hosts: No such file or directory
debug1: load_hostkeys: fopen /etc/ssh/ssh_known_hosts2: No such file or directory
debug1: SSH2_MSG_KEXINIT sent
debug1: SSH2_MSG_KEXINIT received
debug1: kex: algorithm: curve25519-sha256
debug1: kex: host key algorithm: ssh-ed25519
debug1: kex: server->client cipher: chacha20-poly1305@openssh.com MAC: <implicit> compression: zlib@openssh.com
debug1: kex: client->server cipher: chacha20-poly1305@openssh.com MAC: <implicit> compression: zlib@openssh.com
debug1: expecting SSH2_MSG_KEX_ECDH_REPLY
debug1: SSH2_MSG_KEX_ECDH_REPLY received
debug1: Server host key: ssh-ed25519 SHA256:ACuOxfMYv7jFdqfU9KWJ0DcNYFfUVDGuRfd7J6n44f8
debug1: load_hostkeys: fopen /etc/ssh/ssh_known_hosts: No such file or directory
debug1: load_hostkeys: fopen /etc/ssh/ssh_known_hosts2: No such file or directory
Warning: Permanently added '192.168.0.55' (ED25519) to the list of known hosts.
debug1: ssh_packet_send2_wrapped: resetting send seqnr 3
debug1: rekey out after 134217728 blocks
debug1: SSH2_MSG_NEWKEYS sent
debug1: expecting SSH2_MSG_NEWKEYS
debug1: ssh_packet_read_poll2: resetting read seqnr 3
debug1: SSH2_MSG_NEWKEYS received
debug1: rekey in after 134217728 blocks
debug1: Will attempt key: /home/ollama/.ssh/ansible_k8s_ed25519  explicit
debug1: SSH2_MSG_EXT_INFO received
debug1: kex_input_ext_info: server-sig-algs=<ssh-ed25519,ecdsa-sha2-nistp256,ecdsa-sha2-nistp384,ecdsa-sha2-nistp521,sk-ssh-ed25519@openssh.com,sk-ecdsa-sha2-nistp256@openssh.com,rsa-sha2-512,rsa-sha2-256>
debug1: kex_input_ext_info: publickey-hostbound@openssh.com=<0>
debug1: kex_input_ext_info: ping@openssh.com (unrecognised)
debug1: SSH2_MSG_SERVICE_ACCEPT received
debug1: Authentications that can continue: publickey,password
debug1: Next authentication method: publickey
debug1: Trying private key: /home/ollama/.ssh/ansible_k8s_ed25519
no such identity: /home/ollama/.ssh/ansible_k8s_ed25519: No such file or directory
debug1: No more authentication methods to try.
root@192.168.0.55: Permission denied (publickey,password).

2025-08-19 08:58:45,071 p=39648 u=ollama n=ansible | k8s03 | UNREACHABLE!: Data could not be sent to remote host "192.168.0.52". Make sure this host can be reached over ssh: OpenSSH_8.9p1 Ubuntu-3ubuntu0.13, OpenSSL 3.0.2 15 Mar 2022
debug1: Reading configuration data /etc/ssh/ssh_config
debug1: /etc/ssh/ssh_config line 19: include /etc/ssh/ssh_config.d/*.conf matched no files
debug1: /etc/ssh/ssh_config line 21: Applying options for *
debug1: auto-mux: Trying existing master
debug1: Control socket "/home/ollama/.ansible/cp/4a64c65b9d" does not exist
debug1: Connecting to 192.168.0.52 [192.168.0.52] port 22.
debug1: fd 3 clearing O_NONBLOCK
debug1: Connection established.
debug1: identity file /home/ollama/.ssh/ansible_k8s_ed25519 type -1
debug1: identity file /home/ollama/.ssh/ansible_k8s_ed25519-cert type -1
debug1: Local version string SSH-2.0-OpenSSH_8.9p1 Ubuntu-3ubuntu0.13
debug1: Remote protocol version 2.0, remote software version OpenSSH_9.6p1 Ubuntu-3ubuntu13.12
debug1: compat_banner: match: OpenSSH_9.6p1 Ubuntu-3ubuntu13.12 pat OpenSSH* compat 0x04000000
debug1: Authenticating to 192.168.0.52:22 as 'root'
debug1: load_hostkeys: fopen /etc/ssh/ssh_known_hosts: No such file or directory
debug1: load_hostkeys: fopen /etc/ssh/ssh_known_hosts2: No such file or directory
debug1: SSH2_MSG_KEXINIT sent
debug1: SSH2_MSG_KEXINIT received
debug1: kex: algorithm: curve25519-sha256
debug1: kex: host key algorithm: ssh-ed25519
debug1: kex: server->client cipher: chacha20-poly1305@openssh.com MAC: <implicit> compression: zlib@openssh.com
debug1: kex: client->server cipher: chacha20-poly1305@openssh.com MAC: <implicit> compression: zlib@openssh.com
debug1: expecting SSH2_MSG_KEX_ECDH_REPLY
debug1: SSH2_MSG_KEX_ECDH_REPLY received
debug1: Server host key: ssh-ed25519 SHA256:1eWgcVimknVejvemlnGu/5Rit9SY7FvvrXvKjmaj7lA
debug1: load_hostkeys: fopen /etc/ssh/ssh_known_hosts: No such file or directory
debug1: load_hostkeys: fopen /etc/ssh/ssh_known_hosts2: No such file or directory
Warning: Permanently added '192.168.0.52' (ED25519) to the list of known hosts.
debug1: ssh_packet_send2_wrapped: resetting send seqnr 3
debug1: rekey out after 134217728 blocks
debug1: SSH2_MSG_NEWKEYS sent
debug1: expecting SSH2_MSG_NEWKEYS
debug1: ssh_packet_read_poll2: resetting read seqnr 3
debug1: SSH2_MSG_NEWKEYS received
debug1: rekey in after 134217728 blocks
debug1: Will attempt key: /home/ollama/.ssh/ansible_k8s_ed25519  explicit
debug1: SSH2_MSG_EXT_INFO received
debug1: kex_input_ext_info: server-sig-algs=<ssh-ed25519,ecdsa-sha2-nistp256,ecdsa-sha2-nistp384,ecdsa-sha2-nistp521,sk-ssh-ed25519@openssh.com,sk-ecdsa-sha2-nistp256@openssh.com,rsa-sha2-512,rsa-sha2-256>
debug1: kex_input_ext_info: publickey-hostbound@openssh.com=<0>
debug1: kex_input_ext_info: ping@openssh.com (unrecognised)
debug1: SSH2_MSG_SERVICE_ACCEPT received
debug1: Authentications that can continue: publickey,password
debug1: Next authentication method: publickey
debug1: Trying private key: /home/ollama/.ssh/ansible_k8s_ed25519
no such identity: /home/ollama/.ssh/ansible_k8s_ed25519: No such file or directory
debug1: No more authentication methods to try.
root@192.168.0.52: Permission denied (publickey,password).

2025-08-19 08:58:45,075 p=39648 u=ollama n=ansible | k8s05 | UNREACHABLE!: Data could not be sent to remote host "192.168.0.54". Make sure this host can be reached over ssh: OpenSSH_8.9p1 Ubuntu-3ubuntu0.13, OpenSSL 3.0.2 15 Mar 2022
debug1: Reading configuration data /etc/ssh/ssh_config
debug1: /etc/ssh/ssh_config line 19: include /etc/ssh/ssh_config.d/*.conf matched no files
debug1: /etc/ssh/ssh_config line 21: Applying options for *
debug1: auto-mux: Trying existing master
debug1: Control socket "/home/ollama/.ansible/cp/f1671f2cb6" does not exist
debug1: Connecting to 192.168.0.54 [192.168.0.54] port 22.
debug1: fd 3 clearing O_NONBLOCK
debug1: Connection established.
debug1: identity file /home/ollama/.ssh/ansible_k8s_ed25519 type -1
debug1: identity file /home/ollama/.ssh/ansible_k8s_ed25519-cert type -1
debug1: Local version string SSH-2.0-OpenSSH_8.9p1 Ubuntu-3ubuntu0.13
debug1: Remote protocol version 2.0, remote software version OpenSSH_9.6p1 Ubuntu-3ubuntu13.12
debug1: compat_banner: match: OpenSSH_9.6p1 Ubuntu-3ubuntu13.12 pat OpenSSH* compat 0x04000000
debug1: Authenticating to 192.168.0.54:22 as 'root'
debug1: load_hostkeys: fopen /etc/ssh/ssh_known_hosts: No such file or directory
debug1: load_hostkeys: fopen /etc/ssh/ssh_known_hosts2: No such file or directory
debug1: SSH2_MSG_KEXINIT sent
debug1: SSH2_MSG_KEXINIT received
debug1: kex: algorithm: curve25519-sha256
debug1: kex: host key algorithm: ssh-ed25519
debug1: kex: server->client cipher: chacha20-poly1305@openssh.com MAC: <implicit> compression: zlib@openssh.com
debug1: kex: client->server cipher: chacha20-poly1305@openssh.com MAC: <implicit> compression: zlib@openssh.com
debug1: expecting SSH2_MSG_KEX_ECDH_REPLY
debug1: SSH2_MSG_KEX_ECDH_REPLY received
debug1: Server host key: ssh-ed25519 SHA256:cHaQCpLlzIHiHFpJrn4QZ+na2YWu1ZexXWCxS0/OfU4
debug1: load_hostkeys: fopen /etc/ssh/ssh_known_hosts: No such file or directory
debug1: load_hostkeys: fopen /etc/ssh/ssh_known_hosts2: No such file or directory
Warning: Permanently added '192.168.0.54' (ED25519) to the list of known hosts.
debug1: ssh_packet_send2_wrapped: resetting send seqnr 3
debug1: rekey out after 134217728 blocks
debug1: SSH2_MSG_NEWKEYS sent
debug1: expecting SSH2_MSG_NEWKEYS
debug1: ssh_packet_read_poll2: resetting read seqnr 3
debug1: SSH2_MSG_NEWKEYS received
debug1: rekey in after 134217728 blocks
debug1: Will attempt key: /home/ollama/.ssh/ansible_k8s_ed25519  explicit
debug1: SSH2_MSG_EXT_INFO received
debug1: kex_input_ext_info: server-sig-algs=<ssh-ed25519,ecdsa-sha2-nistp256,ecdsa-sha2-nistp384,ecdsa-sha2-nistp521,sk-ssh-ed25519@openssh.com,sk-ecdsa-sha2-nistp256@openssh.com,rsa-sha2-512,rsa-sha2-256>
debug1: kex_input_ext_info: publickey-hostbound@openssh.com=<0>
debug1: kex_input_ext_info: ping@openssh.com (unrecognised)
debug1: SSH2_MSG_SERVICE_ACCEPT received
debug1: Authentications that can continue: publickey,password
debug1: Next authentication method: publickey
debug1: Trying private key: /home/ollama/.ssh/ansible_k8s_ed25519
no such identity: /home/ollama/.ssh/ansible_k8s_ed25519: No such file or directory
debug1: No more authentication methods to try.
root@192.168.0.54: Permission denied (publickey,password).

2025-08-19 08:58:45,077 p=39648 u=ollama n=ansible | k8s02 | UNREACHABLE!: Data could not be sent to remote host "192.168.0.51". Make sure this host can be reached over ssh: OpenSSH_8.9p1 Ubuntu-3ubuntu0.13, OpenSSL 3.0.2 15 Mar 2022
debug1: Reading configuration data /etc/ssh/ssh_config
debug1: /etc/ssh/ssh_config line 19: include /etc/ssh/ssh_config.d/*.conf matched no files
debug1: /etc/ssh/ssh_config line 21: Applying options for *
debug1: auto-mux: Trying existing master
debug1: Control socket "/home/ollama/.ansible/cp/d6c211ddaa" does not exist
debug1: Connecting to 192.168.0.51 [192.168.0.51] port 22.
debug1: fd 3 clearing O_NONBLOCK
debug1: Connection established.
debug1: identity file /home/ollama/.ssh/ansible_k8s_ed25519 type -1
debug1: identity file /home/ollama/.ssh/ansible_k8s_ed25519-cert type -1
debug1: Local version string SSH-2.0-OpenSSH_8.9p1 Ubuntu-3ubuntu0.13
debug1: Remote protocol version 2.0, remote software version OpenSSH_9.6p1 Ubuntu-3ubuntu13.12
debug1: compat_banner: match: OpenSSH_9.6p1 Ubuntu-3ubuntu13.12 pat OpenSSH* compat 0x04000000
debug1: Authenticating to 192.168.0.51:22 as 'root'
debug1: load_hostkeys: fopen /etc/ssh/ssh_known_hosts: No such file or directory
debug1: load_hostkeys: fopen /etc/ssh/ssh_known_hosts2: No such file or directory
debug1: SSH2_MSG_KEXINIT sent
debug1: SSH2_MSG_KEXINIT received
debug1: kex: algorithm: curve25519-sha256
debug1: kex: host key algorithm: ssh-ed25519
debug1: kex: server->client cipher: chacha20-poly1305@openssh.com MAC: <implicit> compression: zlib@openssh.com
debug1: kex: client->server cipher: chacha20-poly1305@openssh.com MAC: <implicit> compression: zlib@openssh.com
debug1: expecting SSH2_MSG_KEX_ECDH_REPLY
debug1: SSH2_MSG_KEX_ECDH_REPLY received
debug1: Server host key: ssh-ed25519 SHA256:3lNTnmLA6bFZZ1nuhTVMuYc8tk+/Xp+2J2/3TN6acNc
debug1: load_hostkeys: fopen /etc/ssh/ssh_known_hosts: No such file or directory
debug1: load_hostkeys: fopen /etc/ssh/ssh_known_hosts2: No such file or directory
Warning: Permanently added '192.168.0.51' (ED25519) to the list of known hosts.
debug1: ssh_packet_send2_wrapped: resetting send seqnr 3
debug1: rekey out after 134217728 blocks
debug1: SSH2_MSG_NEWKEYS sent
debug1: expecting SSH2_MSG_NEWKEYS
debug1: ssh_packet_read_poll2: resetting read seqnr 3
debug1: SSH2_MSG_NEWKEYS received
debug1: rekey in after 134217728 blocks
debug1: Will attempt key: /home/ollama/.ssh/ansible_k8s_ed25519  explicit
debug1: SSH2_MSG_EXT_INFO received
debug1: kex_input_ext_info: server-sig-algs=<ssh-ed25519,ecdsa-sha2-nistp256,ecdsa-sha2-nistp384,ecdsa-sha2-nistp521,sk-ssh-ed25519@openssh.com,sk-ecdsa-sha2-nistp256@openssh.com,rsa-sha2-512,rsa-sha2-256>
debug1: kex_input_ext_info: publickey-hostbound@openssh.com=<0>
debug1: kex_input_ext_info: ping@openssh.com (unrecognised)
debug1: SSH2_MSG_SERVICE_ACCEPT received
debug1: Authentications that can continue: publickey,password
debug1: Next authentication method: publickey
debug1: Trying private key: /home/ollama/.ssh/ansible_k8s_ed25519
no such identity: /home/ollama/.ssh/ansible_k8s_ed25519: No such file or directory
debug1: No more authentication methods to try.
root@192.168.0.51: Permission denied (publickey,password).

2025-08-19 08:58:45,146 p=39648 u=ollama n=ansible | k8s08 | UNREACHABLE!: Data could not be sent to remote host "192.168.0.57". Make sure this host can be reached over ssh: OpenSSH_8.9p1 Ubuntu-3ubuntu0.13, OpenSSL 3.0.2 15 Mar 2022
debug1: Reading configuration data /etc/ssh/ssh_config
debug1: /etc/ssh/ssh_config line 19: include /etc/ssh/ssh_config.d/*.conf matched no files
debug1: /etc/ssh/ssh_config line 21: Applying options for *
debug1: auto-mux: Trying existing master
debug1: Control socket "/home/ollama/.ansible/cp/4ed35ded4b" does not exist
debug1: Connecting to 192.168.0.57 [192.168.0.57] port 22.
debug1: fd 3 clearing O_NONBLOCK
debug1: Connection established.
debug1: identity file /home/ollama/.ssh/ansible_k8s_ed25519 type -1
debug1: identity file /home/ollama/.ssh/ansible_k8s_ed25519-cert type -1
debug1: Local version string SSH-2.0-OpenSSH_8.9p1 Ubuntu-3ubuntu0.13
debug1: Remote protocol version 2.0, remote software version OpenSSH_9.6p1 Ubuntu-3ubuntu13.12
debug1: compat_banner: match: OpenSSH_9.6p1 Ubuntu-3ubuntu13.12 pat OpenSSH* compat 0x04000000
debug1: Authenticating to 192.168.0.57:22 as 'root'
debug1: load_hostkeys: fopen /etc/ssh/ssh_known_hosts: No such file or directory
debug1: load_hostkeys: fopen /etc/ssh/ssh_known_hosts2: No such file or directory
debug1: SSH2_MSG_KEXINIT sent
debug1: SSH2_MSG_KEXINIT received
debug1: kex: algorithm: curve25519-sha256
debug1: kex: host key algorithm: ssh-ed25519
debug1: kex: server->client cipher: chacha20-poly1305@openssh.com MAC: <implicit> compression: zlib@openssh.com
debug1: kex: client->server cipher: chacha20-poly1305@openssh.com MAC: <implicit> compression: zlib@openssh.com
debug1: expecting SSH2_MSG_KEX_ECDH_REPLY
debug1: SSH2_MSG_KEX_ECDH_REPLY received
debug1: Server host key: ssh-ed25519 SHA256:2b/tAkUBy+iokABDnaE1MiA6f1HEw4Mmbm5epNOFJsY
debug1: load_hostkeys: fopen /etc/ssh/ssh_known_hosts: No such file or directory
debug1: load_hostkeys: fopen /etc/ssh/ssh_known_hosts2: No such file or directory
Warning: Permanently added '192.168.0.57' (ED25519) to the list of known hosts.
debug1: ssh_packet_send2_wrapped: resetting send seqnr 3
debug1: rekey out after 134217728 blocks
debug1: SSH2_MSG_NEWKEYS sent
debug1: expecting SSH2_MSG_NEWKEYS
debug1: ssh_packet_read_poll2: resetting read seqnr 3
debug1: SSH2_MSG_NEWKEYS received
debug1: rekey in after 134217728 blocks
debug1: Will attempt key: /home/ollama/.ssh/ansible_k8s_ed25519  explicit
debug1: SSH2_MSG_EXT_INFO received
debug1: kex_input_ext_info: server-sig-algs=<ssh-ed25519,ecdsa-sha2-nistp256,ecdsa-sha2-nistp384,ecdsa-sha2-nistp521,sk-ssh-ed25519@openssh.com,sk-ecdsa-sha2-nistp256@openssh.com,rsa-sha2-512,rsa-sha2-256>
debug1: kex_input_ext_info: publickey-hostbound@openssh.com=<0>
debug1: kex_input_ext_info: ping@openssh.com (unrecognised)
debug1: SSH2_MSG_SERVICE_ACCEPT received
debug1: Authentications that can continue: publickey,password
debug1: Next authentication method: publickey
debug1: Trying private key: /home/ollama/.ssh/ansible_k8s_ed25519
no such identity: /home/ollama/.ssh/ansible_k8s_ed25519: No such file or directory
debug1: No more authentication methods to try.
root@192.168.0.57: Permission denied (publickey,password).

2025-08-19 08:59:19,504 p=40784 u=ollama n=ansible | Using /home/ollama/me/Zenitsu_mforrester-home-lab/kubernetes-upgrade/ansible.cfg as config file
2025-08-19 08:59:21,178 p=40784 u=ollama n=ansible | k8s01 | SUCCESS => {"changed": false,"ping": "pong"}
2025-08-19 08:59:21,228 p=40784 u=ollama n=ansible | k8s07 | SUCCESS => {"changed": false,"ping": "pong"}
2025-08-19 08:59:21,331 p=40784 u=ollama n=ansible | k8s04 | SUCCESS => {"changed": false,"ping": "pong"}
2025-08-19 08:59:21,334 p=40784 u=ollama n=ansible | k8s05 | SUCCESS => {"changed": false,"ping": "pong"}
2025-08-19 08:59:21,335 p=40784 u=ollama n=ansible | k8s03 | SUCCESS => {"changed": false,"ping": "pong"}
2025-08-19 08:59:21,351 p=40784 u=ollama n=ansible | k8s09 | SUCCESS => {"changed": false,"ping": "pong"}
2025-08-19 08:59:21,459 p=40784 u=ollama n=ansible | k8s02 | SUCCESS => {"changed": false,"ping": "pong"}
2025-08-19 08:59:21,510 p=40784 u=ollama n=ansible | k8s08 | SUCCESS => {"changed": false,"ping": "pong"}
2025-08-19 08:59:21,662 p=40784 u=ollama n=ansible | k8s06 | SUCCESS => {"changed": false,"ping": "pong"}
2025-08-19 08:59:35,319 p=41328 u=ollama n=ansible | Using /home/ollama/me/Zenitsu_mforrester-home-lab/kubernetes-upgrade/ansible.cfg as config file
2025-08-19 08:59:35,478 p=41328 u=ollama n=ansible | PLAY [Pre-Upgrade Validation and Health Checks] ********************************
2025-08-19 08:59:36,800 p=41328 u=ollama n=ansible | TASK [Gathering Facts] *********************************************************
2025-08-19 08:59:36,801 p=41328 u=ollama n=ansible | ok: [k8s01]
2025-08-19 08:59:36,806 p=41328 u=ollama n=ansible | [WARNING]: Using run_once with the free strategy is not currently supported.
This task will still be executed for every host in the inventory list.

2025-08-19 08:59:36,902 p=41328 u=ollama n=ansible | TASK [Create validation report directory] **************************************
2025-08-19 08:59:36,902 p=41328 u=ollama n=ansible | fatal: [k8s01 -> localhost]: FAILED! => changed=false 
  module_stderr: |-
    sudo: a password is required
  module_stdout: ''
  msg: |-
    MODULE FAILURE
    See stdout/stderr for the exact error
  rc: 1
2025-08-19 08:59:36,913 p=41328 u=ollama n=ansible | 	to retry, use: --limit @/home/ollama/me/Zenitsu_mforrester-home-lab/kubernetes-upgrade/.ansible-retry/00-pre-upgrade-validation.retry

2025-08-19 08:59:36,913 p=41328 u=ollama n=ansible | PLAY RECAP *********************************************************************
2025-08-19 08:59:36,913 p=41328 u=ollama n=ansible | k8s01                      : ok=1    changed=0    unreachable=0    failed=1    skipped=0    rescued=0    ignored=0   
2025-08-19 09:00:07,450 p=42267 u=ollama n=ansible | Using /home/ollama/me/Zenitsu_mforrester-home-lab/kubernetes-upgrade/ansible.cfg as config file
2025-08-19 09:00:07,609 p=42267 u=ollama n=ansible | PLAY [Pre-Upgrade Validation and Health Checks] ********************************
2025-08-19 09:00:07,623 p=42267 u=ollama n=ansible | [WARNING]: Using run_once with the free strategy is not currently supported.
This task will still be executed for every host in the inventory list.

2025-08-19 09:00:07,725 p=42267 u=ollama n=ansible | TASK [Create validation report directory] **************************************
2025-08-19 09:00:07,725 p=42267 u=ollama n=ansible | fatal: [k8s01 -> localhost]: FAILED! => changed=false 
  module_stderr: |-
    sudo: a password is required
  module_stdout: ''
  msg: |-
    MODULE FAILURE
    See stdout/stderr for the exact error
  rc: 1
2025-08-19 09:00:07,741 p=42267 u=ollama n=ansible | 	to retry, use: --limit @/home/ollama/me/Zenitsu_mforrester-home-lab/kubernetes-upgrade/.ansible-retry/00-pre-upgrade-validation.retry

2025-08-19 09:00:07,741 p=42267 u=ollama n=ansible | PLAY RECAP *********************************************************************
2025-08-19 09:00:07,741 p=42267 u=ollama n=ansible | k8s01                      : ok=0    changed=0    unreachable=0    failed=1    skipped=0    rescued=0    ignored=0   
2025-08-19 09:01:11,323 p=43972 u=ollama n=ansible | Using /home/ollama/me/Zenitsu_mforrester-home-lab/kubernetes-upgrade/ansible.cfg as config file
2025-08-19 09:01:11,459 p=43972 u=ollama n=ansible | PLAY [Pre-Upgrade Validation and Health Checks] ********************************
2025-08-19 09:01:11,470 p=43972 u=ollama n=ansible | [WARNING]: Using run_once with the free strategy is not currently supported.
This task will still be executed for every host in the inventory list.

2025-08-19 09:01:11,781 p=43972 u=ollama n=ansible | TASK [Create validation report directory] **************************************
2025-08-19 09:01:11,782 p=43972 u=ollama n=ansible | changed: [k8s01] => changed=true 
  gid: 0
  group: root
  mode: '0755'
  owner: root
  path: /tmp/k8s-upgrade-validation-1755608375
  size: 4096
  state: directory
  uid: 0
2025-08-19 09:01:12,514 p=43972 u=ollama n=ansible | TASK [Initialize validation report] ********************************************
2025-08-19 09:01:12,515 p=43972 u=ollama n=ansible | changed: [k8s01] => changed=true 
  checksum: 11d222b6070bfaad3da6267ee018689842000eb9
  dest: /tmp/k8s-upgrade-validation-1755608375/validation-report.md
  gid: 0
  group: root
  md5sum: b2351247ccbdc3ce7743664a6eac23a7
  mode: '0644'
  owner: root
  size: 135
  src: /root/.ansible/tmp/ansible-tmp-1755608471.809957-44030-61545123908186/.source.md
  state: file
  uid: 0
2025-08-19 09:01:12,900 p=43972 u=ollama n=ansible | TASK [VALIDATION | Check SSH connectivity] *************************************
2025-08-19 09:01:12,901 p=43972 u=ollama n=ansible | ok: [k8s01] => changed=false 
  ping: pong
2025-08-19 09:01:13,278 p=43972 u=ollama n=ansible | TASK [VALIDATION | Verify hostname resolution] *********************************
2025-08-19 09:01:13,279 p=43972 u=ollama n=ansible | ok: [k8s01] => changed=false 
  cmd:
  - hostname
  - -f
  delta: '0:00:00.003143'
  end: '2025-08-19 13:01:13.074319'
  msg: ''
  rc: 0
  start: '2025-08-19 13:01:13.071176'
  stderr: ''
  stderr_lines: <omitted>
  stdout: k8s01
  stdout_lines: <omitted>
2025-08-19 09:01:13,529 p=43972 u=ollama n=ansible | TASK [VALIDATION | Check system uptime] ****************************************
2025-08-19 09:01:13,529 p=43972 u=ollama n=ansible | ok: [k8s01] => changed=false 
  cmd:
  - uptime
  - -p
  delta: '0:00:00.004196'
  end: '2025-08-19 13:01:13.318016'
  msg: ''
  rc: 0
  start: '2025-08-19 13:01:13.313820'
  stderr: ''
  stderr_lines: <omitted>
  stdout: up 2 weeks, 3 days, 21 hours, 8 minutes
  stdout_lines: <omitted>
2025-08-19 09:01:13,770 p=43972 u=ollama n=ansible | TASK [VALIDATION | Verify node is not in maintenance mode] *********************
2025-08-19 09:01:13,770 p=43972 u=ollama n=ansible | ok: [k8s01] => changed=false 
  failed_when_result: false
  stat:
    exists: false
2025-08-19 09:01:13,790 p=43972 u=ollama n=ansible | TASK [VALIDATION | Check CPU cores] ********************************************
2025-08-19 09:01:13,790 p=43972 u=ollama n=ansible | ok: [k8s01] => changed=false 
  msg: CPU cores check passed (4 cores)
2025-08-19 09:01:13,810 p=43972 u=ollama n=ansible | TASK [VALIDATION | Check available memory] *************************************
2025-08-19 09:01:13,810 p=43972 u=ollama n=ansible | ok: [k8s01] => changed=false 
  msg: Memory check passed (15773MB)
2025-08-19 09:01:13,841 p=43972 u=ollama n=ansible | TASK [VALIDATION | Check disk space on root partition] *************************
2025-08-19 09:01:13,842 p=43972 u=ollama n=ansible | ok: [k8s01] => changed=false 
  msg: Disk space check passed
2025-08-19 09:01:14,100 p=43972 u=ollama n=ansible | TASK [VALIDATION | Verify swap is disabled] ************************************
2025-08-19 09:01:14,100 p=43972 u=ollama n=ansible | ok: [k8s01] => changed=false 
  cmd:
  - swapon
  - --show
  delta: '0:00:00.006491'
  end: '2025-08-19 13:01:13.866955'
  failed_when_result: false
  msg: ''
  rc: 0
  start: '2025-08-19 13:01:13.860464'
  stderr: ''
  stderr_lines: <omitted>
  stdout: ''
  stdout_lines: <omitted>
2025-08-19 09:01:14,125 p=43972 u=ollama n=ansible | TASK [VALIDATION | Check kernel version] ***************************************
2025-08-19 09:01:14,125 p=43972 u=ollama n=ansible | ok: [k8s01] => changed=false 
  msg: Kernel version check passed (6.8.0-63-generic)
2025-08-19 09:01:14,470 p=43972 u=ollama n=ansible | TASK [VALIDATION | Test connectivity to API server VIP] ************************
2025-08-19 09:01:14,471 p=43972 u=ollama n=ansible | ok: [k8s01] => changed=false 
  elapsed: 0
  match_groupdict: {}
  match_groups: []
  path: null
  port: 6443
  search_regex: null
  state: started
2025-08-19 09:01:14,759 p=43972 u=ollama n=ansible | TASK [VALIDATION | Test DNS resolution] ****************************************
2025-08-19 09:01:14,760 p=43972 u=ollama n=ansible | ok: [k8s01] => changed=false 
  cmd: nslookup kubernetes.default.svc.cluster.local
  failed_when_result: false
  msg: '[Errno 2] No such file or directory: b''nslookup'''
  rc: 2
  stderr: ''
  stderr_lines: <omitted>
  stdout: ''
  stdout_lines: <omitted>
2025-08-19 09:01:14,784 p=43972 u=ollama n=ansible | TASK [VALIDATION | Check network interfaces] ***********************************
2025-08-19 09:01:14,785 p=43972 u=ollama n=ansible | ok: [k8s01] => changed=false 
  msg: Network interfaces check passed
2025-08-19 09:01:14,806 p=43972 u=ollama n=ansible | TASK [VALIDATION | Test connectivity between nodes] ****************************
2025-08-19 09:01:14,807 p=43972 u=ollama n=ansible | fatal: [k8s01]: FAILED! => 
  msg: |-
    The task includes an option with an undefined variable. The error was: 'ansible.vars.hostvars.HostVarsVars object' has no attribute 'ansible_default_ipv4'
  
    The error appears to be in '/home/ollama/me/Zenitsu_mforrester-home-lab/kubernetes-upgrade/playbooks/00-pre-upgrade-validation.yml': line 122, column 7, but may
    be elsewhere in the file depending on the exact syntax problem.
  
    The offending line appears to be:
  
  
        - name: "VALIDATION | Test connectivity between nodes"
          ^ here
2025-08-19 09:01:14,820 p=43972 u=ollama n=ansible | 	to retry, use: --limit @/home/ollama/me/Zenitsu_mforrester-home-lab/kubernetes-upgrade/.ansible-retry/00-pre-upgrade-validation.retry

2025-08-19 09:01:14,820 p=43972 u=ollama n=ansible | PLAY RECAP *********************************************************************
2025-08-19 09:01:14,820 p=43972 u=ollama n=ansible | k8s01                      : ok=14   changed=2    unreachable=0    failed=1    skipped=0    rescued=0    ignored=0   
2025-08-19 09:02:24,951 p=46267 u=ollama n=ansible | Using /home/ollama/me/Zenitsu_mforrester-home-lab/kubernetes-upgrade/ansible.cfg as config file
2025-08-19 09:02:25,298 p=46267 u=ollama n=ansible | k8s09 | SUCCESS => {"changed": false,"ping": "pong"}
2025-08-19 09:02:25,306 p=46267 u=ollama n=ansible | k8s07 | SUCCESS => {"changed": false,"ping": "pong"}
2025-08-19 09:02:25,336 p=46267 u=ollama n=ansible | k8s04 | SUCCESS => {"changed": false,"ping": "pong"}
2025-08-19 09:02:25,342 p=46267 u=ollama n=ansible | k8s05 | SUCCESS => {"changed": false,"ping": "pong"}
2025-08-19 09:02:25,345 p=46267 u=ollama n=ansible | k8s08 | SUCCESS => {"changed": false,"ping": "pong"}
2025-08-19 09:02:25,348 p=46267 u=ollama n=ansible | k8s03 | SUCCESS => {"changed": false,"ping": "pong"}
2025-08-19 09:02:25,404 p=46267 u=ollama n=ansible | k8s01 | SUCCESS => {"changed": false,"ping": "pong"}
2025-08-19 09:02:25,426 p=46267 u=ollama n=ansible | k8s02 | SUCCESS => {"changed": false,"ping": "pong"}
2025-08-19 09:02:25,426 p=46267 u=ollama n=ansible | k8s06 | SUCCESS => {"changed": false,"ping": "pong"}
2025-08-19 09:02:25,718 p=46354 u=ollama n=ansible | Using /home/ollama/me/Zenitsu_mforrester-home-lab/kubernetes-upgrade/ansible.cfg as config file
2025-08-19 09:02:25,862 p=46354 u=ollama n=ansible | PLAY [Test Prerequisites and Environment Readiness] ****************************
2025-08-19 09:02:25,875 p=46354 u=ollama n=ansible | [WARNING]: Using any_errors_fatal with the free strategy is not supported, as
tasks are executed independently on each host

2025-08-19 09:02:25,934 p=46354 u=ollama n=ansible | [WARNING]: Using run_once with the free strategy is not currently supported.
This task will still be executed for every host in the inventory list.

2025-08-19 09:02:25,955 p=46354 u=ollama n=ansible | TASK [TEST | Check Ansible version] ********************************************
2025-08-19 09:02:25,955 p=46354 u=ollama n=ansible | ok: [k8s01 -> localhost] => changed=false 
  msg: ✓ Ansible version 2.17.1 meets requirements
2025-08-19 09:02:26,159 p=46354 u=ollama n=ansible | TASK [TEST | Check Python version on control node] *****************************
2025-08-19 09:02:26,160 p=46354 u=ollama n=ansible | fatal: [k8s01 -> localhost]: FAILED! => changed=false 
  module_stderr: |-
    sudo: a password is required
  module_stdout: ''
  msg: |-
    MODULE FAILURE
    See stdout/stderr for the exact error
  rc: 1
2025-08-19 09:02:27,011 p=46354 u=ollama n=ansible | TASK [Gathering Facts] *********************************************************
2025-08-19 09:02:27,012 p=46354 u=ollama n=ansible | ok: [k8s03]
2025-08-19 09:02:27,058 p=46354 u=ollama n=ansible | ok: [k8s07]
2025-08-19 09:02:27,061 p=46354 u=ollama n=ansible | ok: [k8s02]
2025-08-19 09:02:27,181 p=46354 u=ollama n=ansible | ok: [k8s04]
2025-08-19 09:02:27,205 p=46354 u=ollama n=ansible | ok: [k8s05]
2025-08-19 09:02:27,292 p=46354 u=ollama n=ansible | ok: [k8s08]
2025-08-19 09:02:27,603 p=46354 u=ollama n=ansible | ok: [k8s06]
2025-08-19 09:02:38,273 p=46354 u=ollama n=ansible | ok: [k8s09]
2025-08-19 09:02:38,276 p=46354 u=ollama n=ansible | 	to retry, use: --limit @/home/ollama/me/Zenitsu_mforrester-home-lab/kubernetes-upgrade/.ansible-retry/01-test-prerequisites.retry

2025-08-19 09:02:38,277 p=46354 u=ollama n=ansible | PLAY RECAP *********************************************************************
2025-08-19 09:02:38,277 p=46354 u=ollama n=ansible | k8s01                      : ok=1    changed=0    unreachable=0    failed=1    skipped=0    rescued=0    ignored=0   
2025-08-19 09:02:38,277 p=46354 u=ollama n=ansible | k8s02                      : ok=1    changed=0    unreachable=0    failed=0    skipped=0    rescued=0    ignored=0   
2025-08-19 09:02:38,277 p=46354 u=ollama n=ansible | k8s03                      : ok=1    changed=0    unreachable=0    failed=0    skipped=0    rescued=0    ignored=0   
2025-08-19 09:02:38,277 p=46354 u=ollama n=ansible | k8s04                      : ok=1    changed=0    unreachable=0    failed=0    skipped=0    rescued=0    ignored=0   
2025-08-19 09:02:38,277 p=46354 u=ollama n=ansible | k8s05                      : ok=1    changed=0    unreachable=0    failed=0    skipped=0    rescued=0    ignored=0   
2025-08-19 09:02:38,277 p=46354 u=ollama n=ansible | k8s06                      : ok=1    changed=0    unreachable=0    failed=0    skipped=0    rescued=0    ignored=0   
2025-08-19 09:02:38,277 p=46354 u=ollama n=ansible | k8s07                      : ok=1    changed=0    unreachable=0    failed=0    skipped=0    rescued=0    ignored=0   
2025-08-19 09:02:38,277 p=46354 u=ollama n=ansible | k8s08                      : ok=1    changed=0    unreachable=0    failed=0    skipped=0    rescued=0    ignored=0   
2025-08-19 09:02:38,277 p=46354 u=ollama n=ansible | k8s09                      : ok=1    changed=0    unreachable=0    failed=0    skipped=0    rescued=0    ignored=0   
2025-08-19 09:03:55,696 p=48988 u=ollama n=ansible | Using /home/ollama/me/Zenitsu_mforrester-home-lab/kubernetes-upgrade/ansible.cfg as config file
2025-08-19 09:03:55,848 p=48988 u=ollama n=ansible | PLAY [Comprehensive Kubernetes Cluster Backup] *********************************
2025-08-19 09:03:56,209 p=48988 u=ollama n=ansible | TASK [Ensure backup directories exist] *****************************************
2025-08-19 09:03:56,210 p=48988 u=ollama n=ansible | changed: [k8s01] => (item=/backup/kubernetes/2025-08-19-1.31.10) => changed=true 
  ansible_loop_var: item
  item: /backup/kubernetes/2025-08-19-1.31.10
  path: /backup/kubernetes/2025-08-19-1.31.10
2025-08-19 09:03:56,454 p=48988 u=ollama n=ansible | changed: [k8s01] => (item=/backup/kubernetes/2025-08-19-1.31.10/etcd) => changed=true 
  ansible_loop_var: item
  item: /backup/kubernetes/2025-08-19-1.31.10/etcd
  path: /backup/kubernetes/2025-08-19-1.31.10/etcd
2025-08-19 09:03:56,694 p=48988 u=ollama n=ansible | changed: [k8s01] => (item=/backup/kubernetes/2025-08-19-1.31.10/certificates) => changed=true 
  ansible_loop_var: item
  item: /backup/kubernetes/2025-08-19-1.31.10/certificates
  path: /backup/kubernetes/2025-08-19-1.31.10/certificates
2025-08-19 09:03:56,943 p=48988 u=ollama n=ansible | changed: [k8s01] => (item=/backup/kubernetes/2025-08-19-1.31.10/manifests) => changed=true 
  ansible_loop_var: item
  item: /backup/kubernetes/2025-08-19-1.31.10/manifests
  path: /backup/kubernetes/2025-08-19-1.31.10/manifests
2025-08-19 09:03:57,183 p=48988 u=ollama n=ansible | changed: [k8s01] => (item=/backup/kubernetes/2025-08-19-1.31.10/configs) => changed=true 
  ansible_loop_var: item
  item: /backup/kubernetes/2025-08-19-1.31.10/configs
  path: /backup/kubernetes/2025-08-19-1.31.10/configs
2025-08-19 09:03:57,429 p=48988 u=ollama n=ansible | changed: [k8s01] => (item=/backup/kubernetes/2025-08-19-1.31.10/resources) => changed=true 
  ansible_loop_var: item
  item: /backup/kubernetes/2025-08-19-1.31.10/resources
  path: /backup/kubernetes/2025-08-19-1.31.10/resources
2025-08-19 09:03:57,676 p=48988 u=ollama n=ansible | changed: [k8s01] => (item=/backup/kubernetes/2025-08-19-1.31.10/secrets) => changed=true 
  ansible_loop_var: item
  item: /backup/kubernetes/2025-08-19-1.31.10/secrets
  path: /backup/kubernetes/2025-08-19-1.31.10/secrets
2025-08-19 09:03:57,916 p=48988 u=ollama n=ansible | changed: [k8s01] => (item=/backup/kubernetes/2025-08-19-1.31.10/verification) => changed=true 
  ansible_loop_var: item
  item: /backup/kubernetes/2025-08-19-1.31.10/verification
  path: /backup/kubernetes/2025-08-19-1.31.10/verification
2025-08-19 09:03:58,287 p=48988 u=ollama n=ansible | TASK [Initialize backup manifest] **********************************************
2025-08-19 09:03:58,288 p=48988 u=ollama n=ansible | changed: [k8s01] => changed=true
2025-08-19 09:03:59,370 p=48988 u=ollama n=ansible | TASK [BACKUP | Compress etcd snapshot] *****************************************
2025-08-19 09:03:59,370 p=48988 u=ollama n=ansible | ok: [k8s01] => changed=false 
  archived: []
  arcroot: /backup/kubernetes/2025-08-19-1.31.10/etcd/
  dest: /backup/kubernetes/2025-08-19-1.31.10/etcd/etcd-snapshot-1755608375.db.tar.gz
  dest_state: absent
  expanded_exclude_paths: []
  expanded_paths:
  - /backup/kubernetes/2025-08-19-1.31.10/etcd/etcd-snapshot-1755608375.db
  missing:
  - /backup/kubernetes/2025-08-19-1.31.10/etcd/etcd-snapshot-1755608375.db
2025-08-19 09:03:59,627 p=48988 u=ollama n=ansible | TASK [BACKUP | Calculate etcd backup checksum] *********************************
2025-08-19 09:03:59,628 p=48988 u=ollama n=ansible | ok: [k8s01] => changed=false 
  stat:
    exists: false
2025-08-19 09:03:59,650 p=48988 u=ollama n=ansible | TASK [BACKUP | Save etcd backup metadata] **************************************
2025-08-19 09:03:59,651 p=48988 u=ollama n=ansible | fatal: [k8s01]: FAILED! => 
  msg: |-
    The task includes an option with an undefined variable. The error was: 'dict object' has no attribute 'size'
  
    The error appears to be in '/home/ollama/me/Zenitsu_mforrester-home-lab/kubernetes-upgrade/playbooks/01-backup-cluster.yml': line 84, column 7, but may
    be elsewhere in the file depending on the exact syntax problem.
  
    The offending line appears to be:
  
  
        - name: "BACKUP | Save etcd backup metadata"
          ^ here
2025-08-19 09:03:59,670 p=48988 u=ollama n=ansible | 	to retry, use: --limit @/home/ollama/me/Zenitsu_mforrester-home-lab/kubernetes-upgrade/.ansible-retry/01-backup-cluster.retry

2025-08-19 09:03:59,670 p=48988 u=ollama n=ansible | PLAY RECAP *********************************************************************
2025-08-19 09:03:59,670 p=48988 u=ollama n=ansible | k8s01                      : ok=4    changed=2    unreachable=0    failed=1    skipped=2    rescued=0    ignored=0   
2025-08-19 09:04:18,244 p=49742 u=ollama n=ansible | Using /home/ollama/me/Zenitsu_mforrester-home-lab/kubernetes-upgrade/ansible.cfg as config file
2025-08-19 09:04:18,391 p=49742 u=ollama n=ansible | PLAY [Comprehensive Kubernetes Cluster Backup] *********************************
2025-08-19 09:04:18,749 p=49742 u=ollama n=ansible | TASK [Ensure backup directories exist] *****************************************
2025-08-19 09:04:18,749 p=49742 u=ollama n=ansible | changed: [k8s01] => (item=/backup/kubernetes/2025-08-19-1.31.10) => changed=true 
  ansible_loop_var: item
  item: /backup/kubernetes/2025-08-19-1.31.10
  path: /backup/kubernetes/2025-08-19-1.31.10
2025-08-19 09:04:18,995 p=49742 u=ollama n=ansible | changed: [k8s01] => (item=/backup/kubernetes/2025-08-19-1.31.10/etcd) => changed=true 
  ansible_loop_var: item
  item: /backup/kubernetes/2025-08-19-1.31.10/etcd
  path: /backup/kubernetes/2025-08-19-1.31.10/etcd
2025-08-19 09:04:19,237 p=49742 u=ollama n=ansible | changed: [k8s01] => (item=/backup/kubernetes/2025-08-19-1.31.10/certificates) => changed=true 
  ansible_loop_var: item
  item: /backup/kubernetes/2025-08-19-1.31.10/certificates
  path: /backup/kubernetes/2025-08-19-1.31.10/certificates
2025-08-19 09:04:19,477 p=49742 u=ollama n=ansible | changed: [k8s01] => (item=/backup/kubernetes/2025-08-19-1.31.10/manifests) => changed=true 
  ansible_loop_var: item
  item: /backup/kubernetes/2025-08-19-1.31.10/manifests
  path: /backup/kubernetes/2025-08-19-1.31.10/manifests
2025-08-19 09:04:19,733 p=49742 u=ollama n=ansible | changed: [k8s01] => (item=/backup/kubernetes/2025-08-19-1.31.10/configs) => changed=true 
  ansible_loop_var: item
  item: /backup/kubernetes/2025-08-19-1.31.10/configs
  path: /backup/kubernetes/2025-08-19-1.31.10/configs
2025-08-19 09:04:19,977 p=49742 u=ollama n=ansible | changed: [k8s01] => (item=/backup/kubernetes/2025-08-19-1.31.10/resources) => changed=true 
  ansible_loop_var: item
  item: /backup/kubernetes/2025-08-19-1.31.10/resources
  path: /backup/kubernetes/2025-08-19-1.31.10/resources
2025-08-19 09:04:20,230 p=49742 u=ollama n=ansible | changed: [k8s01] => (item=/backup/kubernetes/2025-08-19-1.31.10/secrets) => changed=true 
  ansible_loop_var: item
  item: /backup/kubernetes/2025-08-19-1.31.10/secrets
  path: /backup/kubernetes/2025-08-19-1.31.10/secrets
2025-08-19 09:04:20,472 p=49742 u=ollama n=ansible | changed: [k8s01] => (item=/backup/kubernetes/2025-08-19-1.31.10/verification) => changed=true 
  ansible_loop_var: item
  item: /backup/kubernetes/2025-08-19-1.31.10/verification
  path: /backup/kubernetes/2025-08-19-1.31.10/verification
2025-08-19 09:04:20,843 p=49742 u=ollama n=ansible | TASK [Initialize backup manifest] **********************************************
2025-08-19 09:04:20,843 p=49742 u=ollama n=ansible | changed: [k8s01] => changed=true
2025-08-19 09:04:21,865 p=49742 u=ollama n=ansible | TASK [BACKUP | Compress etcd snapshot] *****************************************
2025-08-19 09:04:21,866 p=49742 u=ollama n=ansible | ok: [k8s01] => changed=false 
  archived: []
  arcroot: /backup/kubernetes/2025-08-19-1.31.10/etcd/
  dest: /backup/kubernetes/2025-08-19-1.31.10/etcd/etcd-snapshot-1755608375.db.tar.gz
  dest_state: absent
  expanded_exclude_paths: []
  expanded_paths:
  - /backup/kubernetes/2025-08-19-1.31.10/etcd/etcd-snapshot-1755608375.db
  missing:
  - /backup/kubernetes/2025-08-19-1.31.10/etcd/etcd-snapshot-1755608375.db
2025-08-19 09:04:22,135 p=49742 u=ollama n=ansible | TASK [BACKUP | Calculate etcd backup checksum] *********************************
2025-08-19 09:04:22,135 p=49742 u=ollama n=ansible | ok: [k8s01] => changed=false 
  stat:
    exists: false
2025-08-19 09:06:27,099 p=53286 u=ollama n=ansible | Using /home/ollama/me/Zenitsu_mforrester-home-lab/kubernetes-upgrade/ansible.cfg as config file
2025-08-19 09:06:27,671 p=53286 u=ollama n=ansible | k8s01 | CHANGED | rc=0 | (stdout) NAME    STATUS   ROLES           AGE   VERSION\nk8s01   Ready    control-plane   43d   v1.31.10\nk8s02   Ready    control-plane   43d   v1.31.10\nk8s03   Ready    control-plane   43d   v1.31.10\nk8s04   Ready    worker          43d   v1.31.10\nk8s05   Ready    worker          43d   v1.31.10\nk8s06   Ready    worker          43d   v1.31.10\nk8s07   Ready    worker          43d   v1.31.10\nk8s08   Ready    worker          43d   v1.31.10\nk8s09   Ready    worker          43d   v1.31.10
2025-08-19 09:06:32,822 p=53572 u=ollama n=ansible | Using /home/ollama/me/Zenitsu_mforrester-home-lab/kubernetes-upgrade/ansible.cfg as config file
2025-08-19 09:06:33,034 p=53572 u=ollama n=ansible | PLAY [Upgrade Kubernetes Control Plane Nodes] **********************************
2025-08-19 09:06:33,042 p=53572 u=ollama n=ansible | [WARNING]: Using max_fail_percentage with the free strategy is not supported,
as tasks are executed independently on each host

2025-08-19 09:06:33,084 p=53572 u=ollama n=ansible | TASK [Validate target node] ****************************************************
2025-08-19 09:06:33,084 p=53572 u=ollama n=ansible | ok: [k8s01] => changed=false 
  msg: All assertions passed
2025-08-19 09:06:33,496 p=53572 u=ollama n=ansible | TASK [Create upgrade state file] ***********************************************
2025-08-19 09:06:33,497 p=53572 u=ollama n=ansible | changed: [k8s01] => changed=true
2025-08-19 09:06:34,180 p=53572 u=ollama n=ansible | TASK [PRE-UPGRADE | Verify node is Ready] **************************************
2025-08-19 09:06:34,181 p=53572 u=ollama n=ansible | An exception occurred during task execution. To see the full traceback, use -vvv. The error was: json.decoder.JSONDecodeError: Expecting value: line 1 column 1 (char 0)
2025-08-19 09:06:34,181 p=53572 u=ollama n=ansible | fatal: [k8s01]: FAILED! => 
  msg: 'Unexpected failure during module execution: Expecting value: line 1 column 1 (char 0)'
  stdout: ''
2025-08-19 09:06:34,198 p=53572 u=ollama n=ansible | 	to retry, use: --limit @/home/ollama/me/Zenitsu_mforrester-home-lab/kubernetes-upgrade/.ansible-retry/02-upgrade-control-plane.retry

2025-08-19 09:06:34,198 p=53572 u=ollama n=ansible | PLAY RECAP *********************************************************************
2025-08-19 09:06:34,199 p=53572 u=ollama n=ansible | k8s01                      : ok=2    changed=1    unreachable=0    failed=1    skipped=2    rescued=0    ignored=0   
2025-08-19 09:07:01,389 p=54409 u=ollama n=ansible | Using /home/ollama/me/Zenitsu_mforrester-home-lab/kubernetes-upgrade/ansible.cfg as config file
2025-08-19 09:07:01,540 p=54409 u=ollama n=ansible | PLAY [Test Kubernetes Upgrade Commands] ****************************************
2025-08-19 09:07:01,968 p=54409 u=ollama n=ansible | TASK [Check current version] ***************************************************
2025-08-19 09:07:01,969 p=54409 u=ollama n=ansible | fatal: [k8s01]: FAILED! => changed=false 
  cmd:
  - kubectl
  - version
  - --short
  delta: '0:00:00.054748'
  end: '2025-08-19 13:07:01.802619'
  msg: non-zero return code
  rc: 1
  start: '2025-08-19 13:07:01.747871'
  stderr: |-
    error: unknown flag: --short
    See 'kubectl version --help' for usage.
  stderr_lines: <omitted>
  stdout: ''
  stdout_lines: <omitted>
2025-08-19 09:07:01,983 p=54409 u=ollama n=ansible | 	to retry, use: --limit @/home/ollama/me/Zenitsu_mforrester-home-lab/kubernetes-upgrade/.ansible-retry/test-upgrade.retry

2025-08-19 09:07:01,983 p=54409 u=ollama n=ansible | PLAY RECAP *********************************************************************
2025-08-19 09:07:01,983 p=54409 u=ollama n=ansible | k8s01                      : ok=0    changed=0    unreachable=0    failed=1    skipped=0    rescued=0    ignored=0   
2025-08-19 09:07:14,283 p=54779 u=ollama n=ansible | Using /home/ollama/me/Zenitsu_mforrester-home-lab/kubernetes-upgrade/ansible.cfg as config file
2025-08-19 09:07:14,447 p=54779 u=ollama n=ansible | PLAY [Test Kubernetes Upgrade Commands] ****************************************
2025-08-19 09:07:14,857 p=54779 u=ollama n=ansible | TASK [Check current version] ***************************************************
2025-08-19 09:07:14,858 p=54779 u=ollama n=ansible | ok: [k8s01] => changed=false 
  cmd:
  - kubectl
  - version
  delta: '0:00:00.063481'
  end: '2025-08-19 13:07:14.333561'
  msg: ''
  rc: 0
  start: '2025-08-19 13:07:14.270080'
  stderr: ''
  stderr_lines: <omitted>
  stdout: |-
    Client Version: v1.31.10
    Kustomize Version: v5.4.2
    Server Version: v1.31.10
  stdout_lines: <omitted>
2025-08-19 09:07:14,879 p=54779 u=ollama n=ansible | TASK [Display current version] *************************************************
2025-08-19 09:07:14,879 p=54779 u=ollama n=ansible | ok: [k8s01] => 
  current_version.stdout_lines:
  - 'Client Version: v1.31.10'
  - 'Kustomize Version: v5.4.2'
  - 'Server Version: v1.31.10'
2025-08-19 09:07:15,169 p=54779 u=ollama n=ansible | TASK [Check available kubeadm versions] ****************************************
2025-08-19 09:07:15,170 p=54779 u=ollama n=ansible | ok: [k8s01] => changed=false 
  cmd: apt-cache madison kubeadm | head -10
  delta: '0:00:00.034265'
  end: '2025-08-19 13:07:14.634828'
  msg: ''
  rc: 0
  start: '2025-08-19 13:07:14.600563'
  stderr: ''
  stderr_lines: <omitted>
  stdout: |2-
       kubeadm | 1.31.12-1.1 | https://pkgs.k8s.io/core:/stable:/v1.31/deb  Packages
       kubeadm | 1.31.11-1.1 | https://pkgs.k8s.io/core:/stable:/v1.31/deb  Packages
       kubeadm | 1.31.10-1.1 | https://pkgs.k8s.io/core:/stable:/v1.31/deb  Packages
       kubeadm | 1.31.9-1.1 | https://pkgs.k8s.io/core:/stable:/v1.31/deb  Packages
       kubeadm | 1.31.8-1.1 | https://pkgs.k8s.io/core:/stable:/v1.31/deb  Packages
       kubeadm | 1.31.7-1.1 | https://pkgs.k8s.io/core:/stable:/v1.31/deb  Packages
       kubeadm | 1.31.6-1.1 | https://pkgs.k8s.io/core:/stable:/v1.31/deb  Packages
       kubeadm | 1.31.5-1.1 | https://pkgs.k8s.io/core:/stable:/v1.31/deb  Packages
       kubeadm | 1.31.4-1.1 | https://pkgs.k8s.io/core:/stable:/v1.31/deb  Packages
       kubeadm | 1.31.3-1.1 | https://pkgs.k8s.io/core:/stable:/v1.31/deb  Packages
  stdout_lines: <omitted>
2025-08-19 09:07:15,191 p=54779 u=ollama n=ansible | TASK [Display available versions] **********************************************
2025-08-19 09:07:15,192 p=54779 u=ollama n=ansible | ok: [k8s01] => 
  available_versions.stdout_lines:
  - '   kubeadm | 1.31.12-1.1 | https://pkgs.k8s.io/core:/stable:/v1.31/deb  Packages'
  - '   kubeadm | 1.31.11-1.1 | https://pkgs.k8s.io/core:/stable:/v1.31/deb  Packages'
  - '   kubeadm | 1.31.10-1.1 | https://pkgs.k8s.io/core:/stable:/v1.31/deb  Packages'
  - '   kubeadm | 1.31.9-1.1 | https://pkgs.k8s.io/core:/stable:/v1.31/deb  Packages'
  - '   kubeadm | 1.31.8-1.1 | https://pkgs.k8s.io/core:/stable:/v1.31/deb  Packages'
  - '   kubeadm | 1.31.7-1.1 | https://pkgs.k8s.io/core:/stable:/v1.31/deb  Packages'
  - '   kubeadm | 1.31.6-1.1 | https://pkgs.k8s.io/core:/stable:/v1.31/deb  Packages'
  - '   kubeadm | 1.31.5-1.1 | https://pkgs.k8s.io/core:/stable:/v1.31/deb  Packages'
  - '   kubeadm | 1.31.4-1.1 | https://pkgs.k8s.io/core:/stable:/v1.31/deb  Packages'
  - '   kubeadm | 1.31.3-1.1 | https://pkgs.k8s.io/core:/stable:/v1.31/deb  Packages'
2025-08-19 09:07:21,807 p=54779 u=ollama n=ansible | TASK [Run kubeadm upgrade plan] ************************************************
2025-08-19 09:07:21,808 p=54779 u=ollama n=ansible | ok: [k8s01] => changed=false 
  cmd:
  - kubeadm
  - upgrade
  - plan
  delta: '0:00:06.185476'
  end: '2025-08-19 13:07:21.089640'
  failed_when_result: false
  msg: ''
  rc: 0
  start: '2025-08-19 13:07:14.904164'
  stderr: 'I0819 13:07:20.006076  230464 version.go:261] remote version is much newer: v1.33.4; falling back to: stable-1.31'
  stderr_lines: <omitted>
  stdout: |-
    [preflight] Running pre-flight checks.
    [upgrade/config] Reading configuration from the cluster...
    [upgrade/config] FYI: You can look at this config file with 'kubectl -n kube-system get cm kubeadm-config -o yaml'
    [upgrade] Running cluster health checks
    [upgrade] Fetching available versions to upgrade to
    [upgrade/versions] Cluster version: 1.31.10
    [upgrade/versions] kubeadm version: v1.31.10
    [upgrade/versions] Target version: v1.31.12
    [upgrade/versions] Latest version in the v1.31 series: v1.31.12
  
    Components that must be upgraded manually after you have upgraded the control plane with 'kubeadm upgrade apply':
    COMPONENT   NODE      CURRENT    TARGET
    kubelet     k8s01     v1.31.10   v1.31.12
    kubelet     k8s02     v1.31.10   v1.31.12
    kubelet     k8s03     v1.31.10   v1.31.12
    kubelet     k8s04     v1.31.10   v1.31.12
    kubelet     k8s05     v1.31.10   v1.31.12
    kubelet     k8s06     v1.31.10   v1.31.12
    kubelet     k8s07     v1.31.10   v1.31.12
    kubelet     k8s08     v1.31.10   v1.31.12
    kubelet     k8s09     v1.31.10   v1.31.12
  
    Upgrade to the latest version in the v1.31 series:
  
    COMPONENT                 NODE      CURRENT    TARGET
    kube-apiserver            k8s01     v1.31.10   v1.31.12
    kube-apiserver            k8s02     v1.31.10   v1.31.12
    kube-apiserver            k8s03     v1.31.10   v1.31.12
    kube-controller-manager   k8s01     v1.31.10   v1.31.12
    kube-controller-manager   k8s02     v1.31.10   v1.31.12
    kube-controller-manager   k8s03     v1.31.10   v1.31.12
    kube-scheduler            k8s01     v1.31.10   v1.31.12
    kube-scheduler            k8s02     v1.31.10   v1.31.12
    kube-scheduler            k8s03     v1.31.10   v1.31.12
    kube-proxy                          1.31.10    v1.31.12
    CoreDNS                             v1.11.3    v1.11.3
    etcd                      k8s01     3.5.15-0   3.5.15-0
    etcd                      k8s02     3.5.15-0   3.5.15-0
    etcd                      k8s03     3.5.15-0   3.5.15-0
  
    You can now apply the upgrade by executing the following command:
  
            kubeadm upgrade apply v1.31.12
  
    Note: Before you can perform this upgrade, you have to update kubeadm to v1.31.12.
  
    _____________________________________________________________________
  
  
    The table below shows the current state of component configs as understood by this version of kubeadm.
    Configs that have a "yes" mark in the "MANUAL UPGRADE REQUIRED" column require manual config upgrade or
    resetting to kubeadm defaults before a successful upgrade can be performed. The version to manually
    upgrade to is denoted in the "PREFERRED VERSION" column.
  
    API GROUP                 CURRENT VERSION   PREFERRED VERSION   MANUAL UPGRADE REQUIRED
    kubeproxy.config.k8s.io   v1alpha1          v1alpha1            no
    kubelet.config.k8s.io     v1beta1           v1beta1             no
    _____________________________________________________________________
  stdout_lines: <omitted>
2025-08-19 09:07:21,833 p=54779 u=ollama n=ansible | TASK [Display upgrade plan] ****************************************************
2025-08-19 09:07:21,834 p=54779 u=ollama n=ansible | ok: [k8s01] => 
  upgrade_plan.stdout_lines:
  - '[preflight] Running pre-flight checks.'
  - '[upgrade/config] Reading configuration from the cluster...'
  - '[upgrade/config] FYI: You can look at this config file with ''kubectl -n kube-system get cm kubeadm-config -o yaml'''
  - '[upgrade] Running cluster health checks'
  - '[upgrade] Fetching available versions to upgrade to'
  - '[upgrade/versions] Cluster version: 1.31.10'
  - '[upgrade/versions] kubeadm version: v1.31.10'
  - '[upgrade/versions] Target version: v1.31.12'
  - '[upgrade/versions] Latest version in the v1.31 series: v1.31.12'
  - ''
  - 'Components that must be upgraded manually after you have upgraded the control plane with ''kubeadm upgrade apply'':'
  - COMPONENT   NODE      CURRENT    TARGET
  - kubelet     k8s01     v1.31.10   v1.31.12
  - kubelet     k8s02     v1.31.10   v1.31.12
  - kubelet     k8s03     v1.31.10   v1.31.12
  - kubelet     k8s04     v1.31.10   v1.31.12
  - kubelet     k8s05     v1.31.10   v1.31.12
  - kubelet     k8s06     v1.31.10   v1.31.12
  - kubelet     k8s07     v1.31.10   v1.31.12
  - kubelet     k8s08     v1.31.10   v1.31.12
  - kubelet     k8s09     v1.31.10   v1.31.12
  - ''
  - 'Upgrade to the latest version in the v1.31 series:'
  - ''
  - COMPONENT                 NODE      CURRENT    TARGET
  - kube-apiserver            k8s01     v1.31.10   v1.31.12
  - kube-apiserver            k8s02     v1.31.10   v1.31.12
  - kube-apiserver            k8s03     v1.31.10   v1.31.12
  - kube-controller-manager   k8s01     v1.31.10   v1.31.12
  - kube-controller-manager   k8s02     v1.31.10   v1.31.12
  - kube-controller-manager   k8s03     v1.31.10   v1.31.12
  - kube-scheduler            k8s01     v1.31.10   v1.31.12
  - kube-scheduler            k8s02     v1.31.10   v1.31.12
  - kube-scheduler            k8s03     v1.31.10   v1.31.12
  - kube-proxy                          1.31.10    v1.31.12
  - CoreDNS                             v1.11.3    v1.11.3
  - etcd                      k8s01     3.5.15-0   3.5.15-0
  - etcd                      k8s02     3.5.15-0   3.5.15-0
  - etcd                      k8s03     3.5.15-0   3.5.15-0
  - ''
  - 'You can now apply the upgrade by executing the following command:'
  - ''
  - "\tkubeadm upgrade apply v1.31.12"
  - ''
  - 'Note: Before you can perform this upgrade, you have to update kubeadm to v1.31.12.'
  - ''
  - _____________________________________________________________________
  - ''
  - ''
  - The table below shows the current state of component configs as understood by this version of kubeadm.
  - Configs that have a "yes" mark in the "MANUAL UPGRADE REQUIRED" column require manual config upgrade or
  - resetting to kubeadm defaults before a successful upgrade can be performed. The version to manually
  - upgrade to is denoted in the "PREFERRED VERSION" column.
  - ''
  - API GROUP                 CURRENT VERSION   PREFERRED VERSION   MANUAL UPGRADE REQUIRED
  - kubeproxy.config.k8s.io   v1alpha1          v1alpha1            no
  - kubelet.config.k8s.io     v1beta1           v1beta1             no
  - _____________________________________________________________________
2025-08-19 09:07:21,858 p=54779 u=ollama n=ansible | TASK [Check if target version is available] ************************************
2025-08-19 09:07:21,858 p=54779 u=ollama n=ansible | fatal: [k8s01]: FAILED! => changed=false 
  assertion: '''1.32'' in available_versions.stdout'
  evaluated_to: false
  msg: Target version 1.32 not available in apt repository
2025-08-19 09:07:21,874 p=54779 u=ollama n=ansible | 	to retry, use: --limit @/home/ollama/me/Zenitsu_mforrester-home-lab/kubernetes-upgrade/.ansible-retry/test-upgrade.retry

2025-08-19 09:07:21,874 p=54779 u=ollama n=ansible | PLAY RECAP *********************************************************************
2025-08-19 09:07:21,874 p=54779 u=ollama n=ansible | k8s01                      : ok=6    changed=0    unreachable=0    failed=1    skipped=0    rescued=0    ignored=0   
2025-08-19 09:08:33,464 p=57162 u=ollama n=ansible | Using /home/ollama/me/Zenitsu_mforrester-home-lab/kubernetes-upgrade/ansible.cfg as config file
2025-08-19 09:08:33,629 p=57162 u=ollama n=ansible | PLAY [Configure Kubernetes 1.32 Repository] ************************************
2025-08-19 09:08:34,445 p=57162 u=ollama n=ansible | TASK [Add Kubernetes 1.32 apt repository] **************************************
2025-08-19 09:08:34,446 p=57162 u=ollama n=ansible | changed: [k8s01] => changed=true 
  checksum: d2f39eb20d9669ff2dbb9a6d633b82d0d44ee18c
  dest: /etc/apt/sources.list.d/kubernetes-v1.32.list
  gid: 0
  group: root
  md5sum: 9ddaaad3ec8f6675f97ceb72c886cdc2
  mode: '0644'
  owner: root
  size: 108
  src: /root/.ansible/tmp/ansible-tmp-1755608913.6885376-57218-50812224260742/.source.list
  state: file
  uid: 0
2025-08-19 09:08:47,751 p=57162 u=ollama n=ansible | TASK [Update apt cache] ********************************************************
2025-08-19 09:08:47,752 p=57162 u=ollama n=ansible | ok: [k8s01] => changed=false 
  cache_update_time: 1755608923
  cache_updated: true
2025-08-19 09:08:48,182 p=57162 u=ollama n=ansible | TASK [Check available 1.32 versions] *******************************************
2025-08-19 09:08:48,182 p=57162 u=ollama n=ansible | ok: [k8s01] => changed=false 
  cmd: apt-cache madison kubeadm | grep '1.32' | head -5
  delta: '0:00:00.041048'
  end: '2025-08-19 13:08:47.501364'
  msg: ''
  rc: 0
  start: '2025-08-19 13:08:47.460316'
  stderr: ''
  stderr_lines: <omitted>
  stdout: |2-
       kubeadm | 1.32.8-1.1 | https://pkgs.k8s.io/core:/stable:/v1.32/deb  Packages
       kubeadm | 1.32.7-1.1 | https://pkgs.k8s.io/core:/stable:/v1.32/deb  Packages
       kubeadm | 1.32.6-1.1 | https://pkgs.k8s.io/core:/stable:/v1.32/deb  Packages
       kubeadm | 1.32.5-1.1 | https://pkgs.k8s.io/core:/stable:/v1.32/deb  Packages
       kubeadm | 1.32.4-1.1 | https://pkgs.k8s.io/core:/stable:/v1.32/deb  Packages
  stdout_lines: <omitted>
2025-08-19 09:08:48,204 p=57162 u=ollama n=ansible | TASK [Display available 1.32 versions] *****************************************
2025-08-19 09:08:48,204 p=57162 u=ollama n=ansible | ok: [k8s01] => 
  available_versions.stdout_lines:
  - '   kubeadm | 1.32.8-1.1 | https://pkgs.k8s.io/core:/stable:/v1.32/deb  Packages'
  - '   kubeadm | 1.32.7-1.1 | https://pkgs.k8s.io/core:/stable:/v1.32/deb  Packages'
  - '   kubeadm | 1.32.6-1.1 | https://pkgs.k8s.io/core:/stable:/v1.32/deb  Packages'
  - '   kubeadm | 1.32.5-1.1 | https://pkgs.k8s.io/core:/stable:/v1.32/deb  Packages'
  - '   kubeadm | 1.32.4-1.1 | https://pkgs.k8s.io/core:/stable:/v1.32/deb  Packages'
2025-08-19 09:08:48,241 p=57162 u=ollama n=ansible | PLAY RECAP *********************************************************************
2025-08-19 09:08:48,241 p=57162 u=ollama n=ansible | k8s01                      : ok=4    changed=1    unreachable=0    failed=0    skipped=0    rescued=0    ignored=0   
2025-08-19 09:09:37,297 p=58921 u=ollama n=ansible | Using /home/ollama/me/Zenitsu_mforrester-home-lab/kubernetes-upgrade/ansible.cfg as config file
2025-08-19 09:09:37,444 p=58921 u=ollama n=ansible | PLAY [Upgrade Kubernetes Control Plane] ****************************************
2025-08-19 09:09:38,159 p=58921 u=ollama n=ansible | TASK [Add Kubernetes 1.32 repository] ******************************************
2025-08-19 09:09:38,160 p=58921 u=ollama n=ansible | ok: [k8s01] => changed=false 
  checksum: d2f39eb20d9669ff2dbb9a6d633b82d0d44ee18c
  dest: /etc/apt/sources.list.d/kubernetes-v1.32.list
  gid: 0
  group: root
  mode: '0644'
  owner: root
  path: /etc/apt/sources.list.d/kubernetes-v1.32.list
  size: 108
  state: file
  uid: 0
2025-08-19 09:09:39,459 p=58921 u=ollama n=ansible | TASK [Update apt cache] ********************************************************
2025-08-19 09:09:39,460 p=58921 u=ollama n=ansible | changed: [k8s01] => changed=true 
  cache_update_time: 1755608923
  cache_updated: true
2025-08-19 09:09:39,846 p=58921 u=ollama n=ansible | TASK [Display node status] *****************************************************
2025-08-19 09:09:39,847 p=58921 u=ollama n=ansible | ok: [k8s01] => 
  node_status.stdout_lines: []
2025-08-19 09:09:42,277 p=58921 u=ollama n=ansible | TASK [Upgrade kubeadm] *********************************************************
2025-08-19 09:09:42,278 p=58921 u=ollama n=ansible | changed: [k8s01] => changed=true 
  cache_update_time: 1755608923
  cache_updated: false
  stderr: ''
  stderr_lines: <omitted>
  stdout: |-
    Reading package lists...
    Building dependency tree...
    Reading state information...
    The following packages were automatically installed and are no longer required:
      amd64-microcode bpfcc-tools bpftrace fontconfig-config fonts-dejavu-core
      fonts-dejavu-mono hwdata ieee-data libaom3 libbpfcc libc-dev-bin
      libc-devtools libc6-dev libclang-cpp18 libclang1-18 libcrypt-dev
      libdbus-glib-1-2 libde265-0 libdeflate0 libfontconfig1 libgd3 libgudev-1.0-0
      libheif-plugin-aomdec libheif-plugin-aomenc libheif-plugin-libde265 libheif1
      libimobiledevice6 libjbig0 libjpeg-turbo8 libjpeg8 liblerc4 libllvm18
      libplist-2.0-4 libsharpyuv0 libtiff6 libupower-glib3 libusbmuxd6 libwebp7
      libxpm4 linux-headers-6.14.0-24-generic linux-headers-6.14.0-27-generic
      linux-headers-generic-hwe-24.04 linux-hwe-6.14-headers-6.14.0-24
      linux-hwe-6.14-headers-6.14.0-27 linux-libc-dev linux-tools-common
      manpages-dev python3-bpfcc python3-netaddr rpcsvc-proto thermald
      ubuntu-kernel-accessories upower usb.ids usbmuxd
    Use 'apt autoremove' to remove them.
    The following held packages will be changed:
      kubeadm
    The following packages will be upgraded:
      kubeadm
    1 upgraded, 0 newly installed, 0 to remove and 76 not upgraded.
    Inst kubeadm [1.31.10-1.1] (1.32.8-1.1 isv:kubernetes:core:stable:v1.32:pkgs.k8s.io [amd64])
    Conf kubeadm (1.32.8-1.1 isv:kubernetes:core:stable:v1.32:pkgs.k8s.io [amd64])
  stdout_lines: <omitted>
2025-08-19 09:09:42,553 p=58921 u=ollama n=ansible | TASK [Display kubeadm version] *************************************************
2025-08-19 09:09:42,553 p=58921 u=ollama n=ansible | ok: [k8s01] => 
  kubeadm_version.stdout: ''
2025-08-19 09:09:42,825 p=58921 u=ollama n=ansible | TASK [Display upgrade plan (first 30 lines)] ***********************************
2025-08-19 09:09:42,826 p=58921 u=ollama n=ansible | ok: [k8s01] => 
  msg: []
2025-08-19 09:09:45,549 p=58921 u=ollama n=ansible | TASK [Upgrade kubelet and kubectl] *********************************************
2025-08-19 09:09:45,549 p=58921 u=ollama n=ansible | changed: [k8s01] => changed=true 
  cache_update_time: 1755608923
  cache_updated: false
  stderr: ''
  stderr_lines: <omitted>
  stdout: |-
    Reading package lists...
    Building dependency tree...
    Reading state information...
    The following packages were automatically installed and are no longer required:
      amd64-microcode bpfcc-tools bpftrace fontconfig-config fonts-dejavu-core
      fonts-dejavu-mono hwdata ieee-data libaom3 libbpfcc libc-dev-bin
      libc-devtools libc6-dev libclang-cpp18 libclang1-18 libcrypt-dev
      libdbus-glib-1-2 libde265-0 libdeflate0 libfontconfig1 libgd3 libgudev-1.0-0
      libheif-plugin-aomdec libheif-plugin-aomenc libheif-plugin-libde265 libheif1
      libimobiledevice6 libjbig0 libjpeg-turbo8 libjpeg8 liblerc4 libllvm18
      libplist-2.0-4 libsharpyuv0 libtiff6 libupower-glib3 libusbmuxd6 libwebp7
      libxpm4 linux-headers-6.14.0-24-generic linux-headers-6.14.0-27-generic
      linux-headers-generic-hwe-24.04 linux-hwe-6.14-headers-6.14.0-24
      linux-hwe-6.14-headers-6.14.0-27 linux-libc-dev linux-tools-common
      manpages-dev python3-bpfcc python3-netaddr rpcsvc-proto thermald
      ubuntu-kernel-accessories upower usb.ids usbmuxd
    Use 'apt autoremove' to remove them.
    The following held packages will be changed:
      kubectl kubelet
    The following packages will be upgraded:
      kubectl kubelet
    2 upgraded, 0 newly installed, 0 to remove and 75 not upgraded.
    Inst kubectl [1.31.10-1.1] (1.32.8-1.1 isv:kubernetes:core:stable:v1.32:pkgs.k8s.io [amd64])
    Inst kubelet [1.31.10-1.1] (1.32.8-1.1 isv:kubernetes:core:stable:v1.32:pkgs.k8s.io [amd64])
    Conf kubectl (1.32.8-1.1 isv:kubernetes:core:stable:v1.32:pkgs.k8s.io [amd64])
    Conf kubelet (1.32.8-1.1 isv:kubernetes:core:stable:v1.32:pkgs.k8s.io [amd64])
  stdout_lines: <omitted>
2025-08-19 09:09:46,216 p=58921 u=ollama n=ansible | TASK [Restart kubelet] *********************************************************
2025-08-19 09:20:24,427 p=75275 u=ollama n=ansible | Using /home/ollama/me/Zenitsu_mforrester-home-lab/kubernetes-upgrade/ansible.cfg as config file
2025-08-19 09:20:24,587 p=75275 u=ollama n=ansible | PLAY [Upgrade Kubernetes Control Plane] ****************************************
2025-08-19 09:20:26,501 p=75275 u=ollama n=ansible | TASK [Add Kubernetes 1.32 repository] ******************************************
2025-08-19 09:20:26,502 p=75275 u=ollama n=ansible | ok: [k8s01] => changed=false 
  checksum: d2f39eb20d9669ff2dbb9a6d633b82d0d44ee18c
  dest: /etc/apt/sources.list.d/kubernetes-v1.32.list
  gid: 0
  group: root
  mode: '0644'
  owner: root
  path: /etc/apt/sources.list.d/kubernetes-v1.32.list
  size: 108
  state: file
  uid: 0
2025-08-19 09:20:34,461 p=75275 u=ollama n=ansible | TASK [Update apt cache] ********************************************************
2025-08-19 09:20:34,461 p=75275 u=ollama n=ansible | ok: [k8s01] => changed=false 
  cache_update_time: 1755608923
  cache_updated: false
2025-08-19 09:20:34,095 p=75275 u=ollama n=ansible | TASK [Check current node status] ***********************************************
2025-08-19 09:20:34,096 p=75275 u=ollama n=ansible | ok: [k8s01] => changed=false 
  cmd:
  - kubectl
  - get
  - node
  - k8s01
  delta: '0:00:00.089452'
  end: '2025-08-19 13:20:34.057202'
  msg: ''
  rc: 0
  start: '2025-08-19 13:20:33.967750'
  stderr: ''
  stderr_lines: <omitted>
  stdout: |-
    NAME    STATUS   ROLES           AGE   VERSION
    k8s01   Ready    control-plane   43d   v1.31.10
  stdout_lines: <omitted>
2025-08-19 09:20:34,113 p=75275 u=ollama n=ansible | TASK [Display node status] *****************************************************
2025-08-19 09:20:34,113 p=75275 u=ollama n=ansible | ok: [k8s01] => 
  node_status.stdout_lines:
  - NAME    STATUS   ROLES           AGE   VERSION
  - k8s01   Ready    control-plane   43d   v1.31.10
2025-08-19 09:20:41,547 p=75275 u=ollama n=ansible | TASK [Upgrade kubeadm] *********************************************************
2025-08-19 09:20:41,548 p=75275 u=ollama n=ansible | changed: [k8s01] => changed=true 
  cache_update_time: 1755608923
  cache_updated: false
  stderr: |-
    debconf: delaying package configuration, since apt-utils is not installed
  
    Running kernel seems to be up-to-date.
  
    The processor microcode seems to be up-to-date.
  
    No services need to be restarted.
  
    No containers need to be restarted.
  
    No user sessions are running outdated binaries.
  
    No VM guests are running outdated hypervisor (qemu) binaries on this host.
  stderr_lines: <omitted>
  stdout: |-
    Reading package lists...
    Building dependency tree...
    Reading state information...
    The following packages were automatically installed and are no longer required:
      amd64-microcode bpfcc-tools bpftrace fontconfig-config fonts-dejavu-core
      fonts-dejavu-mono hwdata ieee-data libaom3 libbpfcc libc-dev-bin
      libc-devtools libc6-dev libclang-cpp18 libclang1-18 libcrypt-dev
      libdbus-glib-1-2 libde265-0 libdeflate0 libfontconfig1 libgd3 libgudev-1.0-0
      libheif-plugin-aomdec libheif-plugin-aomenc libheif-plugin-libde265 libheif1
      libimobiledevice6 libjbig0 libjpeg-turbo8 libjpeg8 liblerc4 libllvm18
      libplist-2.0-4 libsharpyuv0 libtiff6 libupower-glib3 libusbmuxd6 libwebp7
      libxpm4 linux-headers-6.14.0-24-generic linux-headers-6.14.0-27-generic
      linux-headers-generic-hwe-24.04 linux-hwe-6.14-headers-6.14.0-24
      linux-hwe-6.14-headers-6.14.0-27 linux-libc-dev linux-tools-common
      manpages-dev python3-bpfcc python3-netaddr rpcsvc-proto thermald
      ubuntu-kernel-accessories upower usb.ids usbmuxd
    Use 'apt autoremove' to remove them.
    The following held packages will be changed:
      kubeadm
    The following packages will be upgraded:
      kubeadm
    1 upgraded, 0 newly installed, 0 to remove and 76 not upgraded.
    Need to get 12.2 MB of archives.
    After this operation, 12.2 MB of additional disk space will be used.
    Get:1 https://prod-cdn.packages.k8s.io/repositories/isv:/kubernetes:/core:/stable:/v1.32/deb  kubeadm 1.32.8-1.1 [12.2 MB]
    Fetched 12.2 MB in 4s (3460 kB/s)
    (Reading database ... (Reading database ... 5%(Reading database ... 10%(Reading database ... 15%(Reading database ... 20%(Reading database ... 25%(Reading database ... 30%(Reading database ... 35%(Reading database ... 40%(Reading database ... 45%(Reading database ... 50%(Reading database ... 55%(Reading database ... 60%(Reading database ... 65%(Reading database ... 70%(Reading database ... 75%(Reading database ... 80%(Reading database ... 85%(Reading database ... 90%(Reading database ... 95%(Reading database ... 100%(Reading database ... 108226 files and directories currently installed.)
    Preparing to unpack .../kubeadm_1.32.8-1.1_amd64.deb ...
    Unpacking kubeadm (1.32.8-1.1) over (1.31.10-1.1) ...
    Setting up kubeadm (1.32.8-1.1) ...
  stdout_lines: <omitted>
2025-08-19 09:20:41,851 p=75275 u=ollama n=ansible | TASK [Check kubeadm version] ***************************************************
2025-08-19 09:20:41,851 p=75275 u=ollama n=ansible | ok: [k8s01] => changed=false 
  cmd:
  - kubeadm
  - version
  delta: '0:00:00.029386'
  end: '2025-08-19 13:20:41.596452'
  msg: ''
  rc: 0
  start: '2025-08-19 13:20:41.567066'
  stderr: ''
  stderr_lines: <omitted>
  stdout: 'kubeadm version: &version.Info{Major:"1", Minor:"32", GitVersion:"v1.32.8", GitCommit:"2e83bc4bf31e88b7de81d5341939d5ce2460f46f", GitTreeState:"clean", BuildDate:"2025-08-13T14:28:45Z", GoVersion:"go1.23.11", Compiler:"gc", Platform:"linux/amd64"}'
  stdout_lines: <omitted>
2025-08-19 09:20:41,874 p=75275 u=ollama n=ansible | TASK [Display kubeadm version] *************************************************
2025-08-19 09:20:41,874 p=75275 u=ollama n=ansible | ok: [k8s01] => 
  kubeadm_version.stdout: 'kubeadm version: &version.Info{Major:"1", Minor:"32", GitVersion:"v1.32.8", GitCommit:"2e83bc4bf31e88b7de81d5341939d5ce2460f46f", GitTreeState:"clean", BuildDate:"2025-08-13T14:28:45Z", GoVersion:"go1.23.11", Compiler:"gc", Platform:"linux/amd64"}'
2025-08-19 09:20:48,139 p=75275 u=ollama n=ansible | TASK [Run kubeadm upgrade plan] ************************************************
2025-08-19 09:20:48,140 p=75275 u=ollama n=ansible | ok: [k8s01] => changed=false 
  cmd:
  - kubeadm
  - upgrade
  - plan
  delta: '0:00:05.838857'
  end: '2025-08-19 13:20:47.707772'
  msg: ''
  rc: 0
  start: '2025-08-19 13:20:41.868915'
  stderr: 'I0819 13:20:46.609838  231445 version.go:261] remote version is much newer: v1.33.4; falling back to: stable-1.32'
  stderr_lines: <omitted>
  stdout: |-
    [preflight] Running pre-flight checks.
    [upgrade/config] Reading configuration from the "kubeadm-config" ConfigMap in namespace "kube-system"...
    [upgrade/config] Use 'kubeadm init phase upload-config --config your-config.yaml' to re-upload it.
    [upgrade] Running cluster health checks
    [upgrade] Fetching available versions to upgrade to
    [upgrade/versions] Cluster version: 1.31.10
    [upgrade/versions] kubeadm version: v1.32.8
    [upgrade/versions] Target version: v1.32.8
    [upgrade/versions] Latest version in the v1.31 series: v1.31.12
  
    Components that must be upgraded manually after you have upgraded the control plane with 'kubeadm upgrade apply':
    COMPONENT   NODE      CURRENT    TARGET
    kubelet     k8s01     v1.31.10   v1.31.12
    kubelet     k8s02     v1.31.10   v1.31.12
    kubelet     k8s03     v1.31.10   v1.31.12
    kubelet     k8s04     v1.31.10   v1.31.12
    kubelet     k8s05     v1.31.10   v1.31.12
    kubelet     k8s06     v1.31.10   v1.31.12
    kubelet     k8s07     v1.31.10   v1.31.12
    kubelet     k8s08     v1.31.10   v1.31.12
    kubelet     k8s09     v1.31.10   v1.31.12
  
    Upgrade to the latest version in the v1.31 series:
  
    COMPONENT                 NODE      CURRENT    TARGET
    kube-apiserver            k8s01     v1.31.10   v1.31.12
    kube-apiserver            k8s02     v1.31.10   v1.31.12
    kube-apiserver            k8s03     v1.31.10   v1.31.12
    kube-controller-manager   k8s01     v1.31.10   v1.31.12
    kube-controller-manager   k8s02     v1.31.10   v1.31.12
    kube-controller-manager   k8s03     v1.31.10   v1.31.12
    kube-scheduler            k8s01     v1.31.10   v1.31.12
    kube-scheduler            k8s02     v1.31.10   v1.31.12
    kube-scheduler            k8s03     v1.31.10   v1.31.12
    kube-proxy                          1.31.10    v1.31.12
    CoreDNS                             v1.11.3    v1.11.3
    etcd                      k8s01     3.5.15-0   3.5.16-0
    etcd                      k8s02     3.5.15-0   3.5.16-0
    etcd                      k8s03     3.5.15-0   3.5.16-0
  
    You can now apply the upgrade by executing the following command:
  
            kubeadm upgrade apply v1.31.12
  
    _____________________________________________________________________
  
    Components that must be upgraded manually after you have upgraded the control plane with 'kubeadm upgrade apply':
    COMPONENT   NODE      CURRENT    TARGET
    kubelet     k8s01     v1.31.10   v1.32.8
    kubelet     k8s02     v1.31.10   v1.32.8
    kubelet     k8s03     v1.31.10   v1.32.8
    kubelet     k8s04     v1.31.10   v1.32.8
    kubelet     k8s05     v1.31.10   v1.32.8
    kubelet     k8s06     v1.31.10   v1.32.8
    kubelet     k8s07     v1.31.10   v1.32.8
    kubelet     k8s08     v1.31.10   v1.32.8
    kubelet     k8s09     v1.31.10   v1.32.8
  
    Upgrade to the latest stable version:
  
    COMPONENT                 NODE      CURRENT    TARGET
    kube-apiserver            k8s01     v1.31.10   v1.32.8
    kube-apiserver            k8s02     v1.31.10   v1.32.8
    kube-apiserver            k8s03     v1.31.10   v1.32.8
    kube-controller-manager   k8s01     v1.31.10   v1.32.8
    kube-controller-manager   k8s02     v1.31.10   v1.32.8
    kube-controller-manager   k8s03     v1.31.10   v1.32.8
    kube-scheduler            k8s01     v1.31.10   v1.32.8
    kube-scheduler            k8s02     v1.31.10   v1.32.8
    kube-scheduler            k8s03     v1.31.10   v1.32.8
    kube-proxy                          1.31.10    v1.32.8
    CoreDNS                             v1.11.3    v1.11.3
    etcd                      k8s01     3.5.15-0   3.5.16-0
    etcd                      k8s02     3.5.15-0   3.5.16-0
    etcd                      k8s03     3.5.15-0   3.5.16-0
  
    You can now apply the upgrade by executing the following command:
  
            kubeadm upgrade apply v1.32.8
  
    _____________________________________________________________________
  
  
    The table below shows the current state of component configs as understood by this version of kubeadm.
    Configs that have a "yes" mark in the "MANUAL UPGRADE REQUIRED" column require manual config upgrade or
    resetting to kubeadm defaults before a successful upgrade can be performed. The version to manually
    upgrade to is denoted in the "PREFERRED VERSION" column.
  
    API GROUP                 CURRENT VERSION   PREFERRED VERSION   MANUAL UPGRADE REQUIRED
    kubeproxy.config.k8s.io   v1alpha1          v1alpha1            no
    kubelet.config.k8s.io     v1beta1           v1beta1             no
    _____________________________________________________________________
  stdout_lines: <omitted>
2025-08-19 09:20:48,162 p=75275 u=ollama n=ansible | TASK [Display upgrade plan (first 30 lines)] ***********************************
2025-08-19 09:20:48,163 p=75275 u=ollama n=ansible | ok: [k8s01] => 
  msg:
  - '[preflight] Running pre-flight checks.'
  - '[upgrade/config] Reading configuration from the "kubeadm-config" ConfigMap in namespace "kube-system"...'
  - '[upgrade/config] Use ''kubeadm init phase upload-config --config your-config.yaml'' to re-upload it.'
  - '[upgrade] Running cluster health checks'
  - '[upgrade] Fetching available versions to upgrade to'
  - '[upgrade/versions] Cluster version: 1.31.10'
  - '[upgrade/versions] kubeadm version: v1.32.8'
  - '[upgrade/versions] Target version: v1.32.8'
  - '[upgrade/versions] Latest version in the v1.31 series: v1.31.12'
  - ''
  - 'Components that must be upgraded manually after you have upgraded the control plane with ''kubeadm upgrade apply'':'
  - COMPONENT   NODE      CURRENT    TARGET
  - kubelet     k8s01     v1.31.10   v1.31.12
  - kubelet     k8s02     v1.31.10   v1.31.12
  - kubelet     k8s03     v1.31.10   v1.31.12
  - kubelet     k8s04     v1.31.10   v1.31.12
  - kubelet     k8s05     v1.31.10   v1.31.12
  - kubelet     k8s06     v1.31.10   v1.31.12
  - kubelet     k8s07     v1.31.10   v1.31.12
  - kubelet     k8s08     v1.31.10   v1.31.12
  - kubelet     k8s09     v1.31.10   v1.31.12
  - ''
  - 'Upgrade to the latest version in the v1.31 series:'
  - ''
  - COMPONENT                 NODE      CURRENT    TARGET
  - kube-apiserver            k8s01     v1.31.10   v1.31.12
  - kube-apiserver            k8s02     v1.31.10   v1.31.12
  - kube-apiserver            k8s03     v1.31.10   v1.31.12
  - kube-controller-manager   k8s01     v1.31.10   v1.31.12
  - kube-controller-manager   k8s02     v1.31.10   v1.31.12
2025-08-19 09:23:57,710 p=81284 u=ollama n=ansible | Using /home/ollama/me/Zenitsu_mforrester-home-lab/kubernetes-upgrade/ansible.cfg as config file
2025-08-19 09:23:57,864 p=81284 u=ollama n=ansible | PLAY [Test Kubernetes Upgrade Process] *****************************************
2025-08-19 09:23:58,243 p=81284 u=ollama n=ansible | TASK [TEST | Verify kubeadm is upgraded] ***************************************
2025-08-19 09:23:58,244 p=81284 u=ollama n=ansible | changed: [k8s01] => changed=true 
  cmd:
  - kubeadm
  - version
  delta: '0:00:00.029413'
  end: '2025-08-19 13:23:57.388305'
  failed_when_result: false
  msg: ''
  rc: 0
  start: '2025-08-19 13:23:57.358892'
  stderr: ''
  stderr_lines: <omitted>
  stdout: 'kubeadm version: &version.Info{Major:"1", Minor:"32", GitVersion:"v1.32.8", GitCommit:"2e83bc4bf31e88b7de81d5341939d5ce2460f46f", GitTreeState:"clean", BuildDate:"2025-08-13T14:28:45Z", GoVersion:"go1.23.11", Compiler:"gc", Platform:"linux/amd64"}'
  stdout_lines: <omitted>
2025-08-19 09:23:58,071 p=81284 u=ollama n=ansible | TASK [TEST | Verify API server is accessible] **********************************
2025-08-19 09:23:58,072 p=81284 u=ollama n=ansible | ok: [k8s01] => changed=false 
  attempts: 1
  audit_id: 89f85e24-1159-43c1-930c-e80dbcae8c78
  cache_control: no-cache, private
  connection: close
  content_length: '2'
  content_type: text/plain; charset=utf-8
  cookies: {}
  cookies_string: ''
  date: Tue, 19 Aug 2025 13:23:58 GMT
  elapsed: 0
  msg: OK (2 bytes)
  redirected: false
  status: 200
  url: https://192.168.0.50:6443/healthz
  x_content_type_options: nosniff
  x_kubernetes_pf_flowschema_uid: 6daaafac-3ffd-4122-ac3e-96edf3e0244f
  x_kubernetes_pf_prioritylevel_uid: 8ad84914-4fbb-426f-b582-4331131433d2
2025-08-19 09:23:58,744 p=81284 u=ollama n=ansible | TASK [TEST | Verify kubelet is running] ****************************************
2025-08-19 09:23:58,748 p=81284 u=ollama n=ansible | ok: [k8s01] => changed=false 
  failed_when_result: false
  name: kubelet
  state: started
  status:
    ActiveEnterTimestamp: Tue 2025-08-19 13:22:59 UTC
    ActiveEnterTimestampMonotonic: '1546225624383'
    ActiveExitTimestamp: Tue 2025-08-19 13:22:59 UTC
    ActiveExitTimestampMonotonic: '1546225598549'
    ActiveState: active
    After: systemd-journald.socket system.slice network-online.target basic.target sysinit.target
    AllowIsolate: 'no'
    AssertResult: 'yes'
    AssertTimestamp: Tue 2025-08-19 13:22:59 UTC
    AssertTimestampMonotonic: '1546225614392'
    Before: multi-user.target shutdown.target
    BlockIOAccounting: 'no'
    BlockIOWeight: '[not set]'
    CPUAccounting: 'yes'
    CPUAffinityFromNUMA: 'no'
    CPUQuotaPerSecUSec: infinity
    CPUQuotaPeriodUSec: infinity
    CPUSchedulingPolicy: '0'
    CPUSchedulingPriority: '0'
    CPUSchedulingResetOnFork: 'no'
    CPUShares: '[not set]'
    CPUUsageNSec: '2732609000'
    CPUWeight: '[not set]'
    CacheDirectoryMode: '0755'
    CanFreeze: 'yes'
    CanIsolate: 'no'
    CanReload: 'no'
    CanStart: 'yes'
    CanStop: 'yes'
    CapabilityBoundingSet: cap_chown cap_dac_override cap_dac_read_search cap_fowner cap_fsetid cap_kill cap_setgid cap_setuid cap_setpcap cap_linux_immutable cap_net_bind_service cap_net_broadcast cap_net_admin cap_net_raw cap_ipc_lock cap_ipc_owner cap_sys_module cap_sys_rawio cap_sys_chroot cap_sys_ptrace cap_sys_pacct cap_sys_admin cap_sys_boot cap_sys_nice cap_sys_resource cap_sys_time cap_sys_tty_config cap_mknod cap_lease cap_audit_write cap_audit_control cap_setfcap cap_mac_override cap_mac_admin cap_syslog cap_wake_alarm cap_block_suspend cap_audit_read cap_perfmon cap_bpf cap_checkpoint_restore
    CleanResult: success
    CollectMode: inactive
    ConditionResult: 'yes'
    ConditionTimestamp: Tue 2025-08-19 13:22:59 UTC
    ConditionTimestampMonotonic: '1546225614390'
    ConfigurationDirectoryMode: '0755'
    Conflicts: shutdown.target
    ControlGroup: /system.slice/kubelet.service
    ControlGroupId: '30945'
    ControlPID: '0'
    CoredumpFilter: '0x33'
    CoredumpReceive: 'no'
    DefaultDependencies: 'yes'
    DefaultMemoryLow: '0'
    DefaultMemoryMin: '0'
    DefaultStartupMemoryLow: '0'
    Delegate: 'no'
    Description: 'kubelet: The Kubernetes Node Agent'
    DevicePolicy: auto
    Documentation: https://kubernetes.io/docs/
    DropInPaths: /usr/lib/systemd/system/kubelet.service.d/10-kubeadm.conf
    DynamicUser: 'no'
    EffectiveCPUs: 0-3
    EffectiveMemoryNodes: '0'
    Environment: '"KUBELET_KUBECONFIG_ARGS=--bootstrap-kubeconfig=/etc/kubernetes/bootstrap-kubelet.conf --kubeconfig=/etc/kubernetes/kubelet.conf" KUBELET_CONFIG_ARGS=--config=/var/lib/kubelet/config.yaml'
    EnvironmentFiles: /etc/default/kubelet (ignore_errors=yes)
    ExecMainCode: '0'
    ExecMainExitTimestampMonotonic: '0'
    ExecMainPID: '231947'
    ExecMainStartTimestamp: Tue 2025-08-19 13:22:59 UTC
    ExecMainStartTimestampMonotonic: '1546225624122'
    ExecMainStatus: '0'
    ExecStart: '{ path=/usr/bin/kubelet ; argv[]=/usr/bin/kubelet $KUBELET_KUBECONFIG_ARGS $KUBELET_CONFIG_ARGS $KUBELET_KUBEADM_ARGS $KUBELET_EXTRA_ARGS ; ignore_errors=no ; start_time=[Tue 2025-08-19 13:22:59 UTC] ; stop_time=[n/a] ; pid=231947 ; code=(null) ; status=0/0 }'
    ExecStartEx: '{ path=/usr/bin/kubelet ; argv[]=/usr/bin/kubelet $KUBELET_KUBECONFIG_ARGS $KUBELET_CONFIG_ARGS $KUBELET_KUBEADM_ARGS $KUBELET_EXTRA_ARGS ; flags= ; start_time=[Tue 2025-08-19 13:22:59 UTC] ; stop_time=[n/a] ; pid=231947 ; code=(null) ; status=0/0 }'
    ExitType: main
    ExtensionImagePolicy: root=verity+signed+encrypted+unprotected+absent:usr=verity+signed+encrypted+unprotected+absent:home=encrypted+unprotected+absent:srv=encrypted+unprotected+absent:tmp=encrypted+unprotected+absent:var=encrypted+unprotected+absent
    FailureAction: none
    FileDescriptorStoreMax: '0'
    FileDescriptorStorePreserve: restart
    FinalKillSignal: '9'
    FragmentPath: /usr/lib/systemd/system/kubelet.service
    FreezerState: running
    GID: '[not set]'
    GuessMainPID: 'yes'
    IOAccounting: 'no'
    IOReadBytes: '[not set]'
    IOReadOperations: '[not set]'
    IOSchedulingClass: '2'
    IOSchedulingPriority: '4'
    IOWeight: '[not set]'
    IOWriteBytes: '[not set]'
    IOWriteOperations: '[not set]'
    IPAccounting: 'no'
    IPEgressBytes: '[no data]'
    IPEgressPackets: '[no data]'
    IPIngressBytes: '[no data]'
    IPIngressPackets: '[no data]'
    Id: kubelet.service
    IgnoreOnIsolate: 'no'
    IgnoreSIGPIPE: 'yes'
    InactiveEnterTimestamp: Tue 2025-08-19 13:22:59 UTC
    InactiveEnterTimestampMonotonic: '1546225613587'
    InactiveExitTimestamp: Tue 2025-08-19 13:22:59 UTC
    InactiveExitTimestampMonotonic: '1546225624383'
    InvocationID: 5d99bbb9ad524b44bb7b6f24cda2891f
    JobRunningTimeoutUSec: infinity
    JobTimeoutAction: none
    JobTimeoutUSec: infinity
    KeyringMode: private
    KillMode: control-group
    KillSignal: '15'
    LimitAS: infinity
    LimitASSoft: infinity
    LimitCORE: infinity
    LimitCORESoft: '0'
    LimitCPU: infinity
    LimitCPUSoft: infinity
    LimitDATA: infinity
    LimitDATASoft: infinity
    LimitFSIZE: infinity
    LimitFSIZESoft: infinity
    LimitLOCKS: infinity
    LimitLOCKSSoft: infinity
    LimitMEMLOCK: '8388608'
    LimitMEMLOCKSoft: '8388608'
    LimitMSGQUEUE: '819200'
    LimitMSGQUEUESoft: '819200'
    LimitNICE: '0'
    LimitNICESoft: '0'
    LimitNOFILE: '524288'
    LimitNOFILESoft: '1024'
    LimitNPROC: '62782'
    LimitNPROCSoft: '62782'
    LimitRSS: infinity
    LimitRSSSoft: infinity
    LimitRTPRIO: '0'
    LimitRTPRIOSoft: '0'
    LimitRTTIME: infinity
    LimitRTTIMESoft: infinity
    LimitSIGPENDING: '62782'
    LimitSIGPENDINGSoft: '62782'
    LimitSTACK: infinity
    LimitSTACKSoft: '8388608'
    LoadState: loaded
    LockPersonality: 'no'
    LogLevelMax: '-1'
    LogRateLimitBurst: '0'
    LogRateLimitIntervalUSec: '0'
    LogsDirectoryMode: '0755'
    MainPID: '231947'
    ManagedOOMMemoryPressure: auto
    ManagedOOMMemoryPressureLimit: '0'
    ManagedOOMPreference: none
    ManagedOOMSwap: auto
    MemoryAccounting: 'yes'
    MemoryAvailable: '14382759936'
    MemoryCurrent: '38920192'
    MemoryDenyWriteExecute: 'no'
    MemoryHigh: infinity
    MemoryKSM: 'no'
    MemoryLimit: infinity
    MemoryLow: '0'
    MemoryMax: infinity
    MemoryMin: '0'
    MemoryPeak: '39890944'
    MemoryPressureThresholdUSec: 200ms
    MemoryPressureWatch: auto
    MemorySwapCurrent: '0'
    MemorySwapMax: infinity
    MemorySwapPeak: '0'
    MemoryZSwapCurrent: '0'
    MemoryZSwapMax: infinity
    MountAPIVFS: 'no'
    MountImagePolicy: root=verity+signed+encrypted+unprotected+absent:usr=verity+signed+encrypted+unprotected+absent:home=encrypted+unprotected+absent:srv=encrypted+unprotected+absent:tmp=encrypted+unprotected+absent:var=encrypted+unprotected+absent
    NFileDescriptorStore: '0'
    NRestarts: '0'
    NUMAPolicy: n/a
    Names: kubelet.service
    NeedDaemonReload: 'no'
    Nice: '0'
    NoNewPrivileges: 'no'
    NonBlocking: 'no'
    NotifyAccess: none
    OOMPolicy: stop
    OOMScoreAdjust: '0'
    OnFailureJobMode: replace
    OnSuccessJobMode: fail
    Perpetual: 'no'
    PrivateDevices: 'no'
    PrivateIPC: 'no'
    PrivateMounts: 'no'
    PrivateNetwork: 'no'
    PrivateTmp: 'no'
    PrivateUsers: 'no'
    ProcSubset: all
    ProtectClock: 'no'
    ProtectControlGroups: 'no'
    ProtectHome: 'no'
    ProtectHostname: 'no'
    ProtectKernelLogs: 'no'
    ProtectKernelModules: 'no'
    ProtectKernelTunables: 'no'
    ProtectProc: default
    ProtectSystem: 'no'
    RefuseManualStart: 'no'
    RefuseManualStop: 'no'
    ReloadResult: success
    ReloadSignal: '1'
    RemainAfterExit: 'no'
    RemoveIPC: 'no'
    Requires: system.slice sysinit.target
    Restart: always
    RestartKillSignal: '15'
    RestartMaxDelayUSec: infinity
    RestartMode: normal
    RestartSteps: '0'
    RestartUSec: 10s
    RestartUSecNext: 10s
    RestrictNamespaces: 'no'
    RestrictRealtime: 'no'
    RestrictSUIDSGID: 'no'
    Result: success
    RootDirectoryStartOnly: 'no'
    RootEphemeral: 'no'
    RootImagePolicy: root=verity+signed+encrypted+unprotected+absent:usr=verity+signed+encrypted+unprotected+absent:home=encrypted+unprotected+absent:srv=encrypted+unprotected+absent:tmp=encrypted+unprotected+absent:var=encrypted+unprotected+absent
    RuntimeDirectoryMode: '0755'
    RuntimeDirectoryPreserve: 'no'
    RuntimeMaxUSec: infinity
    RuntimeRandomizedExtraUSec: '0'
    SameProcessGroup: 'no'
    SecureBits: '0'
    SendSIGHUP: 'no'
    SendSIGKILL: 'yes'
    SetLoginEnvironment: 'no'
    Slice: system.slice
    StandardError: inherit
    StandardInput: 'null'
    StandardOutput: journal
    StartLimitAction: none
    StartLimitBurst: '5'
    StartLimitIntervalUSec: '0'
    StartupBlockIOWeight: '[not set]'
    StartupCPUShares: '[not set]'
    StartupCPUWeight: '[not set]'
    StartupIOWeight: '[not set]'
    StartupMemoryHigh: infinity
    StartupMemoryLow: '0'
    StartupMemoryMax: infinity
    StartupMemorySwapMax: infinity
    StartupMemoryZSwapMax: infinity
    StateChangeTimestamp: Tue 2025-08-19 13:22:59 UTC
    StateChangeTimestampMonotonic: '1546225624383'
    StateDirectoryMode: '0755'
    StatusErrno: '0'
    StopWhenUnneeded: 'no'
    SubState: running
    SuccessAction: none
    SurviveFinalKillSignal: 'no'
    SyslogFacility: '3'
    SyslogLevel: '6'
    SyslogLevelPrefix: 'yes'
    SyslogPriority: '30'
    SystemCallErrorNumber: '2147483646'
    TTYReset: 'no'
    TTYVHangup: 'no'
    TTYVTDisallocate: 'no'
    TasksAccounting: 'yes'
    TasksCurrent: '13'
    TasksMax: '18834'
    TimeoutAbortUSec: 1min 30s
    TimeoutCleanUSec: infinity
    TimeoutStartFailureMode: terminate
    TimeoutStartUSec: 1min 30s
    TimeoutStopFailureMode: terminate
    TimeoutStopUSec: 1min 30s
    TimerSlackNSec: '50000'
    Transient: 'no'
    Type: simple
    UID: '[not set]'
    UMask: '0022'
    UnitFilePreset: enabled
    UnitFileState: enabled
    UtmpMode: init
    WantedBy: multi-user.target
    Wants: network-online.target
    WatchdogSignal: '6'
    WatchdogTimestampMonotonic: '0'
    WatchdogUSec: '0'
2025-08-19 09:24:05,236 p=81284 u=ollama n=ansible | TASK [TEST | Verify upgrade can be performed] **********************************
2025-08-19 09:24:05,238 p=81284 u=ollama n=ansible | changed: [k8s01] => changed=true 
  cmd:
  - kubeadm
  - upgrade
  - plan
  delta: '0:00:06.027345'
  end: '2025-08-19 13:24:05.001158'
  failed_when_result: false
  msg: ''
  rc: 0
  start: '2025-08-19 13:23:58.973813'
  stderr: |-
    W0819 13:24:03.084397  232358 compute.go:93] Different API server versions in the cluster were discovered: v1.32.8 on nodes [k8s01], v1.31.10 on nodes [k8s02 k8s03]. Please upgrade your control plane nodes to the same version of Kubernetes
    I0819 13:24:03.880529  232358 version.go:261] remote version is much newer: v1.33.4; falling back to: stable-1.32
  stderr_lines: <omitted>
  stdout: |-
    [preflight] Running pre-flight checks.
    [upgrade/config] Reading configuration from the "kubeadm-config" ConfigMap in namespace "kube-system"...
    [upgrade/config] Use 'kubeadm init phase upload-config --config your-config.yaml' to re-upload it.
    [upgrade] Running cluster health checks
    [upgrade] Fetching available versions to upgrade to
    [upgrade/versions] Cluster version: 1.32.8
    [upgrade/versions] kubeadm version: v1.32.8
    [upgrade/versions] Target version: v1.32.8
    [upgrade/versions] Latest version in the v1.32 series: v1.32.8
  stdout_lines: <omitted>
2025-08-19 09:24:05,549 p=81284 u=ollama n=ansible | TASK [TEST | Verify all control plane components are running] ******************
2025-08-19 09:24:05,549 p=81284 u=ollama n=ansible | changed: [k8s01] => changed=true 
  cmd: |-
    crictl ps | grep -E "kube-apiserver|kube-controller|kube-scheduler|etcd" | wc -l
  delta: '0:00:00.022034'
  end: '2025-08-19 13:24:05.301302'
  failed_when_result: false
  msg: ''
  rc: 0
  start: '2025-08-19 13:24:05.279268'
  stderr: ''
  stderr_lines: <omitted>
  stdout: '4'
  stdout_lines: <omitted>
2025-08-19 09:24:05,582 p=81284 u=ollama n=ansible | PLAY RECAP *********************************************************************
2025-08-19 09:24:05,583 p=81284 u=ollama n=ansible | k8s01                      : ok=5    changed=3    unreachable=0    failed=0    skipped=0    rescued=0    ignored=0   
2025-08-19 09:24:49,179 p=82716 u=ollama n=ansible | Using /home/ollama/me/Zenitsu_mforrester-home-lab/kubernetes-upgrade/ansible.cfg as config file
2025-08-19 09:24:49,378 p=82716 u=ollama n=ansible | PLAY [Complete Kubernetes Upgrade] *********************************************
2025-08-19 09:24:49,839 p=82716 u=ollama n=ansible | TASK [Check current cluster version] *******************************************
2025-08-19 09:24:49,840 p=82716 u=ollama n=ansible | ok: [k8s01] => changed=false 
  cmd: kubectl version | grep "Server Version"
  delta: '0:00:00.065736'
  end: '2025-08-19 13:24:49.171436'
  msg: ''
  rc: 0
  start: '2025-08-19 13:24:49.105700'
  stderr: ''
  stderr_lines: <omitted>
  stdout: 'Server Version: v1.32.8'
  stdout_lines: <omitted>
2025-08-19 09:24:49,861 p=82716 u=ollama n=ansible | TASK [Display current version] *************************************************
2025-08-19 09:24:49,862 p=82716 u=ollama n=ansible | ok: [k8s01] => 
  current_version.stdout: 'Server Version: v1.32.8'
2025-08-19 09:25:01,422 p=82716 u=ollama n=ansible | TASK [Upgrade kubelet and kubectl if needed] ***********************************
2025-08-19 09:25:01,423 p=82716 u=ollama n=ansible | changed: [k8s01] => changed=true 
  cache_update_time: 1755608923
  cache_updated: false
  stderr: |-
    debconf: delaying package configuration, since apt-utils is not installed
  
    Running kernel seems to be up-to-date.
  
    The processor microcode seems to be up-to-date.
  
    Restarting services...
     systemctl restart kubelet.service
  
    No containers need to be restarted.
  
    User sessions running outdated binaries:
     root @ session #40: kubectl[202110]
  
    No VM guests are running outdated hypervisor (qemu) binaries on this host.
  stderr_lines: <omitted>
  stdout: |-
    Reading package lists...
    Building dependency tree...
    Reading state information...
    The following packages were automatically installed and are no longer required:
      amd64-microcode bpfcc-tools bpftrace fontconfig-config fonts-dejavu-core
      fonts-dejavu-mono hwdata ieee-data libaom3 libbpfcc libc-dev-bin
      libc-devtools libc6-dev libclang-cpp18 libclang1-18 libcrypt-dev
      libdbus-glib-1-2 libde265-0 libdeflate0 libfontconfig1 libgd3 libgudev-1.0-0
      libheif-plugin-aomdec libheif-plugin-aomenc libheif-plugin-libde265 libheif1
      libimobiledevice6 libjbig0 libjpeg-turbo8 libjpeg8 liblerc4 libllvm18
      libplist-2.0-4 libsharpyuv0 libtiff6 libupower-glib3 libusbmuxd6 libwebp7
      libxpm4 linux-headers-6.14.0-24-generic linux-headers-6.14.0-27-generic
      linux-headers-generic-hwe-24.04 linux-hwe-6.14-headers-6.14.0-24
      linux-hwe-6.14-headers-6.14.0-27 linux-libc-dev linux-tools-common
      manpages-dev python3-bpfcc python3-netaddr rpcsvc-proto thermald
      ubuntu-kernel-accessories upower usb.ids usbmuxd
    Use 'apt autoremove' to remove them.
    The following held packages will be changed:
      kubectl kubelet
    The following packages will be upgraded:
      kubectl kubelet
    2 upgraded, 0 newly installed, 0 to remove and 74 not upgraded.
    Need to get 26.4 MB of archives.
    After this operation, 541 kB of additional disk space will be used.
    Get:1 https://prod-cdn.packages.k8s.io/repositories/isv:/kubernetes:/core:/stable:/v1.32/deb  kubectl 1.32.8-1.1 [11.3 MB]
    Get:2 https://prod-cdn.packages.k8s.io/repositories/isv:/kubernetes:/core:/stable:/v1.32/deb  kubelet 1.32.8-1.1 [15.2 MB]
    Fetched 26.4 MB in 7s (4042 kB/s)
    (Reading database ... (Reading database ... 5%(Reading database ... 10%(Reading database ... 15%(Reading database ... 20%(Reading database ... 25%(Reading database ... 30%(Reading database ... 35%(Reading database ... 40%(Reading database ... 45%(Reading database ... 50%(Reading database ... 55%(Reading database ... 60%(Reading database ... 65%(Reading database ... 70%(Reading database ... 75%(Reading database ... 80%(Reading database ... 85%(Reading database ... 90%(Reading database ... 95%(Reading database ... 100%(Reading database ... 108226 files and directories currently installed.)
    Preparing to unpack .../kubectl_1.32.8-1.1_amd64.deb ...
    Unpacking kubectl (1.32.8-1.1) over (1.31.10-1.1) ...
    Preparing to unpack .../kubelet_1.32.8-1.1_amd64.deb ...
    Unpacking kubelet (1.32.8-1.1) over (1.31.10-1.1) ...
    Setting up kubectl (1.32.8-1.1) ...
    Setting up kubelet (1.32.8-1.1) ...
  stdout_lines: <omitted>
2025-08-19 09:25:02,911 p=82716 u=ollama n=ansible | TASK [Restart kubelet] *********************************************************
2025-08-19 09:25:02,914 p=82716 u=ollama n=ansible | changed: [k8s01] => changed=true 
  name: kubelet
  state: started
  status:
    ActiveEnterTimestamp: Tue 2025-08-19 13:25:00 UTC
    ActiveEnterTimestampMonotonic: '1546346695355'
    ActiveExitTimestamp: Tue 2025-08-19 13:25:00 UTC
    ActiveExitTimestampMonotonic: '1546346663998'
    ActiveState: active
    After: systemd-journald.socket network-online.target sysinit.target basic.target system.slice
    AllowIsolate: 'no'
    AssertResult: 'yes'
    AssertTimestamp: Tue 2025-08-19 13:25:00 UTC
    AssertTimestampMonotonic: '1546346683730'
    Before: multi-user.target shutdown.target
    BlockIOAccounting: 'no'
    BlockIOWeight: '[not set]'
    CPUAccounting: 'yes'
    CPUAffinityFromNUMA: 'no'
    CPUQuotaPerSecUSec: infinity
    CPUQuotaPeriodUSec: infinity
    CPUSchedulingPolicy: '0'
    CPUSchedulingPriority: '0'
    CPUSchedulingResetOnFork: 'no'
    CPUShares: '[not set]'
    CPUUsageNSec: '615415000'
    CPUWeight: '[not set]'
    CacheDirectoryMode: '0755'
    CanFreeze: 'yes'
    CanIsolate: 'no'
    CanReload: 'no'
    CanStart: 'yes'
    CanStop: 'yes'
    CapabilityBoundingSet: cap_chown cap_dac_override cap_dac_read_search cap_fowner cap_fsetid cap_kill cap_setgid cap_setuid cap_setpcap cap_linux_immutable cap_net_bind_service cap_net_broadcast cap_net_admin cap_net_raw cap_ipc_lock cap_ipc_owner cap_sys_module cap_sys_rawio cap_sys_chroot cap_sys_ptrace cap_sys_pacct cap_sys_admin cap_sys_boot cap_sys_nice cap_sys_resource cap_sys_time cap_sys_tty_config cap_mknod cap_lease cap_audit_write cap_audit_control cap_setfcap cap_mac_override cap_mac_admin cap_syslog cap_wake_alarm cap_block_suspend cap_audit_read cap_perfmon cap_bpf cap_checkpoint_restore
    CleanResult: success
    CollectMode: inactive
    ConditionResult: 'yes'
    ConditionTimestamp: Tue 2025-08-19 13:25:00 UTC
    ConditionTimestampMonotonic: '1546346683727'
    ConfigurationDirectoryMode: '0755'
    Conflicts: shutdown.target
    ControlGroup: /system.slice/kubelet.service
    ControlGroupId: '31546'
    ControlPID: '0'
    CoredumpFilter: '0x33'
    CoredumpReceive: 'no'
    DefaultDependencies: 'yes'
    DefaultMemoryLow: '0'
    DefaultMemoryMin: '0'
    DefaultStartupMemoryLow: '0'
    Delegate: 'no'
    Description: 'kubelet: The Kubernetes Node Agent'
    DevicePolicy: auto
    Documentation: https://kubernetes.io/docs/
    DropInPaths: /usr/lib/systemd/system/kubelet.service.d/10-kubeadm.conf
    DynamicUser: 'no'
    EffectiveCPUs: 0-3
    EffectiveMemoryNodes: '0'
    Environment: '"KUBELET_KUBECONFIG_ARGS=--bootstrap-kubeconfig=/etc/kubernetes/bootstrap-kubelet.conf --kubeconfig=/etc/kubernetes/kubelet.conf" KUBELET_CONFIG_ARGS=--config=/var/lib/kubelet/config.yaml'
    EnvironmentFiles: /etc/default/kubelet (ignore_errors=yes)
    ExecMainCode: '0'
    ExecMainExitTimestampMonotonic: '0'
    ExecMainPID: '232580'
    ExecMainStartTimestamp: Tue 2025-08-19 13:25:00 UTC
    ExecMainStartTimestampMonotonic: '1546346695095'
    ExecMainStatus: '0'
    ExecStart: '{ path=/usr/bin/kubelet ; argv[]=/usr/bin/kubelet $KUBELET_KUBECONFIG_ARGS $KUBELET_CONFIG_ARGS $KUBELET_KUBEADM_ARGS $KUBELET_EXTRA_ARGS ; ignore_errors=no ; start_time=[n/a] ; stop_time=[n/a] ; pid=0 ; code=(null) ; status=0/0 }'
    ExecStartEx: '{ path=/usr/bin/kubelet ; argv[]=/usr/bin/kubelet $KUBELET_KUBECONFIG_ARGS $KUBELET_CONFIG_ARGS $KUBELET_KUBEADM_ARGS $KUBELET_EXTRA_ARGS ; flags= ; start_time=[n/a] ; stop_time=[n/a] ; pid=0 ; code=(null) ; status=0/0 }'
    ExitType: main
    ExtensionImagePolicy: root=verity+signed+encrypted+unprotected+absent:usr=verity+signed+encrypted+unprotected+absent:home=encrypted+unprotected+absent:srv=encrypted+unprotected+absent:tmp=encrypted+unprotected+absent:var=encrypted+unprotected+absent
    FailureAction: none
    FileDescriptorStoreMax: '0'
    FileDescriptorStorePreserve: restart
    FinalKillSignal: '9'
    FragmentPath: /usr/lib/systemd/system/kubelet.service
    FreezerState: running
    GID: '[not set]'
    GuessMainPID: 'yes'
    IOAccounting: 'no'
    IOReadBytes: '[not set]'
    IOReadOperations: '[not set]'
    IOSchedulingClass: '2'
    IOSchedulingPriority: '4'
    IOWeight: '[not set]'
    IOWriteBytes: '[not set]'
    IOWriteOperations: '[not set]'
    IPAccounting: 'no'
    IPEgressBytes: '[no data]'
    IPEgressPackets: '[no data]'
    IPIngressBytes: '[no data]'
    IPIngressPackets: '[no data]'
    Id: kubelet.service
    IgnoreOnIsolate: 'no'
    IgnoreSIGPIPE: 'yes'
    InactiveEnterTimestamp: Tue 2025-08-19 13:25:00 UTC
    InactiveEnterTimestampMonotonic: '1546346683105'
    InactiveExitTimestamp: Tue 2025-08-19 13:25:00 UTC
    InactiveExitTimestampMonotonic: '1546346695355'
    InvocationID: 459eebe61f6a40b09a2e4d32ac070b4a
    JobRunningTimeoutUSec: infinity
    JobTimeoutAction: none
    JobTimeoutUSec: infinity
    KeyringMode: private
    KillMode: control-group
    KillSignal: '15'
    LimitAS: infinity
    LimitASSoft: infinity
    LimitCORE: infinity
    LimitCORESoft: '0'
    LimitCPU: infinity
    LimitCPUSoft: infinity
    LimitDATA: infinity
    LimitDATASoft: infinity
    LimitFSIZE: infinity
    LimitFSIZESoft: infinity
    LimitLOCKS: infinity
    LimitLOCKSSoft: infinity
    LimitMEMLOCK: '8388608'
    LimitMEMLOCKSoft: '8388608'
    LimitMSGQUEUE: '819200'
    LimitMSGQUEUESoft: '819200'
    LimitNICE: '0'
    LimitNICESoft: '0'
    LimitNOFILE: '524288'
    LimitNOFILESoft: '1024'
    LimitNPROC: '62782'
    LimitNPROCSoft: '62782'
    LimitRSS: infinity
    LimitRSSSoft: infinity
    LimitRTPRIO: '0'
    LimitRTPRIOSoft: '0'
    LimitRTTIME: infinity
    LimitRTTIMESoft: infinity
    LimitSIGPENDING: '62782'
    LimitSIGPENDINGSoft: '62782'
    LimitSTACK: infinity
    LimitSTACKSoft: '8388608'
    LoadState: loaded
    LockPersonality: 'no'
    LogLevelMax: '-1'
    LogRateLimitBurst: '0'
    LogRateLimitIntervalUSec: '0'
    LogsDirectoryMode: '0755'
    MainPID: '232580'
    ManagedOOMMemoryPressure: auto
    ManagedOOMMemoryPressureLimit: '0'
    ManagedOOMPreference: none
    ManagedOOMSwap: auto
    MemoryAccounting: 'yes'
    MemoryAvailable: '14287261696'
    MemoryCurrent: '30752768'
    MemoryDenyWriteExecute: 'no'
    MemoryHigh: infinity
    MemoryKSM: 'no'
    MemoryLimit: infinity
    MemoryLow: '0'
    MemoryMax: infinity
    MemoryMin: '0'
    MemoryPeak: '31080448'
    MemoryPressureThresholdUSec: 200ms
    MemoryPressureWatch: auto
    MemorySwapCurrent: '0'
    MemorySwapMax: infinity
    MemorySwapPeak: '0'
    MemoryZSwapCurrent: '0'
    MemoryZSwapMax: infinity
    MountAPIVFS: 'no'
    MountImagePolicy: root=verity+signed+encrypted+unprotected+absent:usr=verity+signed+encrypted+unprotected+absent:home=encrypted+unprotected+absent:srv=encrypted+unprotected+absent:tmp=encrypted+unprotected+absent:var=encrypted+unprotected+absent
    NFileDescriptorStore: '0'
    NRestarts: '0'
    NUMAPolicy: n/a
    Names: kubelet.service
    NeedDaemonReload: 'no'
    Nice: '0'
    NoNewPrivileges: 'no'
    NonBlocking: 'no'
    NotifyAccess: none
    OOMPolicy: stop
    OOMScoreAdjust: '0'
    OnFailureJobMode: replace
    OnSuccessJobMode: fail
    Perpetual: 'no'
    PrivateDevices: 'no'
    PrivateIPC: 'no'
    PrivateMounts: 'no'
    PrivateNetwork: 'no'
    PrivateTmp: 'no'
    PrivateUsers: 'no'
    ProcSubset: all
    ProtectClock: 'no'
    ProtectControlGroups: 'no'
    ProtectHome: 'no'
    ProtectHostname: 'no'
    ProtectKernelLogs: 'no'
    ProtectKernelModules: 'no'
    ProtectKernelTunables: 'no'
    ProtectProc: default
    ProtectSystem: 'no'
    RefuseManualStart: 'no'
    RefuseManualStop: 'no'
    ReloadResult: success
    ReloadSignal: '1'
    RemainAfterExit: 'no'
    RemoveIPC: 'no'
    Requires: system.slice sysinit.target
    Restart: always
    RestartKillSignal: '15'
    RestartMaxDelayUSec: infinity
    RestartMode: normal
    RestartSteps: '0'
    RestartUSec: 10s
    RestartUSecNext: 10s
    RestrictNamespaces: 'no'
    RestrictRealtime: 'no'
    RestrictSUIDSGID: 'no'
    Result: success
    RootDirectoryStartOnly: 'no'
    RootEphemeral: 'no'
    RootImagePolicy: root=verity+signed+encrypted+unprotected+absent:usr=verity+signed+encrypted+unprotected+absent:home=encrypted+unprotected+absent:srv=encrypted+unprotected+absent:tmp=encrypted+unprotected+absent:var=encrypted+unprotected+absent
    RuntimeDirectoryMode: '0755'
    RuntimeDirectoryPreserve: 'no'
    RuntimeMaxUSec: infinity
    RuntimeRandomizedExtraUSec: '0'
    SameProcessGroup: 'no'
    SecureBits: '0'
    SendSIGHUP: 'no'
    SendSIGKILL: 'yes'
    SetLoginEnvironment: 'no'
    Slice: system.slice
    StandardError: inherit
    StandardInput: 'null'
    StandardOutput: journal
    StartLimitAction: none
    StartLimitBurst: '5'
    StartLimitIntervalUSec: '0'
    StartupBlockIOWeight: '[not set]'
    StartupCPUShares: '[not set]'
    StartupCPUWeight: '[not set]'
    StartupIOWeight: '[not set]'
    StartupMemoryHigh: infinity
    StartupMemoryLow: '0'
    StartupMemoryMax: infinity
    StartupMemorySwapMax: infinity
    StartupMemoryZSwapMax: infinity
    StateChangeTimestamp: Tue 2025-08-19 13:25:00 UTC
    StateChangeTimestampMonotonic: '1546346695355'
    StateDirectoryMode: '0755'
    StatusErrno: '0'
    StopWhenUnneeded: 'no'
    SubState: running
    SuccessAction: none
    SurviveFinalKillSignal: 'no'
    SyslogFacility: '3'
    SyslogLevel: '6'
    SyslogLevelPrefix: 'yes'
    SyslogPriority: '30'
    SystemCallErrorNumber: '2147483646'
    TTYReset: 'no'
    TTYVHangup: 'no'
    TTYVTDisallocate: 'no'
    TasksAccounting: 'yes'
    TasksCurrent: '13'
    TasksMax: '18834'
    TimeoutAbortUSec: 1min 30s
    TimeoutCleanUSec: infinity
    TimeoutStartFailureMode: terminate
    TimeoutStartUSec: 1min 30s
    TimeoutStopFailureMode: terminate
    TimeoutStopUSec: 1min 30s
    TimerSlackNSec: '50000'
    Transient: 'no'
    Type: simple
    UID: '[not set]'
    UMask: '0022'
    UnitFilePreset: enabled
    UnitFileState: enabled
    UtmpMode: init
    WantedBy: multi-user.target
    Wants: network-online.target
    WatchdogSignal: '6'
    WatchdogTimestampMonotonic: '0'
    WatchdogUSec: '0'
2025-08-19 09:25:03,387 p=82716 u=ollama n=ansible | TASK [Wait for node to be ready] ***********************************************
2025-08-19 09:25:03,388 p=82716 u=ollama n=ansible | ok: [k8s01] => changed=false 
  attempts: 1
  cmd:
  - kubectl
  - get
  - node
  - k8s01
  delta: '0:00:00.128796'
  end: '2025-08-19 13:25:03.163320'
  msg: ''
  rc: 0
  start: '2025-08-19 13:25:03.034524'
  stderr: ''
  stderr_lines: <omitted>
  stdout: |-
    NAME    STATUS   ROLES           AGE   VERSION
    k8s01   Ready    control-plane   43d   v1.32.8
  stdout_lines: <omitted>
2025-08-19 09:25:03,763 p=82716 u=ollama n=ansible | TASK [Verify node version] *****************************************************
2025-08-19 09:25:03,764 p=82716 u=ollama n=ansible | ok: [k8s01] => changed=false 
  cmd: kubectl get node k8s01 -o jsonpath='{.status.nodeInfo.kubeletVersion}'
  delta: '0:00:00.095504'
  end: '2025-08-19 13:25:03.532184'
  msg: ''
  rc: 0
  start: '2025-08-19 13:25:03.436680'
  stderr: ''
  stderr_lines: <omitted>
  stdout: v1.32.8
  stdout_lines: <omitted>
2025-08-19 09:25:03,790 p=82716 u=ollama n=ansible | TASK [Display final node version] **********************************************
2025-08-19 09:25:03,791 p=82716 u=ollama n=ansible | ok: [k8s01] => 
  msg: Node k8s01 is now running v1.32.8
2025-08-19 09:25:03,823 p=82716 u=ollama n=ansible | PLAY RECAP *********************************************************************
2025-08-19 09:25:03,823 p=82716 u=ollama n=ansible | k8s01                      : ok=7    changed=2    unreachable=0    failed=0    skipped=0    rescued=0    ignored=0   
2025-08-19 09:27:13,243 p=86878 u=ollama n=ansible | Using /home/ollama/me/Zenitsu_mforrester-home-lab/kubernetes-upgrade/ansible.cfg as config file
2025-08-19 09:27:13,378 p=86878 u=ollama n=ansible | PLAY [Configure Kubernetes 1.32 Repository] ************************************
2025-08-19 09:27:15,499 p=86878 u=ollama n=ansible | TASK [Add Kubernetes 1.32 apt repository] **************************************
2025-08-19 09:27:15,500 p=86878 u=ollama n=ansible | changed: [k8s03] => changed=true 
  checksum: d2f39eb20d9669ff2dbb9a6d633b82d0d44ee18c
  dest: /etc/apt/sources.list.d/kubernetes-v1.32.list
  gid: 0
  group: root
  md5sum: 9ddaaad3ec8f6675f97ceb72c886cdc2
  mode: '0644'
  owner: root
  size: 108
  src: /root/.ansible/tmp/ansible-tmp-1755610034.8552082-86930-199840870405106/.source.list
  state: file
  uid: 0
2025-08-19 09:27:15,701 p=86878 u=ollama n=ansible | changed: [k8s02] => changed=true 
  checksum: d2f39eb20d9669ff2dbb9a6d633b82d0d44ee18c
  dest: /etc/apt/sources.list.d/kubernetes-v1.32.list
  gid: 0
  group: root
  md5sum: 9ddaaad3ec8f6675f97ceb72c886cdc2
  mode: '0644'
  owner: root
  size: 108
  src: /root/.ansible/tmp/ansible-tmp-1755610034.929448-86928-131660822147515/.source.list
  state: file
  uid: 0
2025-08-19 09:27:40,786 p=86878 u=ollama n=ansible | TASK [Update apt cache] ********************************************************
2025-08-19 09:27:40,786 p=86878 u=ollama n=ansible | ok: [k8s03] => changed=false 
  cache_update_time: 1755610057
  cache_updated: true
2025-08-19 09:27:41,139 p=86878 u=ollama n=ansible | TASK [Check available 1.32 versions] *******************************************
2025-08-19 09:27:41,140 p=86878 u=ollama n=ansible | ok: [k8s03] => changed=false 
  cmd: apt-cache madison kubeadm | grep '1.32' | head -5
  delta: '0:00:00.032793'
  end: '2025-08-19 13:27:40.580543'
  msg: ''
  rc: 0
  start: '2025-08-19 13:27:40.547750'
  stderr: ''
  stderr_lines: <omitted>
  stdout: |2-
       kubeadm | 1.32.8-1.1 | https://pkgs.k8s.io/core:/stable:/v1.32/deb  Packages
       kubeadm | 1.32.7-1.1 | https://pkgs.k8s.io/core:/stable:/v1.32/deb  Packages
       kubeadm | 1.32.6-1.1 | https://pkgs.k8s.io/core:/stable:/v1.32/deb  Packages
       kubeadm | 1.32.5-1.1 | https://pkgs.k8s.io/core:/stable:/v1.32/deb  Packages
       kubeadm | 1.32.4-1.1 | https://pkgs.k8s.io/core:/stable:/v1.32/deb  Packages
  stdout_lines: <omitted>
2025-08-19 09:27:41,164 p=86878 u=ollama n=ansible | TASK [Display available 1.32 versions] *****************************************
2025-08-19 09:27:41,165 p=86878 u=ollama n=ansible | ok: [k8s03] => 
  available_versions.stdout_lines:
  - '   kubeadm | 1.32.8-1.1 | https://pkgs.k8s.io/core:/stable:/v1.32/deb  Packages'
  - '   kubeadm | 1.32.7-1.1 | https://pkgs.k8s.io/core:/stable:/v1.32/deb  Packages'
  - '   kubeadm | 1.32.6-1.1 | https://pkgs.k8s.io/core:/stable:/v1.32/deb  Packages'
  - '   kubeadm | 1.32.5-1.1 | https://pkgs.k8s.io/core:/stable:/v1.32/deb  Packages'
  - '   kubeadm | 1.32.4-1.1 | https://pkgs.k8s.io/core:/stable:/v1.32/deb  Packages'
2025-08-19 09:27:42,551 p=86878 u=ollama n=ansible | TASK [Update apt cache] ********************************************************
2025-08-19 09:27:42,552 p=86878 u=ollama n=ansible | ok: [k8s02] => changed=false 
  cache_update_time: 1755610057
  cache_updated: true
2025-08-19 09:27:42,900 p=86878 u=ollama n=ansible | TASK [Check available 1.32 versions] *******************************************
2025-08-19 09:27:42,901 p=86878 u=ollama n=ansible | ok: [k8s02] => changed=false 
  cmd: apt-cache madison kubeadm | grep '1.32' | head -5
  delta: '0:00:00.054291'
  end: '2025-08-19 13:27:42.281518'
  msg: ''
  rc: 0
  start: '2025-08-19 13:27:42.227227'
  stderr: ''
  stderr_lines: <omitted>
  stdout: |2-
       kubeadm | 1.32.8-1.1 | https://pkgs.k8s.io/core:/stable:/v1.32/deb  Packages
       kubeadm | 1.32.7-1.1 | https://pkgs.k8s.io/core:/stable:/v1.32/deb  Packages
       kubeadm | 1.32.6-1.1 | https://pkgs.k8s.io/core:/stable:/v1.32/deb  Packages
       kubeadm | 1.32.5-1.1 | https://pkgs.k8s.io/core:/stable:/v1.32/deb  Packages
       kubeadm | 1.32.4-1.1 | https://pkgs.k8s.io/core:/stable:/v1.32/deb  Packages
  stdout_lines: <omitted>
2025-08-19 09:27:42,921 p=86878 u=ollama n=ansible | TASK [Display available 1.32 versions] *****************************************
2025-08-19 09:27:42,921 p=86878 u=ollama n=ansible | ok: [k8s02] => 
  available_versions.stdout_lines:
  - '   kubeadm | 1.32.8-1.1 | https://pkgs.k8s.io/core:/stable:/v1.32/deb  Packages'
  - '   kubeadm | 1.32.7-1.1 | https://pkgs.k8s.io/core:/stable:/v1.32/deb  Packages'
  - '   kubeadm | 1.32.6-1.1 | https://pkgs.k8s.io/core:/stable:/v1.32/deb  Packages'
  - '   kubeadm | 1.32.5-1.1 | https://pkgs.k8s.io/core:/stable:/v1.32/deb  Packages'
  - '   kubeadm | 1.32.4-1.1 | https://pkgs.k8s.io/core:/stable:/v1.32/deb  Packages'
2025-08-19 09:27:42,978 p=86878 u=ollama n=ansible | PLAY RECAP *********************************************************************
2025-08-19 09:27:42,978 p=86878 u=ollama n=ansible | k8s02                      : ok=4    changed=1    unreachable=0    failed=0    skipped=0    rescued=0    ignored=0   
2025-08-19 09:27:42,979 p=86878 u=ollama n=ansible | k8s03                      : ok=4    changed=1    unreachable=0    failed=0    skipped=0    rescued=0    ignored=0   
2025-08-19 09:27:51,012 p=87998 u=ollama n=ansible | Using /home/ollama/me/Zenitsu_mforrester-home-lab/kubernetes-upgrade/ansible.cfg as config file
2025-08-19 09:27:51,175 p=87998 u=ollama n=ansible | PLAY [Upgrade Kubernetes Control Plane] ****************************************
2025-08-19 09:27:51,974 p=87998 u=ollama n=ansible | TASK [Add Kubernetes 1.32 repository] ******************************************
2025-08-19 09:27:51,975 p=87998 u=ollama n=ansible | ok: [k8s02] => changed=false 
  checksum: d2f39eb20d9669ff2dbb9a6d633b82d0d44ee18c
  dest: /etc/apt/sources.list.d/kubernetes-v1.32.list
  gid: 0
  group: root
  mode: '0644'
  owner: root
  path: /etc/apt/sources.list.d/kubernetes-v1.32.list
  size: 108
  state: file
  uid: 0
2025-08-19 09:28:13,477 p=87998 u=ollama n=ansible | TASK [Update apt cache] ********************************************************
2025-08-19 09:28:13,477 p=87998 u=ollama n=ansible | ok: [k8s02] => changed=false 
  cache_update_time: 1755610057
  cache_updated: false
2025-08-19 09:28:13,970 p=87998 u=ollama n=ansible | TASK [Check current node status] ***********************************************
2025-08-19 09:28:13,971 p=87998 u=ollama n=ansible | ok: [k8s02] => changed=false 
  cmd:
  - kubectl
  - get
  - node
  - k8s02
  delta: '0:00:00.079746'
  end: '2025-08-19 13:28:13.303415'
  msg: ''
  rc: 0
  start: '2025-08-19 13:28:13.223669'
  stderr: ''
  stderr_lines: <omitted>
  stdout: |-
    NAME    STATUS   ROLES           AGE   VERSION
    k8s02   Ready    control-plane   43d   v1.31.10
  stdout_lines: <omitted>
2025-08-19 09:28:13,989 p=87998 u=ollama n=ansible | TASK [Display node status] *****************************************************
2025-08-19 09:28:13,990 p=87998 u=ollama n=ansible | ok: [k8s02] => 
  node_status.stdout_lines:
  - NAME    STATUS   ROLES           AGE   VERSION
  - k8s02   Ready    control-plane   43d   v1.31.10
2025-08-19 09:28:37,827 p=87998 u=ollama n=ansible | TASK [Upgrade kubeadm] *********************************************************
2025-08-19 09:28:37,827 p=87998 u=ollama n=ansible | changed: [k8s02] => changed=true 
  cache_update_time: 1755610057
  cache_updated: false
  stderr: |-
    debconf: delaying package configuration, since apt-utils is not installed
  
    The processor microcode seems to be up-to-date.
  
    Restarting services...
  
    Service restarts being deferred:
     /etc/needrestart/restart.d/dbus.service
     systemctl restart getty@tty1.service
     systemctl restart systemd-logind.service
     systemctl restart unattended-upgrades.service
     systemctl restart wpa_supplicant.service
  
    No containers need to be restarted.
  
    No user sessions are running outdated binaries.
  
    No VM guests are running outdated hypervisor (qemu) binaries on this host.
  stderr_lines: <omitted>
  stdout: |-
    Reading package lists...
    Building dependency tree...
    Reading state information...
    The following held packages will be changed:
      kubeadm
    The following packages will be upgraded:
      kubeadm
    1 upgraded, 0 newly installed, 0 to remove and 75 not upgraded.
    Need to get 12.2 MB of archives.
    After this operation, 12.2 MB of additional disk space will be used.
    Get:1 https://prod-cdn.packages.k8s.io/repositories/isv:/kubernetes:/core:/stable:/v1.32/deb  kubeadm 1.32.8-1.1 [12.2 MB]
    Fetched 12.2 MB in 20s (598 kB/s)
    (Reading database ... (Reading database ... 5%(Reading database ... 10%(Reading database ... 15%(Reading database ... 20%(Reading database ... 25%(Reading database ... 30%(Reading database ... 35%(Reading database ... 40%(Reading database ... 45%(Reading database ... 50%(Reading database ... 55%(Reading database ... 60%(Reading database ... 65%(Reading database ... 70%(Reading database ... 75%(Reading database ... 80%(Reading database ... 85%(Reading database ... 90%(Reading database ... 95%(Reading database ... 100%(Reading database ... 113920 files and directories currently installed.)
    Preparing to unpack .../kubeadm_1.32.8-1.1_amd64.deb ...
    Unpacking kubeadm (1.32.8-1.1) over (1.31.10-1.1) ...
    Setting up kubeadm (1.32.8-1.1) ...
  stdout_lines: <omitted>
2025-08-19 09:28:38,109 p=87998 u=ollama n=ansible | TASK [Check kubeadm version] ***************************************************
2025-08-19 09:28:38,109 p=87998 u=ollama n=ansible | ok: [k8s02] => changed=false 
  cmd:
  - kubeadm
  - version
  delta: '0:00:00.032048'
  end: '2025-08-19 13:28:37.593334'
  msg: ''
  rc: 0
  start: '2025-08-19 13:28:37.561286'
  stderr: ''
  stderr_lines: <omitted>
  stdout: 'kubeadm version: &version.Info{Major:"1", Minor:"32", GitVersion:"v1.32.8", GitCommit:"2e83bc4bf31e88b7de81d5341939d5ce2460f46f", GitTreeState:"clean", BuildDate:"2025-08-13T14:28:45Z", GoVersion:"go1.23.11", Compiler:"gc", Platform:"linux/amd64"}'
  stdout_lines: <omitted>
2025-08-19 09:28:38,126 p=87998 u=ollama n=ansible | TASK [Display kubeadm version] *************************************************
2025-08-19 09:28:38,126 p=87998 u=ollama n=ansible | ok: [k8s02] => 
  kubeadm_version.stdout: 'kubeadm version: &version.Info{Major:"1", Minor:"32", GitVersion:"v1.32.8", GitCommit:"2e83bc4bf31e88b7de81d5341939d5ce2460f46f", GitTreeState:"clean", BuildDate:"2025-08-13T14:28:45Z", GoVersion:"go1.23.11", Compiler:"gc", Platform:"linux/amd64"}'
2025-08-19 09:28:38,414 p=87998 u=ollama n=ansible | TASK [Run kubeadm upgrade plan] ************************************************
2025-08-19 09:28:38,415 p=87998 u=ollama n=ansible | fatal: [k8s02]: FAILED! => changed=false 
  cmd:
  - kubeadm
  - upgrade
  - plan
  delta: '0:00:00.042473'
  end: '2025-08-19 13:28:37.891454'
  msg: non-zero return code
  rc: 2
  start: '2025-08-19 13:28:37.848981'
  stderr: |-
    [preflight] Some fatal errors occurred:
            [ERROR CoreDNSUnsupportedPlugins]: Get "https://127.0.0.1:6443/api/v1/namespaces/kube-system/configmaps/coredns?timeout=10s": tls: failed to verify certificate: x509: certificate is valid for 10.96.0.1, 192.168.0.51, 192.168.0.50, not 127.0.0.1
            [ERROR CoreDNSMigration]: Get "https://127.0.0.1:6443/api/v1/namespaces/kube-system/configmaps/coredns?timeout=10s": tls: failed to verify certificate: x509: certificate is valid for 10.96.0.1, 192.168.0.51, 192.168.0.50, not 127.0.0.1
    [preflight] If you know what you are doing, you can make a check non-fatal with `--ignore-preflight-errors=...`
    To see the stack trace of this error execute with --v=5 or higher
  stderr_lines: <omitted>
  stdout: '[preflight] Running pre-flight checks.'
  stdout_lines: <omitted>
2025-08-19 09:28:38,427 p=87998 u=ollama n=ansible | 	to retry, use: --limit @/home/ollama/me/Zenitsu_mforrester-home-lab/kubernetes-upgrade/.ansible-retry/upgrade-control-plane-simple.retry

2025-08-19 09:28:38,427 p=87998 u=ollama n=ansible | PLAY RECAP *********************************************************************
2025-08-19 09:28:38,427 p=87998 u=ollama n=ansible | k8s02                      : ok=7    changed=1    unreachable=0    failed=1    skipped=0    rescued=0    ignored=0   
2025-08-19 09:33:24,740 p=97333 u=ollama n=ansible | Using /home/ollama/me/Zenitsu_mforrester-home-lab/kubernetes-upgrade/ansible.cfg as config file
2025-08-19 09:34:09,787 p=97333 u=ollama n=ansible | k8s03 | FAILED! => {"changed": true,"cmd": "apt-get update && apt-get install -y --allow-change-held-packages kubeadm=1.32.8-1.1 && kubeadm upgrade node && apt-get install -y --allow-change-held-packages kubelet=1.32.8-1.1 kubectl=1.32.8-1.1 && systemctl daemon-reload && systemctl restart kubelet","delta": "0:00:44.217076","end": "2025-08-19 13:34:08.950698","msg": "non-zero return code","rc": 1,"start": "2025-08-19 13:33:24.733622","stderr": "debconf: delaying package configuration, since apt-utils is not installed\ndebconf: unable to initialize frontend: Dialog\ndebconf: (TERM is not set, so the dialog frontend is not usable.)\ndebconf: falling back to frontend: Readline\ndebconf: unable to initialize frontend: Readline\ndebconf: (This frontend requires a controlling tty.)\ndebconf: falling back to frontend: Teletype\n\nThe processor microcode seems to be up-to-date.\n\nRestarting services...\n\nService restarts being deferred:\n /etc/needrestart/restart.d/dbus.service\n systemctl restart getty@tty1.service\n systemctl restart systemd-logind.service\n systemctl restart unattended-upgrades.service\n systemctl restart wpa_supplicant.service\n\nNo containers need to be restarted.\n\nNo user sessions are running outdated binaries.\n\nNo VM guests are running outdated hypervisor (qemu) binaries on this host.\nunable to fetch the kubeadm-config ConfigMap: failed to get config map: Get \"https://127.0.0.1:6443/api/v1/namespaces/kube-system/configmaps/kubeadm-config?timeout=10s\": tls: failed to verify certificate: x509: certificate is valid for 10.96.0.1, 192.168.0.52, 192.168.0.50, not 127.0.0.1\nTo see the stack trace of this error execute with --v=5 or higher","stderr_lines": ["debconf: delaying package configuration, since apt-utils is not installed","debconf: unable to initialize frontend: Dialog","debconf: (TERM is not set, so the dialog frontend is not usable.)","debconf: falling back to frontend: Readline","debconf: unable to initialize frontend: Readline","debconf: (This frontend requires a controlling tty.)","debconf: falling back to frontend: Teletype","","The processor microcode seems to be up-to-date.","","Restarting services...","","Service restarts being deferred:"," /etc/needrestart/restart.d/dbus.service"," systemctl restart getty@tty1.service"," systemctl restart systemd-logind.service"," systemctl restart unattended-upgrades.service"," systemctl restart wpa_supplicant.service","","No containers need to be restarted.","","No user sessions are running outdated binaries.","","No VM guests are running outdated hypervisor (qemu) binaries on this host.","unable to fetch the kubeadm-config ConfigMap: failed to get config map: Get \"https://127.0.0.1:6443/api/v1/namespaces/kube-system/configmaps/kubeadm-config?timeout=10s\": tls: failed to verify certificate: x509: certificate is valid for 10.96.0.1, 192.168.0.52, 192.168.0.50, not 127.0.0.1","To see the stack trace of this error execute with --v=5 or higher"],"stdout": "Hit:1 https://download.docker.com/linux/ubuntu noble InRelease\nHit:2 http://us.archive.ubuntu.com/ubuntu noble InRelease\nHit:3 http://security.ubuntu.com/ubuntu noble-security InRelease\nHit:5 http://us.archive.ubuntu.com/ubuntu noble-updates InRelease\nHit:7 http://us.archive.ubuntu.com/ubuntu noble-backports InRelease\nHit:4 https://prod-cdn.packages.k8s.io/repositories/isv:/kubernetes:/core:/stable:/v1.32/deb  InRelease\nHit:6 https://prod-cdn.packages.k8s.io/repositories/isv:/kubernetes:/core:/stable:/v1.31/deb  InRelease\nReading package lists...\nReading package lists...\nBuilding dependency tree...\nReading state information...\nThe following held packages will be changed:\n  kubeadm\nThe following packages will be upgraded:\n  kubeadm\n1 upgraded, 0 newly installed, 0 to remove and 75 not upgraded.\nNeed to get 12.2 MB of archives.\nAfter this operation, 12.2 MB of additional disk space will be used.\nGet:1 https://prod-cdn.packages.k8s.io/repositories/isv:/kubernetes:/core:/stable:/v1.32/deb  kubeadm 1.32.8-1.1 [12.2 MB]\nFetched 12.2 MB in 20s (599 kB/s)\n(Reading database ... \r(Reading database ... 5%\r(Reading database ... 10%\r(Reading database ... 15%\r(Reading database ... 20%\r(Reading database ... 25%\r(Reading database ... 30%\r(Reading database ... 35%\r(Reading database ... 40%\r(Reading database ... 45%\r(Reading database ... 50%\r(Reading database ... 55%\r(Reading database ... 60%\r(Reading database ... 65%\r(Reading database ... 70%\r(Reading database ... 75%\r(Reading database ... 80%\r(Reading database ... 85%\r(Reading database ... 90%\r(Reading database ... 95%\r(Reading database ... 100%\r(Reading database ... 115803 files and directories currently installed.)\r\nPreparing to unpack .../kubeadm_1.32.8-1.1_amd64.deb ...\r\nUnpacking kubeadm (1.32.8-1.1) over (1.31.10-1.1) ...\r\nSetting up kubeadm (1.32.8-1.1) ...\r\nPending kernel upgrade\n----------------------\n\nNewer kernel available\n\nThe currently running kernel version is 6.11.0-29-generic which is not the\nexpected kernel version 6.14.0-28-generic.\n\nRestarting the system to load the new kernel will not be handled automatically,\nso you should consider rebooting.\n\n[upgrade] Reading configuration from the \"kubeadm-config\" ConfigMap in namespace \"kube-system\"...\n[upgrade] Use 'kubeadm init phase upload-config --config your-config.yaml' to re-upload it.","stdout_lines": ["Hit:1 https://download.docker.com/linux/ubuntu noble InRelease","Hit:2 http://us.archive.ubuntu.com/ubuntu noble InRelease","Hit:3 http://security.ubuntu.com/ubuntu noble-security InRelease","Hit:5 http://us.archive.ubuntu.com/ubuntu noble-updates InRelease","Hit:7 http://us.archive.ubuntu.com/ubuntu noble-backports InRelease","Hit:4 https://prod-cdn.packages.k8s.io/repositories/isv:/kubernetes:/core:/stable:/v1.32/deb  InRelease","Hit:6 https://prod-cdn.packages.k8s.io/repositories/isv:/kubernetes:/core:/stable:/v1.31/deb  InRelease","Reading package lists...","Reading package lists...","Building dependency tree...","Reading state information...","The following held packages will be changed:","  kubeadm","The following packages will be upgraded:","  kubeadm","1 upgraded, 0 newly installed, 0 to remove and 75 not upgraded.","Need to get 12.2 MB of archives.","After this operation, 12.2 MB of additional disk space will be used.","Get:1 https://prod-cdn.packages.k8s.io/repositories/isv:/kubernetes:/core:/stable:/v1.32/deb  kubeadm 1.32.8-1.1 [12.2 MB]","Fetched 12.2 MB in 20s (599 kB/s)","(Reading database ... ","(Reading database ... 5%","(Reading database ... 10%","(Reading database ... 15%","(Reading database ... 20%","(Reading database ... 25%","(Reading database ... 30%","(Reading database ... 35%","(Reading database ... 40%","(Reading database ... 45%","(Reading database ... 50%","(Reading database ... 55%","(Reading database ... 60%","(Reading database ... 65%","(Reading database ... 70%","(Reading database ... 75%","(Reading database ... 80%","(Reading database ... 85%","(Reading database ... 90%","(Reading database ... 95%","(Reading database ... 100%","(Reading database ... 115803 files and directories currently installed.)","Preparing to unpack .../kubeadm_1.32.8-1.1_amd64.deb ...","Unpacking kubeadm (1.32.8-1.1) over (1.31.10-1.1) ...","Setting up kubeadm (1.32.8-1.1) ...","Pending kernel upgrade","----------------------","","Newer kernel available","","The currently running kernel version is 6.11.0-29-generic which is not the","expected kernel version 6.14.0-28-generic.","","Restarting the system to load the new kernel will not be handled automatically,","so you should consider rebooting.","","[upgrade] Reading configuration from the \"kubeadm-config\" ConfigMap in namespace \"kube-system\"...","[upgrade] Use 'kubeadm init phase upload-config --config your-config.yaml' to re-upload it."]}
2025-08-19 09:49:39,264 p=22500 u=ollama n=ansible | Using /home/ollama/me/Zenitsu_mforrester-home-lab/kubernetes-upgrade/ansible.cfg as config file
2025-08-19 09:49:39,461 p=22500 u=ollama n=ansible | PLAY [Fix and Complete Node Upgrade] *******************************************
2025-08-19 09:49:41,163 p=22500 u=ollama n=ansible | TASK [Fix kubeconfig to use correct API server] ********************************
2025-08-19 09:49:41,163 p=22500 u=ollama n=ansible | ok: [k8s03] => changed=false 
  msg: ''
  rc: 0
2025-08-19 09:49:41,564 p=22500 u=ollama n=ansible | TASK [Verify kubectl works] ****************************************************
2025-08-19 09:49:41,565 p=22500 u=ollama n=ansible | ok: [k8s03] => changed=false 
  cmd:
  - kubectl
  - get
  - nodes
  delta: '0:00:00.129427'
  end: '2025-08-19 13:49:40.778917'
  msg: ''
  rc: 0
  start: '2025-08-19 13:49:40.649490'
  stderr: ''
  stderr_lines: <omitted>
  stdout: |-
    NAME    STATUS   ROLES           AGE   VERSION
    k8s01   Ready    control-plane   43d   v1.32.8
    k8s02   Ready    control-plane   43d   v1.32.8
    k8s03   Ready    control-plane   43d   v1.31.10
    k8s04   Ready    worker          43d   v1.31.10
    k8s05   Ready    worker          43d   v1.31.10
    k8s06   Ready    worker          43d   v1.31.10
    k8s07   Ready    worker          43d   v1.31.10
    k8s08   Ready    worker          43d   v1.31.10
    k8s09   Ready    worker          43d   v1.31.10
  stdout_lines: <omitted>
2025-08-19 09:50:06,708 p=22500 u=ollama n=ansible | TASK [Complete kubelet and kubectl upgrade] ************************************
2025-08-19 09:50:06,709 p=22500 u=ollama n=ansible | changed: [k8s03] => changed=true 
  cache_update_time: 1755610057
  cache_updated: false
  stderr: |-
    debconf: delaying package configuration, since apt-utils is not installed
  
    The processor microcode seems to be up-to-date.
  
    Restarting services...
     systemctl restart kubelet.service
  
    Service restarts being deferred:
     /etc/needrestart/restart.d/dbus.service
     systemctl restart getty@tty1.service
     systemctl restart systemd-logind.service
     systemctl restart unattended-upgrades.service
     systemctl restart wpa_supplicant.service
  
    No containers need to be restarted.
  
    No user sessions are running outdated binaries.
  
    No VM guests are running outdated hypervisor (qemu) binaries on this host.
  stderr_lines: <omitted>
  stdout: |-
    Reading package lists...
    Building dependency tree...
    Reading state information...
    The following held packages will be changed:
      kubectl kubelet
    The following packages will be upgraded:
      kubectl kubelet
    2 upgraded, 0 newly installed, 0 to remove and 73 not upgraded.
    Need to get 26.4 MB of archives.
    After this operation, 541 kB of additional disk space will be used.
    Get:1 https://prod-cdn.packages.k8s.io/repositories/isv:/kubernetes:/core:/stable:/v1.32/deb  kubectl 1.32.8-1.1 [11.3 MB]
    Get:2 https://prod-cdn.packages.k8s.io/repositories/isv:/kubernetes:/core:/stable:/v1.32/deb  kubelet 1.32.8-1.1 [15.2 MB]
    Fetched 26.4 MB in 21s (1284 kB/s)
    (Reading database ... (Reading database ... 5%(Reading database ... 10%(Reading database ... 15%(Reading database ... 20%(Reading database ... 25%(Reading database ... 30%(Reading database ... 35%(Reading database ... 40%(Reading database ... 45%(Reading database ... 50%(Reading database ... 55%(Reading database ... 60%(Reading database ... 65%(Reading database ... 70%(Reading database ... 75%(Reading database ... 80%(Reading database ... 85%(Reading database ... 90%(Reading database ... 95%(Reading database ... 100%(Reading database ... 115803 files and directories currently installed.)
    Preparing to unpack .../kubectl_1.32.8-1.1_amd64.deb ...
    Unpacking kubectl (1.32.8-1.1) over (1.31.10-1.1) ...
    Preparing to unpack .../kubelet_1.32.8-1.1_amd64.deb ...
    Unpacking kubelet (1.32.8-1.1) over (1.31.10-1.1) ...
    Setting up kubectl (1.32.8-1.1) ...
    Setting up kubelet (1.32.8-1.1) ...
  stdout_lines: <omitted>
2025-08-19 09:50:07,671 p=22500 u=ollama n=ansible | TASK [Restart kubelet] *********************************************************
2025-08-19 09:50:07,677 p=22500 u=ollama n=ansible | changed: [k8s03] => changed=true 
  name: kubelet
  state: started
  status:
    ActiveEnterTimestamp: Tue 2025-08-19 13:50:05 UTC
    ActiveEnterTimestampMonotonic: '3863377638494'
    ActiveExitTimestamp: Tue 2025-08-19 13:50:05 UTC
    ActiveExitTimestampMonotonic: '3863377595072'
    ActiveState: active
    After: basic.target systemd-journald.socket system.slice network-online.target sysinit.target
    AllowIsolate: 'no'
    AssertResult: 'yes'
    AssertTimestamp: Tue 2025-08-19 13:50:05 UTC
    AssertTimestampMonotonic: '3863377630263'
    Before: multi-user.target shutdown.target
    BlockIOAccounting: 'no'
    BlockIOWeight: '[not set]'
    CPUAccounting: 'yes'
    CPUAffinityFromNUMA: 'no'
    CPUQuotaPerSecUSec: infinity
    CPUQuotaPeriodUSec: infinity
    CPUSchedulingPolicy: '0'
    CPUSchedulingPriority: '0'
    CPUSchedulingResetOnFork: 'no'
    CPUShares: '[not set]'
    CPUUsageNSec: '423972000'
    CPUWeight: '[not set]'
    CacheDirectoryMode: '0755'
    CanFreeze: 'yes'
    CanIsolate: 'no'
    CanReload: 'no'
    CanStart: 'yes'
    CanStop: 'yes'
    CapabilityBoundingSet: cap_chown cap_dac_override cap_dac_read_search cap_fowner cap_fsetid cap_kill cap_setgid cap_setuid cap_setpcap cap_linux_immutable cap_net_bind_service cap_net_broadcast cap_net_admin cap_net_raw cap_ipc_lock cap_ipc_owner cap_sys_module cap_sys_rawio cap_sys_chroot cap_sys_ptrace cap_sys_pacct cap_sys_admin cap_sys_boot cap_sys_nice cap_sys_resource cap_sys_time cap_sys_tty_config cap_mknod cap_lease cap_audit_write cap_audit_control cap_setfcap cap_mac_override cap_mac_admin cap_syslog cap_wake_alarm cap_block_suspend cap_audit_read cap_perfmon cap_bpf cap_checkpoint_restore
    CleanResult: success
    CollectMode: inactive
    ConditionResult: 'yes'
    ConditionTimestamp: Tue 2025-08-19 13:50:05 UTC
    ConditionTimestampMonotonic: '3863377630260'
    ConfigurationDirectoryMode: '0755'
    Conflicts: shutdown.target
    ControlGroup: /system.slice/kubelet.service
    ControlGroupId: '348791'
    ControlPID: '0'
    CoredumpFilter: '0x33'
    CoredumpReceive: 'no'
    DefaultDependencies: 'yes'
    DefaultMemoryLow: '0'
    DefaultMemoryMin: '0'
    DefaultStartupMemoryLow: '0'
    Delegate: 'no'
    Description: 'kubelet: The Kubernetes Node Agent'
    DevicePolicy: auto
    Documentation: https://kubernetes.io/docs/
    DropInPaths: /usr/lib/systemd/system/kubelet.service.d/10-kubeadm.conf
    DynamicUser: 'no'
    EffectiveCPUs: 0-3
    EffectiveMemoryNodes: '0'
    Environment: '"KUBELET_KUBECONFIG_ARGS=--bootstrap-kubeconfig=/etc/kubernetes/bootstrap-kubelet.conf --kubeconfig=/etc/kubernetes/kubelet.conf" KUBELET_CONFIG_ARGS=--config=/var/lib/kubelet/config.yaml'
    EnvironmentFiles: /etc/default/kubelet (ignore_errors=yes)
    ExecMainCode: '0'
    ExecMainExitTimestampMonotonic: '0'
    ExecMainPID: '3728204'
    ExecMainStartTimestamp: Tue 2025-08-19 13:50:05 UTC
    ExecMainStartTimestampMonotonic: '3863377638202'
    ExecMainStatus: '0'
    ExecStart: '{ path=/usr/bin/kubelet ; argv[]=/usr/bin/kubelet $KUBELET_KUBECONFIG_ARGS $KUBELET_CONFIG_ARGS $KUBELET_KUBEADM_ARGS $KUBELET_EXTRA_ARGS ; ignore_errors=no ; start_time=[n/a] ; stop_time=[n/a] ; pid=0 ; code=(null) ; status=0/0 }'
    ExecStartEx: '{ path=/usr/bin/kubelet ; argv[]=/usr/bin/kubelet $KUBELET_KUBECONFIG_ARGS $KUBELET_CONFIG_ARGS $KUBELET_KUBEADM_ARGS $KUBELET_EXTRA_ARGS ; flags= ; start_time=[n/a] ; stop_time=[n/a] ; pid=0 ; code=(null) ; status=0/0 }'
    ExitType: main
    ExtensionImagePolicy: root=verity+signed+encrypted+unprotected+absent:usr=verity+signed+encrypted+unprotected+absent:home=encrypted+unprotected+absent:srv=encrypted+unprotected+absent:tmp=encrypted+unprotected+absent:var=encrypted+unprotected+absent
    FailureAction: none
    FileDescriptorStoreMax: '0'
    FileDescriptorStorePreserve: restart
    FinalKillSignal: '9'
    FragmentPath: /usr/lib/systemd/system/kubelet.service
    FreezerState: running
    GID: '[not set]'
    GuessMainPID: 'yes'
    IOAccounting: 'no'
    IOReadBytes: '[not set]'
    IOReadOperations: '[not set]'
    IOSchedulingClass: '2'
    IOSchedulingPriority: '4'
    IOWeight: '[not set]'
    IOWriteBytes: '[not set]'
    IOWriteOperations: '[not set]'
    IPAccounting: 'no'
    IPEgressBytes: '[no data]'
    IPEgressPackets: '[no data]'
    IPIngressBytes: '[no data]'
    IPIngressPackets: '[no data]'
    Id: kubelet.service
    IgnoreOnIsolate: 'no'
    IgnoreSIGPIPE: 'yes'
    InactiveEnterTimestamp: Tue 2025-08-19 13:50:05 UTC
    InactiveEnterTimestampMonotonic: '3863377629658'
    InactiveExitTimestamp: Tue 2025-08-19 13:50:05 UTC
    InactiveExitTimestampMonotonic: '3863377638494'
    InvocationID: ff26aa382a9f4d28983e3bcc5eec9828
    JobRunningTimeoutUSec: infinity
    JobTimeoutAction: none
    JobTimeoutUSec: infinity
    KeyringMode: private
    KillMode: control-group
    KillSignal: '15'
    LimitAS: infinity
    LimitASSoft: infinity
    LimitCORE: infinity
    LimitCORESoft: '0'
    LimitCPU: infinity
    LimitCPUSoft: infinity
    LimitDATA: infinity
    LimitDATASoft: infinity
    LimitFSIZE: infinity
    LimitFSIZESoft: infinity
    LimitLOCKS: infinity
    LimitLOCKSSoft: infinity
    LimitMEMLOCK: '8388608'
    LimitMEMLOCKSoft: '8388608'
    LimitMSGQUEUE: '819200'
    LimitMSGQUEUESoft: '819200'
    LimitNICE: '0'
    LimitNICESoft: '0'
    LimitNOFILE: '524288'
    LimitNOFILESoft: '1024'
    LimitNPROC: '62392'
    LimitNPROCSoft: '62392'
    LimitRSS: infinity
    LimitRSSSoft: infinity
    LimitRTPRIO: '0'
    LimitRTPRIOSoft: '0'
    LimitRTTIME: infinity
    LimitRTTIMESoft: infinity
    LimitSIGPENDING: '62392'
    LimitSIGPENDINGSoft: '62392'
    LimitSTACK: infinity
    LimitSTACKSoft: '8388608'
    LoadState: loaded
    LockPersonality: 'no'
    LogLevelMax: '-1'
    LogRateLimitBurst: '0'
    LogRateLimitIntervalUSec: '0'
    LogsDirectoryMode: '0755'
    MainPID: '3728204'
    ManagedOOMMemoryPressure: auto
    ManagedOOMMemoryPressureLimit: '0'
    ManagedOOMPreference: none
    ManagedOOMSwap: auto
    MemoryAccounting: 'yes'
    MemoryAvailable: '12891238400'
    MemoryCurrent: '29069312'
    MemoryDenyWriteExecute: 'no'
    MemoryHigh: infinity
    MemoryKSM: 'no'
    MemoryLimit: infinity
    MemoryLow: '0'
    MemoryMax: infinity
    MemoryMin: '0'
    MemoryPeak: '29773824'
    MemoryPressureThresholdUSec: 200ms
    MemoryPressureWatch: auto
    MemorySwapCurrent: '0'
    MemorySwapMax: infinity
    MemorySwapPeak: '0'
    MemoryZSwapCurrent: '0'
    MemoryZSwapMax: infinity
    MountAPIVFS: 'no'
    MountImagePolicy: root=verity+signed+encrypted+unprotected+absent:usr=verity+signed+encrypted+unprotected+absent:home=encrypted+unprotected+absent:srv=encrypted+unprotected+absent:tmp=encrypted+unprotected+absent:var=encrypted+unprotected+absent
    NFileDescriptorStore: '0'
    NRestarts: '0'
    NUMAPolicy: n/a
    Names: kubelet.service
    NeedDaemonReload: 'no'
    Nice: '0'
    NoNewPrivileges: 'no'
    NonBlocking: 'no'
    NotifyAccess: none
    OOMPolicy: stop
    OOMScoreAdjust: '0'
    OnFailureJobMode: replace
    OnSuccessJobMode: fail
    Perpetual: 'no'
    PrivateDevices: 'no'
    PrivateIPC: 'no'
    PrivateMounts: 'no'
    PrivateNetwork: 'no'
    PrivateTmp: 'no'
    PrivateUsers: 'no'
    ProcSubset: all
    ProtectClock: 'no'
    ProtectControlGroups: 'no'
    ProtectHome: 'no'
    ProtectHostname: 'no'
    ProtectKernelLogs: 'no'
    ProtectKernelModules: 'no'
    ProtectKernelTunables: 'no'
    ProtectProc: default
    ProtectSystem: 'no'
    RefuseManualStart: 'no'
    RefuseManualStop: 'no'
    ReloadResult: success
    ReloadSignal: '1'
    RemainAfterExit: 'no'
    RemoveIPC: 'no'
    Requires: system.slice sysinit.target
    Restart: always
    RestartKillSignal: '15'
    RestartMaxDelayUSec: infinity
    RestartMode: normal
    RestartSteps: '0'
    RestartUSec: 10s
    RestartUSecNext: 10s
    RestrictNamespaces: 'no'
    RestrictRealtime: 'no'
    RestrictSUIDSGID: 'no'
    Result: success
    RootDirectoryStartOnly: 'no'
    RootEphemeral: 'no'
    RootImagePolicy: root=verity+signed+encrypted+unprotected+absent:usr=verity+signed+encrypted+unprotected+absent:home=encrypted+unprotected+absent:srv=encrypted+unprotected+absent:tmp=encrypted+unprotected+absent:var=encrypted+unprotected+absent
    RuntimeDirectoryMode: '0755'
    RuntimeDirectoryPreserve: 'no'
    RuntimeMaxUSec: infinity
    RuntimeRandomizedExtraUSec: '0'
    SameProcessGroup: 'no'
    SecureBits: '0'
    SendSIGHUP: 'no'
    SendSIGKILL: 'yes'
    SetLoginEnvironment: 'no'
    Slice: system.slice
    StandardError: inherit
    StandardInput: 'null'
    StandardOutput: journal
    StartLimitAction: none
    StartLimitBurst: '5'
    StartLimitIntervalUSec: '0'
    StartupBlockIOWeight: '[not set]'
    StartupCPUShares: '[not set]'
    StartupCPUWeight: '[not set]'
    StartupIOWeight: '[not set]'
    StartupMemoryHigh: infinity
    StartupMemoryLow: '0'
    StartupMemoryMax: infinity
    StartupMemorySwapMax: infinity
    StartupMemoryZSwapMax: infinity
    StateChangeTimestamp: Tue 2025-08-19 13:50:05 UTC
    StateChangeTimestampMonotonic: '3863377638494'
    StateDirectoryMode: '0755'
    StatusErrno: '0'
    StopWhenUnneeded: 'no'
    SubState: running
    SuccessAction: none
    SurviveFinalKillSignal: 'no'
    SyslogFacility: '3'
    SyslogLevel: '6'
    SyslogLevelPrefix: 'yes'
    SyslogPriority: '30'
    SystemCallErrorNumber: '2147483646'
    TTYReset: 'no'
    TTYVHangup: 'no'
    TTYVTDisallocate: 'no'
    TasksAccounting: 'yes'
    TasksCurrent: '13'
    TasksMax: '18717'
    TimeoutAbortUSec: 1min 30s
    TimeoutCleanUSec: infinity
    TimeoutStartFailureMode: terminate
    TimeoutStartUSec: 1min 30s
    TimeoutStopFailureMode: terminate
    TimeoutStopUSec: 1min 30s
    TimerSlackNSec: '50000'
    Transient: 'no'
    Type: simple
    UID: '[not set]'
    UMask: '0022'
    UnitFilePreset: enabled
    UnitFileState: enabled
    UtmpMode: init
    WantedBy: multi-user.target
    Wants: network-online.target
    WatchdogSignal: '6'
    WatchdogTimestampMonotonic: '0'
    WatchdogUSec: '0'
2025-08-19 09:50:07,686 p=22500 u=ollama n=ansible | ERROR! The 'pause' module bypasses the host loop, which is currently not supported in the free strategy and would instead execute for every host in the inventory list.

The error appears to be in '/home/ollama/me/Zenitsu_mforrester-home-lab/kubernetes-upgrade/playbooks/fix-and-upgrade-node.yml': line 35, column 7, but may
be elsewhere in the file depending on the exact syntax problem.

The offending line appears to be:


    - name: Wait for node to be ready
      ^ here

2025-08-19 09:50:32,160 p=23981 u=ollama n=ansible | Using /home/ollama/me/Zenitsu_mforrester-home-lab/kubernetes-upgrade/ansible.cfg as config file
2025-08-19 09:50:32,298 p=23981 u=ollama n=ansible | PLAY [Configure Kubernetes 1.32 Repository] ************************************
2025-08-19 09:50:34,517 p=23981 u=ollama n=ansible | TASK [Add Kubernetes 1.32 apt repository] **************************************
2025-08-19 09:50:34,518 p=23981 u=ollama n=ansible | changed: [k8s09] => changed=true 
  checksum: d2f39eb20d9669ff2dbb9a6d633b82d0d44ee18c
  dest: /etc/apt/sources.list.d/kubernetes-v1.32.list
  gid: 0
  group: root
  md5sum: 9ddaaad3ec8f6675f97ceb72c886cdc2
  mode: '0644'
  owner: root
  size: 108
  src: /root/.ansible/tmp/ansible-tmp-1755611434.076383-24091-105330620976003/.source.list
  state: file
  uid: 0
2025-08-19 09:50:34,542 p=23981 u=ollama n=ansible | changed: [k8s07] => changed=true 
  checksum: d2f39eb20d9669ff2dbb9a6d633b82d0d44ee18c
  dest: /etc/apt/sources.list.d/kubernetes-v1.32.list
  gid: 0
  group: root
  md5sum: 9ddaaad3ec8f6675f97ceb72c886cdc2
  mode: '0644'
  owner: root
  size: 108
  src: /root/.ansible/tmp/ansible-tmp-1755611433.9283895-24083-107102631596169/.source.list
  state: file
  uid: 0
2025-08-19 09:50:34,568 p=23981 u=ollama n=ansible | changed: [k8s05] => changed=true 
  checksum: d2f39eb20d9669ff2dbb9a6d633b82d0d44ee18c
  dest: /etc/apt/sources.list.d/kubernetes-v1.32.list
  gid: 0
  group: root
  md5sum: 9ddaaad3ec8f6675f97ceb72c886cdc2
  mode: '0644'
  owner: root
  size: 108
  src: /root/.ansible/tmp/ansible-tmp-1755611433.9746947-24076-178753946361109/.source.list
  state: file
  uid: 0
2025-08-19 09:50:34,585 p=23981 u=ollama n=ansible | changed: [k8s04] => changed=true 
  checksum: d2f39eb20d9669ff2dbb9a6d633b82d0d44ee18c
  dest: /etc/apt/sources.list.d/kubernetes-v1.32.list
  gid: 0
  group: root
  md5sum: 9ddaaad3ec8f6675f97ceb72c886cdc2
  mode: '0644'
  owner: root
  size: 108
  src: /root/.ansible/tmp/ansible-tmp-1755611433.9313152-24064-157014795035694/.source.list
  state: file
  uid: 0
2025-08-19 09:50:34,677 p=23981 u=ollama n=ansible | changed: [k8s08] => changed=true 
  checksum: d2f39eb20d9669ff2dbb9a6d633b82d0d44ee18c
  dest: /etc/apt/sources.list.d/kubernetes-v1.32.list
  gid: 0
  group: root
  md5sum: 9ddaaad3ec8f6675f97ceb72c886cdc2
  mode: '0644'
  owner: root
  size: 108
  src: /root/.ansible/tmp/ansible-tmp-1755611434.1402788-24087-24486531056432/.source.list
  state: file
  uid: 0
2025-08-19 09:50:34,808 p=23981 u=ollama n=ansible | changed: [k8s06] => changed=true 
  checksum: d2f39eb20d9669ff2dbb9a6d633b82d0d44ee18c
  dest: /etc/apt/sources.list.d/kubernetes-v1.32.list
  gid: 0
  group: root
  md5sum: 9ddaaad3ec8f6675f97ceb72c886cdc2
  mode: '0644'
  owner: root
  size: 108
  src: /root/.ansible/tmp/ansible-tmp-1755611434.1816282-24079-277997007664065/.source.list
  state: file
  uid: 0
2025-08-19 09:50:57,874 p=23981 u=ollama n=ansible | TASK [Update apt cache] ********************************************************
2025-08-19 09:50:57,875 p=23981 u=ollama n=ansible | ok: [k8s05] => changed=false 
  cache_update_time: 1755611456
  cache_updated: true
2025-08-19 09:50:57,907 p=23981 u=ollama n=ansible | ok: [k8s08] => changed=false 
  cache_update_time: 1755611456
  cache_updated: true
2025-08-19 09:50:58,012 p=23981 u=ollama n=ansible | ok: [k8s09] => changed=false 
  cache_update_time: 1755611455
  cache_updated: true
2025-08-19 09:50:58,143 p=23981 u=ollama n=ansible | ok: [k8s07] => changed=false 
  cache_update_time: 1755611455
  cache_updated: true
2025-08-19 09:50:58,173 p=23981 u=ollama n=ansible | TASK [Check available 1.32 versions] *******************************************
2025-08-19 09:50:58,175 p=23981 u=ollama n=ansible | ok: [k8s05] => changed=false 
  cmd: apt-cache madison kubeadm | grep '1.32' | head -5
  delta: '0:00:00.029372'
  end: '2025-08-19 13:50:57.698957'
  msg: ''
  rc: 0
  start: '2025-08-19 13:50:57.669585'
  stderr: ''
  stderr_lines: <omitted>
  stdout: |2-
       kubeadm | 1.32.8-1.1 | https://pkgs.k8s.io/core:/stable:/v1.32/deb  Packages
       kubeadm | 1.32.7-1.1 | https://pkgs.k8s.io/core:/stable:/v1.32/deb  Packages
       kubeadm | 1.32.6-1.1 | https://pkgs.k8s.io/core:/stable:/v1.32/deb  Packages
       kubeadm | 1.32.5-1.1 | https://pkgs.k8s.io/core:/stable:/v1.32/deb  Packages
       kubeadm | 1.32.4-1.1 | https://pkgs.k8s.io/core:/stable:/v1.32/deb  Packages
  stdout_lines: <omitted>
2025-08-19 09:50:58,207 p=23981 u=ollama n=ansible | TASK [Display available 1.32 versions] *****************************************
2025-08-19 09:50:58,208 p=23981 u=ollama n=ansible | ok: [k8s05] => 
  available_versions.stdout_lines:
  - '   kubeadm | 1.32.8-1.1 | https://pkgs.k8s.io/core:/stable:/v1.32/deb  Packages'
  - '   kubeadm | 1.32.7-1.1 | https://pkgs.k8s.io/core:/stable:/v1.32/deb  Packages'
  - '   kubeadm | 1.32.6-1.1 | https://pkgs.k8s.io/core:/stable:/v1.32/deb  Packages'
  - '   kubeadm | 1.32.5-1.1 | https://pkgs.k8s.io/core:/stable:/v1.32/deb  Packages'
  - '   kubeadm | 1.32.4-1.1 | https://pkgs.k8s.io/core:/stable:/v1.32/deb  Packages'
2025-08-19 09:50:58,231 p=23981 u=ollama n=ansible | TASK [Check available 1.32 versions] *******************************************
2025-08-19 09:50:58,233 p=23981 u=ollama n=ansible | ok: [k8s09] => changed=false 
  cmd: apt-cache madison kubeadm | grep '1.32' | head -5
  delta: '0:00:00.032051'
  end: '2025-08-19 13:50:57.743304'
  msg: ''
  rc: 0
  start: '2025-08-19 13:50:57.711253'
  stderr: ''
  stderr_lines: <omitted>
  stdout: |2-
       kubeadm | 1.32.8-1.1 | https://pkgs.k8s.io/core:/stable:/v1.32/deb  Packages
       kubeadm | 1.32.7-1.1 | https://pkgs.k8s.io/core:/stable:/v1.32/deb  Packages
       kubeadm | 1.32.6-1.1 | https://pkgs.k8s.io/core:/stable:/v1.32/deb  Packages
       kubeadm | 1.32.5-1.1 | https://pkgs.k8s.io/core:/stable:/v1.32/deb  Packages
       kubeadm | 1.32.4-1.1 | https://pkgs.k8s.io/core:/stable:/v1.32/deb  Packages
  stdout_lines: <omitted>
2025-08-19 09:50:58,233 p=23981 u=ollama n=ansible | ok: [k8s08] => changed=false 
  cmd: apt-cache madison kubeadm | grep '1.32' | head -5
  delta: '0:00:00.036841'
  end: '2025-08-19 13:50:57.746615'
  msg: ''
  rc: 0
  start: '2025-08-19 13:50:57.709774'
  stderr: ''
  stderr_lines: <omitted>
  stdout: |2-
       kubeadm | 1.32.8-1.1 | https://pkgs.k8s.io/core:/stable:/v1.32/deb  Packages
       kubeadm | 1.32.7-1.1 | https://pkgs.k8s.io/core:/stable:/v1.32/deb  Packages
       kubeadm | 1.32.6-1.1 | https://pkgs.k8s.io/core:/stable:/v1.32/deb  Packages
       kubeadm | 1.32.5-1.1 | https://pkgs.k8s.io/core:/stable:/v1.32/deb  Packages
       kubeadm | 1.32.4-1.1 | https://pkgs.k8s.io/core:/stable:/v1.32/deb  Packages
  stdout_lines: <omitted>
2025-08-19 09:50:58,275 p=23981 u=ollama n=ansible | TASK [Display available 1.32 versions] *****************************************
2025-08-19 09:50:58,276 p=23981 u=ollama n=ansible | ok: [k8s08] => 
  available_versions.stdout_lines:
  - '   kubeadm | 1.32.8-1.1 | https://pkgs.k8s.io/core:/stable:/v1.32/deb  Packages'
  - '   kubeadm | 1.32.7-1.1 | https://pkgs.k8s.io/core:/stable:/v1.32/deb  Packages'
  - '   kubeadm | 1.32.6-1.1 | https://pkgs.k8s.io/core:/stable:/v1.32/deb  Packages'
  - '   kubeadm | 1.32.5-1.1 | https://pkgs.k8s.io/core:/stable:/v1.32/deb  Packages'
  - '   kubeadm | 1.32.4-1.1 | https://pkgs.k8s.io/core:/stable:/v1.32/deb  Packages'
2025-08-19 09:50:58,308 p=23981 u=ollama n=ansible | ok: [k8s09] => 
  available_versions.stdout_lines:
  - '   kubeadm | 1.32.8-1.1 | https://pkgs.k8s.io/core:/stable:/v1.32/deb  Packages'
  - '   kubeadm | 1.32.7-1.1 | https://pkgs.k8s.io/core:/stable:/v1.32/deb  Packages'
  - '   kubeadm | 1.32.6-1.1 | https://pkgs.k8s.io/core:/stable:/v1.32/deb  Packages'
  - '   kubeadm | 1.32.5-1.1 | https://pkgs.k8s.io/core:/stable:/v1.32/deb  Packages'
  - '   kubeadm | 1.32.4-1.1 | https://pkgs.k8s.io/core:/stable:/v1.32/deb  Packages'
2025-08-19 09:50:58,394 p=23981 u=ollama n=ansible | TASK [Check available 1.32 versions] *******************************************
2025-08-19 09:50:58,395 p=23981 u=ollama n=ansible | ok: [k8s07] => changed=false 
  cmd: apt-cache madison kubeadm | grep '1.32' | head -5
  delta: '0:00:00.028306'
  end: '2025-08-19 13:50:57.874427'
  msg: ''
  rc: 0
  start: '2025-08-19 13:50:57.846121'
  stderr: ''
  stderr_lines: <omitted>
  stdout: |2-
       kubeadm | 1.32.8-1.1 | https://pkgs.k8s.io/core:/stable:/v1.32/deb  Packages
       kubeadm | 1.32.7-1.1 | https://pkgs.k8s.io/core:/stable:/v1.32/deb  Packages
       kubeadm | 1.32.6-1.1 | https://pkgs.k8s.io/core:/stable:/v1.32/deb  Packages
       kubeadm | 1.32.5-1.1 | https://pkgs.k8s.io/core:/stable:/v1.32/deb  Packages
       kubeadm | 1.32.4-1.1 | https://pkgs.k8s.io/core:/stable:/v1.32/deb  Packages
  stdout_lines: <omitted>
2025-08-19 09:50:58,447 p=23981 u=ollama n=ansible | TASK [Display available 1.32 versions] *****************************************
2025-08-19 09:50:58,448 p=23981 u=ollama n=ansible | ok: [k8s07] => 
  available_versions.stdout_lines:
  - '   kubeadm | 1.32.8-1.1 | https://pkgs.k8s.io/core:/stable:/v1.32/deb  Packages'
  - '   kubeadm | 1.32.7-1.1 | https://pkgs.k8s.io/core:/stable:/v1.32/deb  Packages'
  - '   kubeadm | 1.32.6-1.1 | https://pkgs.k8s.io/core:/stable:/v1.32/deb  Packages'
  - '   kubeadm | 1.32.5-1.1 | https://pkgs.k8s.io/core:/stable:/v1.32/deb  Packages'
  - '   kubeadm | 1.32.4-1.1 | https://pkgs.k8s.io/core:/stable:/v1.32/deb  Packages'
2025-08-19 09:50:59,323 p=23981 u=ollama n=ansible | TASK [Update apt cache] ********************************************************
2025-08-19 09:50:59,323 p=23981 u=ollama n=ansible | ok: [k8s04] => changed=false 
  cache_update_time: 1755611455
  cache_updated: true
2025-08-19 09:50:59,559 p=23981 u=ollama n=ansible | TASK [Check available 1.32 versions] *******************************************
2025-08-19 09:50:59,559 p=23981 u=ollama n=ansible | ok: [k8s04] => changed=false 
  cmd: apt-cache madison kubeadm | grep '1.32' | head -5
  delta: '0:00:00.031889'
  end: '2025-08-19 13:50:59.046943'
  msg: ''
  rc: 0
  start: '2025-08-19 13:50:59.015054'
  stderr: ''
  stderr_lines: <omitted>
  stdout: |2-
       kubeadm | 1.32.8-1.1 | https://pkgs.k8s.io/core:/stable:/v1.32/deb  Packages
       kubeadm | 1.32.7-1.1 | https://pkgs.k8s.io/core:/stable:/v1.32/deb  Packages
       kubeadm | 1.32.6-1.1 | https://pkgs.k8s.io/core:/stable:/v1.32/deb  Packages
       kubeadm | 1.32.5-1.1 | https://pkgs.k8s.io/core:/stable:/v1.32/deb  Packages
       kubeadm | 1.32.4-1.1 | https://pkgs.k8s.io/core:/stable:/v1.32/deb  Packages
  stdout_lines: <omitted>
2025-08-19 09:50:59,584 p=23981 u=ollama n=ansible | TASK [Display available 1.32 versions] *****************************************
2025-08-19 09:50:59,585 p=23981 u=ollama n=ansible | ok: [k8s04] => 
  available_versions.stdout_lines:
  - '   kubeadm | 1.32.8-1.1 | https://pkgs.k8s.io/core:/stable:/v1.32/deb  Packages'
  - '   kubeadm | 1.32.7-1.1 | https://pkgs.k8s.io/core:/stable:/v1.32/deb  Packages'
  - '   kubeadm | 1.32.6-1.1 | https://pkgs.k8s.io/core:/stable:/v1.32/deb  Packages'
  - '   kubeadm | 1.32.5-1.1 | https://pkgs.k8s.io/core:/stable:/v1.32/deb  Packages'
  - '   kubeadm | 1.32.4-1.1 | https://pkgs.k8s.io/core:/stable:/v1.32/deb  Packages'
2025-08-19 09:51:02,242 p=23981 u=ollama n=ansible | TASK [Update apt cache] ********************************************************
2025-08-19 09:51:02,242 p=23981 u=ollama n=ansible | ok: [k8s06] => changed=false 
  cache_update_time: 1755611457
  cache_updated: true
2025-08-19 09:51:02,585 p=23981 u=ollama n=ansible | TASK [Check available 1.32 versions] *******************************************
2025-08-19 09:51:02,586 p=23981 u=ollama n=ansible | ok: [k8s06] => changed=false 
  cmd: apt-cache madison kubeadm | grep '1.32' | head -5
  delta: '0:00:00.051739'
  end: '2025-08-19 13:51:01.979723'
  msg: ''
  rc: 0
  start: '2025-08-19 13:51:01.927984'
  stderr: ''
  stderr_lines: <omitted>
  stdout: |2-
       kubeadm | 1.32.8-1.1 | https://pkgs.k8s.io/core:/stable:/v1.32/deb  Packages
       kubeadm | 1.32.7-1.1 | https://pkgs.k8s.io/core:/stable:/v1.32/deb  Packages
       kubeadm | 1.32.6-1.1 | https://pkgs.k8s.io/core:/stable:/v1.32/deb  Packages
       kubeadm | 1.32.5-1.1 | https://pkgs.k8s.io/core:/stable:/v1.32/deb  Packages
       kubeadm | 1.32.4-1.1 | https://pkgs.k8s.io/core:/stable:/v1.32/deb  Packages
  stdout_lines: <omitted>
2025-08-19 09:51:02,615 p=23981 u=ollama n=ansible | TASK [Display available 1.32 versions] *****************************************
2025-08-19 09:51:02,615 p=23981 u=ollama n=ansible | ok: [k8s06] => 
  available_versions.stdout_lines:
  - '   kubeadm | 1.32.8-1.1 | https://pkgs.k8s.io/core:/stable:/v1.32/deb  Packages'
  - '   kubeadm | 1.32.7-1.1 | https://pkgs.k8s.io/core:/stable:/v1.32/deb  Packages'
  - '   kubeadm | 1.32.6-1.1 | https://pkgs.k8s.io/core:/stable:/v1.32/deb  Packages'
  - '   kubeadm | 1.32.5-1.1 | https://pkgs.k8s.io/core:/stable:/v1.32/deb  Packages'
  - '   kubeadm | 1.32.4-1.1 | https://pkgs.k8s.io/core:/stable:/v1.32/deb  Packages'
2025-08-19 09:51:02,660 p=23981 u=ollama n=ansible | PLAY RECAP *********************************************************************
2025-08-19 09:51:02,660 p=23981 u=ollama n=ansible | k8s04                      : ok=4    changed=1    unreachable=0    failed=0    skipped=0    rescued=0    ignored=0   
2025-08-19 09:51:02,660 p=23981 u=ollama n=ansible | k8s05                      : ok=4    changed=1    unreachable=0    failed=0    skipped=0    rescued=0    ignored=0   
2025-08-19 09:51:02,660 p=23981 u=ollama n=ansible | k8s06                      : ok=4    changed=1    unreachable=0    failed=0    skipped=0    rescued=0    ignored=0   
2025-08-19 09:51:02,660 p=23981 u=ollama n=ansible | k8s07                      : ok=4    changed=1    unreachable=0    failed=0    skipped=0    rescued=0    ignored=0   
2025-08-19 09:51:02,660 p=23981 u=ollama n=ansible | k8s08                      : ok=4    changed=1    unreachable=0    failed=0    skipped=0    rescued=0    ignored=0   
2025-08-19 09:51:02,660 p=23981 u=ollama n=ansible | k8s09                      : ok=4    changed=1    unreachable=0    failed=0    skipped=0    rescued=0    ignored=0   
2025-08-19 09:51:36,242 p=25890 u=ollama n=ansible | Using /home/ollama/me/Zenitsu_mforrester-home-lab/kubernetes-upgrade/ansible.cfg as config file
2025-08-19 09:51:36,379 p=25890 u=ollama n=ansible | PLAY [Upgrade Kubernetes Worker Nodes] *****************************************
2025-08-19 09:51:36,692 p=25890 u=ollama n=ansible | TASK [Current node status] *****************************************************
2025-08-19 09:51:36,693 p=25890 u=ollama n=ansible | ok: [k8s04] => changed=false 
  cmd:
  - hostname
  delta: '0:00:00.002397'
  end: '2025-08-19 13:51:35.960639'
  msg: ''
  rc: 0
  start: '2025-08-19 13:51:35.958242'
  stderr: ''
  stderr_lines: <omitted>
  stdout: k8s04
  stdout_lines: <omitted>
2025-08-19 09:51:36,694 p=25890 u=ollama n=ansible | ok: [k8s05] => changed=false 
  cmd:
  - hostname
  delta: '0:00:00.002308'
  end: '2025-08-19 13:51:35.961951'
  msg: ''
  rc: 0
  start: '2025-08-19 13:51:35.959643'
  stderr: ''
  stderr_lines: <omitted>
  stdout: k8s05
  stdout_lines: <omitted>
2025-08-19 09:51:36,721 p=25890 u=ollama n=ansible | TASK [Display node being upgraded] *********************************************
2025-08-19 09:51:36,722 p=25890 u=ollama n=ansible | ok: [k8s04] => 
  msg: Upgrading k8s04
2025-08-19 09:51:36,740 p=25890 u=ollama n=ansible | ok: [k8s05] => 
  msg: Upgrading k8s05
2025-08-19 09:51:40,703 p=25890 u=ollama n=ansible | TASK [Drain the node] **********************************************************
2025-08-19 09:51:40,704 p=25890 u=ollama n=ansible | changed: [k8s05 -> k8s01(192.168.0.50)] => changed=true 
  cmd:
  - kubectl
  - drain
  - k8s05
  - --ignore-daemonsets
  - --delete-emptydir-data
  - --force
  delta: '0:00:03.402761'
  end: '2025-08-19 13:51:39.852984'
  msg: ''
  rc: 0
  start: '2025-08-19 13:51:36.450223'
  stderr: 'Warning: ignoring DaemonSet-managed Pods: kube-system/cilium-envoy-dqcrl, kube-system/cilium-k9pmc, kube-system/configure-insecure-registry-lpr5n, kube-system/kata-deploy-h6lww, kube-system/kube-multus-ds-9z5nv, kube-system/kube-proxy-lpdbk, kubevirt/virt-handler-b4twf, longhorn-system/engine-image-ei-51cc7b9c-nwdkn, longhorn-system/longhorn-csi-plugin-jncbw, longhorn-system/longhorn-manager-h46gt, metallb-system/speaker-spmgd'
  stderr_lines: <omitted>
  stdout: |-
    node/k8s05 cordoned
    evicting pod longhorn-system/instance-manager-2a89e27d4d40b3f5e6bdbfebc24aa8b6
    evicting pod cert-manager/cert-manager-webhook-854d5d744d-2df67
    evicting pod default/node-debugger-k8s05-bmdfn
    evicting pod default/node-debugger-k8s05-hgxvv
    evicting pod kube-system/fix-containerd-config-75557
    evicting pod longhorn-system/csi-attacher-86bc78dd8f-2cfqx
    evicting pod longhorn-system/csi-provisioner-6c54656cdf-8fz6k
    evicting pod longhorn-system/csi-resizer-fcb976d97-998hm
    evicting pod longhorn-system/csi-snapshotter-6c686d96f4-vdqj9
    pod/node-debugger-k8s05-hgxvv evicted
    pod/fix-containerd-config-75557 evicted
    pod/node-debugger-k8s05-bmdfn evicted
    pod/csi-snapshotter-6c686d96f4-vdqj9 evicted
    pod/cert-manager-webhook-854d5d744d-2df67 evicted
    pod/csi-attacher-86bc78dd8f-2cfqx evicted
    pod/csi-provisioner-6c54656cdf-8fz6k evicted
    pod/csi-resizer-fcb976d97-998hm evicted
    pod/instance-manager-2a89e27d4d40b3f5e6bdbfebc24aa8b6 evicted
    node/k8s05 drained
  stdout_lines: <omitted>
2025-08-19 09:51:51,188 p=25890 u=ollama n=ansible | changed: [k8s04 -> k8s01(192.168.0.50)] => changed=true 
  cmd:
  - kubectl
  - drain
  - k8s04
  - --ignore-daemonsets
  - --delete-emptydir-data
  - --force
  delta: '0:00:13.451465'
  end: '2025-08-19 13:51:49.883648'
  msg: ''
  rc: 0
  start: '2025-08-19 13:51:36.432183'
  stderr: 'Warning: ignoring DaemonSet-managed Pods: kube-system/cilium-2ppj8, kube-system/cilium-envoy-5jxcd, kube-system/configure-insecure-registry-6wjk9, kube-system/kata-deploy-9fj5g, kube-system/kube-multus-ds-gskbp, kube-system/kube-proxy-pblhw, kubevirt/virt-handler-hprms, longhorn-system/engine-image-ei-51cc7b9c-mncng, longhorn-system/longhorn-csi-plugin-9gmxw, longhorn-system/longhorn-manager-8tkx4, metallb-system/speaker-z7kgs'
  stderr_lines: <omitted>
  stdout: |-
    node/k8s04 cordoned
    evicting pod longhorn-system/instance-manager-21071198d40f98b538580ddca94266df
    evicting pod longhorn-system/csi-provisioner-6c54656cdf-kvbmt
    evicting pod ingress-nginx/ingress-nginx-controller-b6bdff679-spmww
    evicting pod kube-system/fix-containerd-config-g7x6k
    evicting pod ingress-nginx/ingress-nginx-controller-f5d95655-l6vrd
    evicting pod default/node-debugger-k8s04-272ks
    evicting pod longhorn-system/csi-resizer-fcb976d97-bszx7
    evicting pod longhorn-system/csi-attacher-86bc78dd8f-mn69x
    evicting pod longhorn-system/csi-snapshotter-6c686d96f4-z84tz
    evicting pod default/node-debugger-k8s04-wn5q5
    pod/node-debugger-k8s04-wn5q5 evicted
    pod/node-debugger-k8s04-272ks evicted
    pod/fix-containerd-config-g7x6k evicted
    pod/csi-provisioner-6c54656cdf-kvbmt evicted
    pod/ingress-nginx-controller-f5d95655-l6vrd evicted
    pod/csi-attacher-86bc78dd8f-mn69x evicted
    pod/csi-resizer-fcb976d97-bszx7 evicted
    pod/csi-snapshotter-6c686d96f4-z84tz evicted
    pod/instance-manager-21071198d40f98b538580ddca94266df evicted
    pod/ingress-nginx-controller-b6bdff679-spmww evicted
    node/k8s04 drained
  stdout_lines: <omitted>
2025-08-19 09:52:24,223 p=25890 u=ollama n=ansible | TASK [Upgrade kubeadm] *********************************************************
2025-08-19 09:52:24,225 p=25890 u=ollama n=ansible | changed: [k8s05] => changed=true 
  cache_update_time: 1755611456
  cache_updated: false
  stderr: |-
    debconf: delaying package configuration, since apt-utils is not installed
  
    The processor microcode seems to be up-to-date.
  
    Restarting services...
  
    Service restarts being deferred:
     /etc/needrestart/restart.d/dbus.service
     systemctl restart getty@tty1.service
     systemctl restart systemd-logind.service
     systemctl restart unattended-upgrades.service
     systemctl restart wpa_supplicant.service
  
    No containers need to be restarted.
  
    No user sessions are running outdated binaries.
  
    No VM guests are running outdated hypervisor (qemu) binaries on this host.
  stderr_lines: <omitted>
  stdout: |-
    Reading package lists...
    Building dependency tree...
    Reading state information...
    The following held packages will be changed:
      kubeadm
    The following packages will be upgraded:
      kubeadm
    1 upgraded, 0 newly installed, 0 to remove and 69 not upgraded.
    Need to get 12.2 MB of archives.
    After this operation, 12.2 MB of additional disk space will be used.
    Get:1 https://prod-cdn.packages.k8s.io/repositories/isv:/kubernetes:/core:/stable:/v1.32/deb  kubeadm 1.32.8-1.1 [12.2 MB]
    Fetched 12.2 MB in 20s (599 kB/s)
    (Reading database ... (Reading database ... 5%(Reading database ... 10%(Reading database ... 15%(Reading database ... 20%(Reading database ... 25%(Reading database ... 30%(Reading database ... 35%(Reading database ... 40%(Reading database ... 45%(Reading database ... 50%(Reading database ... 55%(Reading database ... 60%(Reading database ... 65%(Reading database ... 70%(Reading database ... 75%(Reading database ... 80%(Reading database ... 85%(Reading database ... 90%(Reading database ... 95%(Reading database ... 100%(Reading database ... 113591 files and directories currently installed.)
    Preparing to unpack .../kubeadm_1.32.8-1.1_amd64.deb ...
    Unpacking kubeadm (1.32.8-1.1) over (1.31.10-1.1) ...
    Setting up kubeadm (1.32.8-1.1) ...
  stdout_lines: <omitted>
2025-08-19 09:52:24,540 p=25890 u=ollama n=ansible | TASK [Upgrade node configuration] **********************************************
2025-08-19 09:52:24,541 p=25890 u=ollama n=ansible | changed: [k8s05] => changed=true 
  cmd:
  - kubeadm
  - upgrade
  - node
  delta: '0:00:00.056200'
  end: '2025-08-19 13:52:24.106765'
  msg: ''
  rc: 0
  start: '2025-08-19 13:52:24.050565'
  stderr: W0819 13:52:24.094729 1468715 postupgrade.go:117] Using temporary directory /etc/kubernetes/tmp/kubeadm-kubelet-config3718121966 for kubelet config. To override it set the environment variable KUBEADM_UPGRADE_DRYRUN_DIR
  stderr_lines: <omitted>
  stdout: |-
    [upgrade] Reading configuration from the "kubeadm-config" ConfigMap in namespace "kube-system"...
    [upgrade] Use 'kubeadm init phase upload-config --config your-config.yaml' to re-upload it.
    [upgrade/preflight] Running pre-flight checks
    [upgrade/preflight] Skipping prepull. Not a control plane node.
    [upgrade/control-plane] Skipping phase. Not a control plane node.
    [upgrade/kubeconfig] Skipping phase. Not a control plane node.
    [upgrade] Backing up kubelet config file to /etc/kubernetes/tmp/kubeadm-kubelet-config3718121966/config.yaml
    [kubelet-start] Writing kubelet configuration to file "/var/lib/kubelet/config.yaml"
    [upgrade/kubelet-config] The kubelet configuration for this node was successfully upgraded!
    [upgrade/addon] Skipping the addon/coredns phase. Not a control plane node.
    [upgrade/addon] Skipping the addon/kube-proxy phase. Not a control plane node.
  stdout_lines: <omitted>
2025-08-19 09:52:35,389 p=25890 u=ollama n=ansible | TASK [Upgrade kubeadm] *********************************************************
2025-08-19 09:52:35,390 p=25890 u=ollama n=ansible | changed: [k8s04] => changed=true 
  cache_update_time: 1755611455
  cache_updated: false
  stderr: |-
    debconf: delaying package configuration, since apt-utils is not installed
  
    The processor microcode seems to be up-to-date.
  
    Restarting services...
  
    Service restarts being deferred:
     /etc/needrestart/restart.d/dbus.service
     systemctl restart getty@tty1.service
     systemctl restart systemd-logind.service
     systemctl restart unattended-upgrades.service
     systemctl restart wpa_supplicant.service
  
    No containers need to be restarted.
  
    No user sessions are running outdated binaries.
  
    No VM guests are running outdated hypervisor (qemu) binaries on this host.
  stderr_lines: <omitted>
  stdout: |-
    Reading package lists...
    Building dependency tree...
    Reading state information...
    The following held packages will be changed:
      kubeadm
    The following packages will be upgraded:
      kubeadm
    1 upgraded, 0 newly installed, 0 to remove and 64 not upgraded.
    Need to get 12.2 MB of archives.
    After this operation, 12.2 MB of additional disk space will be used.
    Get:1 https://prod-cdn.packages.k8s.io/repositories/isv:/kubernetes:/core:/stable:/v1.32/deb  kubeadm 1.32.8-1.1 [12.2 MB]
    Fetched 12.2 MB in 20s (599 kB/s)
    (Reading database ... (Reading database ... 5%(Reading database ... 10%(Reading database ... 15%(Reading database ... 20%(Reading database ... 25%(Reading database ... 30%(Reading database ... 35%(Reading database ... 40%(Reading database ... 45%(Reading database ... 50%(Reading database ... 55%(Reading database ... 60%(Reading database ... 65%(Reading database ... 70%(Reading database ... 75%(Reading database ... 80%(Reading database ... 85%(Reading database ... 90%(Reading database ... 95%(Reading database ... 100%(Reading database ... 115821 files and directories currently installed.)
    Preparing to unpack .../kubeadm_1.32.8-1.1_amd64.deb ...
    Unpacking kubeadm (1.32.8-1.1) over (1.31.10-1.1) ...
    Setting up kubeadm (1.32.8-1.1) ...
  stdout_lines: <omitted>
2025-08-19 09:52:35,654 p=25890 u=ollama n=ansible | TASK [Upgrade node configuration] **********************************************
2025-08-19 09:52:35,655 p=25890 u=ollama n=ansible | changed: [k8s04] => changed=true 
  cmd:
  - kubeadm
  - upgrade
  - node
  delta: '0:00:00.065015'
  end: '2025-08-19 13:52:34.884636'
  msg: ''
  rc: 0
  start: '2025-08-19 13:52:34.819621'
  stderr: W0819 13:52:34.871434 3800824 postupgrade.go:117] Using temporary directory /etc/kubernetes/tmp/kubeadm-kubelet-config538087996 for kubelet config. To override it set the environment variable KUBEADM_UPGRADE_DRYRUN_DIR
  stderr_lines: <omitted>
  stdout: |-
    [upgrade] Reading configuration from the "kubeadm-config" ConfigMap in namespace "kube-system"...
    [upgrade] Use 'kubeadm init phase upload-config --config your-config.yaml' to re-upload it.
    [upgrade/preflight] Running pre-flight checks
    [upgrade/preflight] Skipping prepull. Not a control plane node.
    [upgrade/control-plane] Skipping phase. Not a control plane node.
    [upgrade/kubeconfig] Skipping phase. Not a control plane node.
    [upgrade] Backing up kubelet config file to /etc/kubernetes/tmp/kubeadm-kubelet-config538087996/config.yaml
    [kubelet-start] Writing kubelet configuration to file "/var/lib/kubelet/config.yaml"
    [upgrade/kubelet-config] The kubelet configuration for this node was successfully upgraded!
    [upgrade/addon] Skipping the addon/coredns phase. Not a control plane node.
    [upgrade/addon] Skipping the addon/kube-proxy phase. Not a control plane node.
  stdout_lines: <omitted>
2025-08-19 09:52:49,088 p=25890 u=ollama n=ansible | TASK [Upgrade kubelet and kubectl] *********************************************
2025-08-19 09:52:49,089 p=25890 u=ollama n=ansible | changed: [k8s05] => changed=true 
  cache_update_time: 1755611456
  cache_updated: false
  stderr: |-
    debconf: delaying package configuration, since apt-utils is not installed
  
    The processor microcode seems to be up-to-date.
  
    Restarting services...
     systemctl restart kubelet.service
  
    Service restarts being deferred:
     /etc/needrestart/restart.d/dbus.service
     systemctl restart getty@tty1.service
     systemctl restart systemd-logind.service
     systemctl restart unattended-upgrades.service
     systemctl restart wpa_supplicant.service
  
    No containers need to be restarted.
  
    No user sessions are running outdated binaries.
  
    No VM guests are running outdated hypervisor (qemu) binaries on this host.
  stderr_lines: <omitted>
  stdout: |-
    Reading package lists...
    Building dependency tree...
    Reading state information...
    The following held packages will be changed:
      kubectl kubelet
    The following packages will be upgraded:
      kubectl kubelet
    2 upgraded, 0 newly installed, 0 to remove and 67 not upgraded.
    Need to get 26.4 MB of archives.
    After this operation, 541 kB of additional disk space will be used.
    Get:1 https://prod-cdn.packages.k8s.io/repositories/isv:/kubernetes:/core:/stable:/v1.32/deb  kubectl 1.32.8-1.1 [11.3 MB]
    Get:2 https://prod-cdn.packages.k8s.io/repositories/isv:/kubernetes:/core:/stable:/v1.32/deb  kubelet 1.32.8-1.1 [15.2 MB]
    Fetched 26.4 MB in 20s (1289 kB/s)
    (Reading database ... (Reading database ... 5%(Reading database ... 10%(Reading database ... 15%(Reading database ... 20%(Reading database ... 25%(Reading database ... 30%(Reading database ... 35%(Reading database ... 40%(Reading database ... 45%(Reading database ... 50%(Reading database ... 55%(Reading database ... 60%(Reading database ... 65%(Reading database ... 70%(Reading database ... 75%(Reading database ... 80%(Reading database ... 85%(Reading database ... 90%(Reading database ... 95%(Reading database ... 100%(Reading database ... 113591 files and directories currently installed.)
    Preparing to unpack .../kubectl_1.32.8-1.1_amd64.deb ...
    Unpacking kubectl (1.32.8-1.1) over (1.31.10-1.1) ...
    Preparing to unpack .../kubelet_1.32.8-1.1_amd64.deb ...
    Unpacking kubelet (1.32.8-1.1) over (1.31.10-1.1) ...
    Setting up kubectl (1.32.8-1.1) ...
    Setting up kubelet (1.32.8-1.1) ...
  stdout_lines: <omitted>
2025-08-19 09:52:49,924 p=25890 u=ollama n=ansible | TASK [Restart kubelet] *********************************************************
2025-08-19 09:52:49,927 p=25890 u=ollama n=ansible | changed: [k8s05] => changed=true 
  name: kubelet
  state: started
  status:
    ActiveEnterTimestamp: Tue 2025-08-19 13:52:48 UTC
    ActiveEnterTimestampMonotonic: '3858289431448'
    ActiveExitTimestamp: Tue 2025-08-19 13:52:48 UTC
    ActiveExitTimestampMonotonic: '3858289375108'
    ActiveState: active
    After: system.slice systemd-journald.socket network-online.target sysinit.target basic.target
    AllowIsolate: 'no'
    AssertResult: 'yes'
    AssertTimestamp: Tue 2025-08-19 13:52:48 UTC
    AssertTimestampMonotonic: '3858289425848'
    Before: shutdown.target multi-user.target
    BlockIOAccounting: 'no'
    BlockIOWeight: '[not set]'
    CPUAccounting: 'yes'
    CPUAffinityFromNUMA: 'no'
    CPUQuotaPerSecUSec: infinity
    CPUQuotaPeriodUSec: infinity
    CPUSchedulingPolicy: '0'
    CPUSchedulingPriority: '0'
    CPUSchedulingResetOnFork: 'no'
    CPUShares: '[not set]'
    CPUUsageNSec: '293068000'
    CPUWeight: '[not set]'
    CacheDirectoryMode: '0755'
    CanFreeze: 'yes'
    CanIsolate: 'no'
    CanReload: 'no'
    CanStart: 'yes'
    CanStop: 'yes'
    CapabilityBoundingSet: cap_chown cap_dac_override cap_dac_read_search cap_fowner cap_fsetid cap_kill cap_setgid cap_setuid cap_setpcap cap_linux_immutable cap_net_bind_service cap_net_broadcast cap_net_admin cap_net_raw cap_ipc_lock cap_ipc_owner cap_sys_module cap_sys_rawio cap_sys_chroot cap_sys_ptrace cap_sys_pacct cap_sys_admin cap_sys_boot cap_sys_nice cap_sys_resource cap_sys_time cap_sys_tty_config cap_mknod cap_lease cap_audit_write cap_audit_control cap_setfcap cap_mac_override cap_mac_admin cap_syslog cap_wake_alarm cap_block_suspend cap_audit_read cap_perfmon cap_bpf cap_checkpoint_restore
    CleanResult: success
    CollectMode: inactive
    ConditionResult: 'yes'
    ConditionTimestamp: Tue 2025-08-19 13:52:48 UTC
    ConditionTimestampMonotonic: '3858289425846'
    ConfigurationDirectoryMode: '0755'
    Conflicts: shutdown.target
    ControlGroup: /system.slice/kubelet.service
    ControlGroupId: '478161'
    ControlPID: '0'
    CoredumpFilter: '0x33'
    CoredumpReceive: 'no'
    DefaultDependencies: 'yes'
    DefaultMemoryLow: '0'
    DefaultMemoryMin: '0'
    DefaultStartupMemoryLow: '0'
    Delegate: 'no'
    Description: 'kubelet: The Kubernetes Node Agent'
    DevicePolicy: auto
    Documentation: https://kubernetes.io/docs/
    DropInPaths: /usr/lib/systemd/system/kubelet.service.d/10-kubeadm.conf
    DynamicUser: 'no'
    EffectiveCPUs: 0-3
    EffectiveMemoryNodes: '0'
    Environment: '"KUBELET_KUBECONFIG_ARGS=--bootstrap-kubeconfig=/etc/kubernetes/bootstrap-kubelet.conf --kubeconfig=/etc/kubernetes/kubelet.conf" KUBELET_CONFIG_ARGS=--config=/var/lib/kubelet/config.yaml'
    EnvironmentFiles: /etc/default/kubelet (ignore_errors=yes)
    ExecMainCode: '0'
    ExecMainExitTimestampMonotonic: '0'
    ExecMainPID: '1469261'
    ExecMainStartTimestamp: Tue 2025-08-19 13:52:48 UTC
    ExecMainStartTimestampMonotonic: '3858289431151'
    ExecMainStatus: '0'
    ExecStart: '{ path=/usr/bin/kubelet ; argv[]=/usr/bin/kubelet $KUBELET_KUBECONFIG_ARGS $KUBELET_CONFIG_ARGS $KUBELET_KUBEADM_ARGS $KUBELET_EXTRA_ARGS ; ignore_errors=no ; start_time=[n/a] ; stop_time=[n/a] ; pid=0 ; code=(null) ; status=0/0 }'
    ExecStartEx: '{ path=/usr/bin/kubelet ; argv[]=/usr/bin/kubelet $KUBELET_KUBECONFIG_ARGS $KUBELET_CONFIG_ARGS $KUBELET_KUBEADM_ARGS $KUBELET_EXTRA_ARGS ; flags= ; start_time=[n/a] ; stop_time=[n/a] ; pid=0 ; code=(null) ; status=0/0 }'
    ExitType: main
    ExtensionImagePolicy: root=verity+signed+encrypted+unprotected+absent:usr=verity+signed+encrypted+unprotected+absent:home=encrypted+unprotected+absent:srv=encrypted+unprotected+absent:tmp=encrypted+unprotected+absent:var=encrypted+unprotected+absent
    FailureAction: none
    FileDescriptorStoreMax: '0'
    FileDescriptorStorePreserve: restart
    FinalKillSignal: '9'
    FragmentPath: /usr/lib/systemd/system/kubelet.service
    FreezerState: running
    GID: '[not set]'
    GuessMainPID: 'yes'
    IOAccounting: 'no'
    IOReadBytes: '[not set]'
    IOReadOperations: '[not set]'
    IOSchedulingClass: '2'
    IOSchedulingPriority: '4'
    IOWeight: '[not set]'
    IOWriteBytes: '[not set]'
    IOWriteOperations: '[not set]'
    IPAccounting: 'no'
    IPEgressBytes: '[no data]'
    IPEgressPackets: '[no data]'
    IPIngressBytes: '[no data]'
    IPIngressPackets: '[no data]'
    Id: kubelet.service
    IgnoreOnIsolate: 'no'
    IgnoreSIGPIPE: 'yes'
    InactiveEnterTimestamp: Tue 2025-08-19 13:52:48 UTC
    InactiveEnterTimestampMonotonic: '3858289425354'
    InactiveExitTimestamp: Tue 2025-08-19 13:52:48 UTC
    InactiveExitTimestampMonotonic: '3858289431448'
    InvocationID: 415b490af2754fff9c43211c8c4380d6
    JobRunningTimeoutUSec: infinity
    JobTimeoutAction: none
    JobTimeoutUSec: infinity
    KeyringMode: private
    KillMode: control-group
    KillSignal: '15'
    LimitAS: infinity
    LimitASSoft: infinity
    LimitCORE: infinity
    LimitCORESoft: '0'
    LimitCPU: infinity
    LimitCPUSoft: infinity
    LimitDATA: infinity
    LimitDATASoft: infinity
    LimitFSIZE: infinity
    LimitFSIZESoft: infinity
    LimitLOCKS: infinity
    LimitLOCKSSoft: infinity
    LimitMEMLOCK: '8388608'
    LimitMEMLOCKSoft: '8388608'
    LimitMSGQUEUE: '819200'
    LimitMSGQUEUESoft: '819200'
    LimitNICE: '0'
    LimitNICESoft: '0'
    LimitNOFILE: '524288'
    LimitNOFILESoft: '1024'
    LimitNPROC: '62392'
    LimitNPROCSoft: '62392'
    LimitRSS: infinity
    LimitRSSSoft: infinity
    LimitRTPRIO: '0'
    LimitRTPRIOSoft: '0'
    LimitRTTIME: infinity
    LimitRTTIMESoft: infinity
    LimitSIGPENDING: '62392'
    LimitSIGPENDINGSoft: '62392'
    LimitSTACK: infinity
    LimitSTACKSoft: '8388608'
    LoadState: loaded
    LockPersonality: 'no'
    LogLevelMax: '-1'
    LogRateLimitBurst: '0'
    LogRateLimitIntervalUSec: '0'
    LogsDirectoryMode: '0755'
    MainPID: '1469261'
    ManagedOOMMemoryPressure: auto
    ManagedOOMMemoryPressureLimit: '0'
    ManagedOOMPreference: none
    ManagedOOMSwap: auto
    MemoryAccounting: 'yes'
    MemoryAvailable: '14846480384'
    MemoryCurrent: '24297472'
    MemoryDenyWriteExecute: 'no'
    MemoryHigh: infinity
    MemoryKSM: 'no'
    MemoryLimit: infinity
    MemoryLow: '0'
    MemoryMax: infinity
    MemoryMin: '0'
    MemoryPeak: '24727552'
    MemoryPressureThresholdUSec: 200ms
    MemoryPressureWatch: auto
    MemorySwapCurrent: '0'
    MemorySwapMax: infinity
    MemorySwapPeak: '0'
    MemoryZSwapCurrent: '0'
    MemoryZSwapMax: infinity
    MountAPIVFS: 'no'
    MountImagePolicy: root=verity+signed+encrypted+unprotected+absent:usr=verity+signed+encrypted+unprotected+absent:home=encrypted+unprotected+absent:srv=encrypted+unprotected+absent:tmp=encrypted+unprotected+absent:var=encrypted+unprotected+absent
    NFileDescriptorStore: '0'
    NRestarts: '0'
    NUMAPolicy: n/a
    Names: kubelet.service
    NeedDaemonReload: 'no'
    Nice: '0'
    NoNewPrivileges: 'no'
    NonBlocking: 'no'
    NotifyAccess: none
    OOMPolicy: stop
    OOMScoreAdjust: '0'
    OnFailureJobMode: replace
    OnSuccessJobMode: fail
    Perpetual: 'no'
    PrivateDevices: 'no'
    PrivateIPC: 'no'
    PrivateMounts: 'no'
    PrivateNetwork: 'no'
    PrivateTmp: 'no'
    PrivateUsers: 'no'
    ProcSubset: all
    ProtectClock: 'no'
    ProtectControlGroups: 'no'
    ProtectHome: 'no'
    ProtectHostname: 'no'
    ProtectKernelLogs: 'no'
    ProtectKernelModules: 'no'
    ProtectKernelTunables: 'no'
    ProtectProc: default
    ProtectSystem: 'no'
    RefuseManualStart: 'no'
    RefuseManualStop: 'no'
    ReloadResult: success
    ReloadSignal: '1'
    RemainAfterExit: 'no'
    RemoveIPC: 'no'
    Requires: sysinit.target system.slice
    Restart: always
    RestartKillSignal: '15'
    RestartMaxDelayUSec: infinity
    RestartMode: normal
    RestartSteps: '0'
    RestartUSec: 10s
    RestartUSecNext: 10s
    RestrictNamespaces: 'no'
    RestrictRealtime: 'no'
    RestrictSUIDSGID: 'no'
    Result: success
    RootDirectoryStartOnly: 'no'
    RootEphemeral: 'no'
    RootImagePolicy: root=verity+signed+encrypted+unprotected+absent:usr=verity+signed+encrypted+unprotected+absent:home=encrypted+unprotected+absent:srv=encrypted+unprotected+absent:tmp=encrypted+unprotected+absent:var=encrypted+unprotected+absent
    RuntimeDirectoryMode: '0755'
    RuntimeDirectoryPreserve: 'no'
    RuntimeMaxUSec: infinity
    RuntimeRandomizedExtraUSec: '0'
    SameProcessGroup: 'no'
    SecureBits: '0'
    SendSIGHUP: 'no'
    SendSIGKILL: 'yes'
    SetLoginEnvironment: 'no'
    Slice: system.slice
    StandardError: inherit
    StandardInput: 'null'
    StandardOutput: journal
    StartLimitAction: none
    StartLimitBurst: '5'
    StartLimitIntervalUSec: '0'
    StartupBlockIOWeight: '[not set]'
    StartupCPUShares: '[not set]'
    StartupCPUWeight: '[not set]'
    StartupIOWeight: '[not set]'
    StartupMemoryHigh: infinity
    StartupMemoryLow: '0'
    StartupMemoryMax: infinity
    StartupMemorySwapMax: infinity
    StartupMemoryZSwapMax: infinity
    StateChangeTimestamp: Tue 2025-08-19 13:52:48 UTC
    StateChangeTimestampMonotonic: '3858289431448'
    StateDirectoryMode: '0755'
    StatusErrno: '0'
    StopWhenUnneeded: 'no'
    SubState: running
    SuccessAction: none
    SurviveFinalKillSignal: 'no'
    SyslogFacility: '3'
    SyslogLevel: '6'
    SyslogLevelPrefix: 'yes'
    SyslogPriority: '30'
    SystemCallErrorNumber: '2147483646'
    TTYReset: 'no'
    TTYVHangup: 'no'
    TTYVTDisallocate: 'no'
    TasksAccounting: 'yes'
    TasksCurrent: '11'
    TasksMax: '18717'
    TimeoutAbortUSec: 1min 30s
    TimeoutCleanUSec: infinity
    TimeoutStartFailureMode: terminate
    TimeoutStartUSec: 1min 30s
    TimeoutStopFailureMode: terminate
    TimeoutStopUSec: 1min 30s
    TimerSlackNSec: '50000'
    Transient: 'no'
    Type: simple
    UID: '[not set]'
    UMask: '0022'
    UnitFilePreset: enabled
    UnitFileState: enabled
    UtmpMode: init
    WantedBy: multi-user.target
    Wants: network-online.target
    WatchdogSignal: '6'
    WatchdogTimestampMonotonic: '0'
    WatchdogUSec: '0'
2025-08-19 09:52:55,350 p=25890 u=ollama n=ansible | TASK [Wait for kubelet to start] ***********************************************
2025-08-19 09:52:55,350 p=25890 u=ollama n=ansible | ok: [k8s05] => changed=false 
  elapsed: 5
  match_groupdict: {}
  match_groups: []
  path: null
  port: 10250
  search_regex: null
  state: started
2025-08-19 09:52:55,802 p=25890 u=ollama n=ansible | TASK [Uncordon the node] *******************************************************
2025-08-19 09:52:55,802 p=25890 u=ollama n=ansible | changed: [k8s05 -> k8s01(192.168.0.50)] => changed=true 
  cmd:
  - kubectl
  - uncordon
  - k8s05
  delta: '0:00:00.126437'
  end: '2025-08-19 13:52:55.301374'
  msg: ''
  rc: 0
  start: '2025-08-19 13:52:55.174937'
  stderr: ''
  stderr_lines: <omitted>
  stdout: node/k8s05 uncordoned
  stdout_lines: <omitted>
2025-08-19 09:52:56,212 p=25890 u=ollama n=ansible | TASK [Verify node is ready] ****************************************************
2025-08-19 09:52:56,212 p=25890 u=ollama n=ansible | changed: [k8s05 -> k8s01(192.168.0.50)] => changed=true 
  attempts: 1
  cmd:
  - kubectl
  - get
  - node
  - k8s05
  delta: '0:00:00.108496'
  end: '2025-08-19 13:52:55.704849'
  msg: ''
  rc: 0
  start: '2025-08-19 13:52:55.596353'
  stderr: ''
  stderr_lines: <omitted>
  stdout: |-
    NAME    STATUS   ROLES    AGE   VERSION
    k8s05   Ready    worker   43d   v1.32.8
  stdout_lines: <omitted>
2025-08-19 09:52:56,236 p=25890 u=ollama n=ansible | TASK [Display upgrade status] **************************************************
2025-08-19 09:52:56,236 p=25890 u=ollama n=ansible | ok: [k8s05] => 
  msg: k8s05 successfully upgraded to v1.32.8
2025-08-19 09:53:00,340 p=25890 u=ollama n=ansible | TASK [Upgrade kubelet and kubectl] *********************************************
2025-08-19 09:53:00,341 p=25890 u=ollama n=ansible | changed: [k8s04] => changed=true 
  cache_update_time: 1755611455
  cache_updated: false
  stderr: |-
    debconf: delaying package configuration, since apt-utils is not installed
  
    The processor microcode seems to be up-to-date.
  
    Restarting services...
     systemctl restart kubelet.service
  
    Service restarts being deferred:
     /etc/needrestart/restart.d/dbus.service
     systemctl restart getty@tty1.service
     systemctl restart systemd-logind.service
     systemctl restart unattended-upgrades.service
     systemctl restart wpa_supplicant.service
  
    No containers need to be restarted.
  
    No user sessions are running outdated binaries.
  
    No VM guests are running outdated hypervisor (qemu) binaries on this host.
  stderr_lines: <omitted>
  stdout: |-
    Reading package lists...
    Building dependency tree...
    Reading state information...
    The following held packages will be changed:
      kubectl kubelet
    The following packages will be upgraded:
      kubectl kubelet
    2 upgraded, 0 newly installed, 0 to remove and 62 not upgraded.
    Need to get 26.4 MB of archives.
    After this operation, 541 kB of additional disk space will be used.
    Get:1 https://prod-cdn.packages.k8s.io/repositories/isv:/kubernetes:/core:/stable:/v1.32/deb  kubectl 1.32.8-1.1 [11.3 MB]
    Get:2 https://prod-cdn.packages.k8s.io/repositories/isv:/kubernetes:/core:/stable:/v1.32/deb  kubelet 1.32.8-1.1 [15.2 MB]
    Fetched 26.4 MB in 21s (1281 kB/s)
    (Reading database ... (Reading database ... 5%(Reading database ... 10%(Reading database ... 15%(Reading database ... 20%(Reading database ... 25%(Reading database ... 30%(Reading database ... 35%(Reading database ... 40%(Reading database ... 45%(Reading database ... 50%(Reading database ... 55%(Reading database ... 60%(Reading database ... 65%(Reading database ... 70%(Reading database ... 75%(Reading database ... 80%(Reading database ... 85%(Reading database ... 90%(Reading database ... 95%(Reading database ... 100%(Reading database ... 115821 files and directories currently installed.)
    Preparing to unpack .../kubectl_1.32.8-1.1_amd64.deb ...
    Unpacking kubectl (1.32.8-1.1) over (1.31.10-1.1) ...
    Preparing to unpack .../kubelet_1.32.8-1.1_amd64.deb ...
    Unpacking kubelet (1.32.8-1.1) over (1.31.10-1.1) ...
    Setting up kubectl (1.32.8-1.1) ...
    Setting up kubelet (1.32.8-1.1) ...
  stdout_lines: <omitted>
2025-08-19 09:53:01,006 p=25890 u=ollama n=ansible | TASK [Restart kubelet] *********************************************************
2025-08-19 09:53:01,009 p=25890 u=ollama n=ansible | changed: [k8s04] => changed=true 
  name: kubelet
  state: started
  status:
    ActiveEnterTimestamp: Tue 2025-08-19 13:52:59 UTC
    ActiveEnterTimestampMonotonic: '3860942348773'
    ActiveExitTimestamp: Tue 2025-08-19 13:52:59 UTC
    ActiveExitTimestampMonotonic: '3860942295600'
    ActiveState: active
    After: basic.target systemd-journald.socket network-online.target sysinit.target system.slice
    AllowIsolate: 'no'
    AssertResult: 'yes'
    AssertTimestamp: Tue 2025-08-19 13:52:59 UTC
    AssertTimestampMonotonic: '3860942334197'
    Before: multi-user.target shutdown.target
    BlockIOAccounting: 'no'
    BlockIOWeight: '[not set]'
    CPUAccounting: 'yes'
    CPUAffinityFromNUMA: 'no'
    CPUQuotaPerSecUSec: infinity
    CPUQuotaPeriodUSec: infinity
    CPUSchedulingPolicy: '0'
    CPUSchedulingPriority: '0'
    CPUSchedulingResetOnFork: 'no'
    CPUShares: '[not set]'
    CPUUsageNSec: '337990000'
    CPUWeight: '[not set]'
    CacheDirectoryMode: '0755'
    CanFreeze: 'yes'
    CanIsolate: 'no'
    CanReload: 'no'
    CanStart: 'yes'
    CanStop: 'yes'
    CapabilityBoundingSet: cap_chown cap_dac_override cap_dac_read_search cap_fowner cap_fsetid cap_kill cap_setgid cap_setuid cap_setpcap cap_linux_immutable cap_net_bind_service cap_net_broadcast cap_net_admin cap_net_raw cap_ipc_lock cap_ipc_owner cap_sys_module cap_sys_rawio cap_sys_chroot cap_sys_ptrace cap_sys_pacct cap_sys_admin cap_sys_boot cap_sys_nice cap_sys_resource cap_sys_time cap_sys_tty_config cap_mknod cap_lease cap_audit_write cap_audit_control cap_setfcap cap_mac_override cap_mac_admin cap_syslog cap_wake_alarm cap_block_suspend cap_audit_read cap_perfmon cap_bpf cap_checkpoint_restore
    CleanResult: success
    CollectMode: inactive
    ConditionResult: 'yes'
    ConditionTimestamp: Tue 2025-08-19 13:52:59 UTC
    ConditionTimestampMonotonic: '3860942334192'
    ConfigurationDirectoryMode: '0755'
    Conflicts: shutdown.target
    ControlGroup: /system.slice/kubelet.service
    ControlGroupId: '1595809'
    ControlPID: '0'
    CoredumpFilter: '0x33'
    CoredumpReceive: 'no'
    DefaultDependencies: 'yes'
    DefaultMemoryLow: '0'
    DefaultMemoryMin: '0'
    DefaultStartupMemoryLow: '0'
    Delegate: 'no'
    Description: 'kubelet: The Kubernetes Node Agent'
    DevicePolicy: auto
    Documentation: https://kubernetes.io/docs/
    DropInPaths: /usr/lib/systemd/system/kubelet.service.d/10-kubeadm.conf
    DynamicUser: 'no'
    EffectiveCPUs: 0-3
    EffectiveMemoryNodes: '0'
    Environment: '"KUBELET_KUBECONFIG_ARGS=--bootstrap-kubeconfig=/etc/kubernetes/bootstrap-kubelet.conf --kubeconfig=/etc/kubernetes/kubelet.conf" KUBELET_CONFIG_ARGS=--config=/var/lib/kubelet/config.yaml'
    EnvironmentFiles: /etc/default/kubelet (ignore_errors=yes)
    ExecMainCode: '0'
    ExecMainExitTimestampMonotonic: '0'
    ExecMainPID: '3801538'
    ExecMainStartTimestamp: Tue 2025-08-19 13:52:59 UTC
    ExecMainStartTimestampMonotonic: '3860942348304'
    ExecMainStatus: '0'
    ExecStart: '{ path=/usr/bin/kubelet ; argv[]=/usr/bin/kubelet $KUBELET_KUBECONFIG_ARGS $KUBELET_CONFIG_ARGS $KUBELET_KUBEADM_ARGS $KUBELET_EXTRA_ARGS ; ignore_errors=no ; start_time=[n/a] ; stop_time=[n/a] ; pid=0 ; code=(null) ; status=0/0 }'
    ExecStartEx: '{ path=/usr/bin/kubelet ; argv[]=/usr/bin/kubelet $KUBELET_KUBECONFIG_ARGS $KUBELET_CONFIG_ARGS $KUBELET_KUBEADM_ARGS $KUBELET_EXTRA_ARGS ; flags= ; start_time=[n/a] ; stop_time=[n/a] ; pid=0 ; code=(null) ; status=0/0 }'
    ExitType: main
    ExtensionImagePolicy: root=verity+signed+encrypted+unprotected+absent:usr=verity+signed+encrypted+unprotected+absent:home=encrypted+unprotected+absent:srv=encrypted+unprotected+absent:tmp=encrypted+unprotected+absent:var=encrypted+unprotected+absent
    FailureAction: none
    FileDescriptorStoreMax: '0'
    FileDescriptorStorePreserve: restart
    FinalKillSignal: '9'
    FragmentPath: /usr/lib/systemd/system/kubelet.service
    FreezerState: running
    GID: '[not set]'
    GuessMainPID: 'yes'
    IOAccounting: 'no'
    IOReadBytes: '[not set]'
    IOReadOperations: '[not set]'
    IOSchedulingClass: '2'
    IOSchedulingPriority: '4'
    IOWeight: '[not set]'
    IOWriteBytes: '[not set]'
    IOWriteOperations: '[not set]'
    IPAccounting: 'no'
    IPEgressBytes: '[no data]'
    IPEgressPackets: '[no data]'
    IPIngressBytes: '[no data]'
    IPIngressPackets: '[no data]'
    Id: kubelet.service
    IgnoreOnIsolate: 'no'
    IgnoreSIGPIPE: 'yes'
    InactiveEnterTimestamp: Tue 2025-08-19 13:52:59 UTC
    InactiveEnterTimestampMonotonic: '3860942333594'
    InactiveExitTimestamp: Tue 2025-08-19 13:52:59 UTC
    InactiveExitTimestampMonotonic: '3860942348773'
    InvocationID: 53dd179fc5dd4ed0ad9ac6987718967d
    JobRunningTimeoutUSec: infinity
    JobTimeoutAction: none
    JobTimeoutUSec: infinity
    KeyringMode: private
    KillMode: control-group
    KillSignal: '15'
    LimitAS: infinity
    LimitASSoft: infinity
    LimitCORE: infinity
    LimitCORESoft: '0'
    LimitCPU: infinity
    LimitCPUSoft: infinity
    LimitDATA: infinity
    LimitDATASoft: infinity
    LimitFSIZE: infinity
    LimitFSIZESoft: infinity
    LimitLOCKS: infinity
    LimitLOCKSSoft: infinity
    LimitMEMLOCK: '8388608'
    LimitMEMLOCKSoft: '8388608'
    LimitMSGQUEUE: '819200'
    LimitMSGQUEUESoft: '819200'
    LimitNICE: '0'
    LimitNICESoft: '0'
    LimitNOFILE: '524288'
    LimitNOFILESoft: '1024'
    LimitNPROC: '62392'
    LimitNPROCSoft: '62392'
    LimitRSS: infinity
    LimitRSSSoft: infinity
    LimitRTPRIO: '0'
    LimitRTPRIOSoft: '0'
    LimitRTTIME: infinity
    LimitRTTIMESoft: infinity
    LimitSIGPENDING: '62392'
    LimitSIGPENDINGSoft: '62392'
    LimitSTACK: infinity
    LimitSTACKSoft: '8388608'
    LoadState: loaded
    LockPersonality: 'no'
    LogLevelMax: '-1'
    LogRateLimitBurst: '0'
    LogRateLimitIntervalUSec: '0'
    LogsDirectoryMode: '0755'
    MainPID: '3801538'
    ManagedOOMMemoryPressure: auto
    ManagedOOMMemoryPressureLimit: '0'
    ManagedOOMPreference: none
    ManagedOOMSwap: auto
    MemoryAccounting: 'yes'
    MemoryAvailable: '14609469440'
    MemoryCurrent: '28315648'
    MemoryDenyWriteExecute: 'no'
    MemoryHigh: infinity
    MemoryKSM: 'no'
    MemoryLimit: infinity
    MemoryLow: '0'
    MemoryMax: infinity
    MemoryMin: '0'
    MemoryPeak: '28717056'
    MemoryPressureThresholdUSec: 200ms
    MemoryPressureWatch: auto
    MemorySwapCurrent: '0'
    MemorySwapMax: infinity
    MemorySwapPeak: '0'
    MemoryZSwapCurrent: '0'
    MemoryZSwapMax: infinity
    MountAPIVFS: 'no'
    MountImagePolicy: root=verity+signed+encrypted+unprotected+absent:usr=verity+signed+encrypted+unprotected+absent:home=encrypted+unprotected+absent:srv=encrypted+unprotected+absent:tmp=encrypted+unprotected+absent:var=encrypted+unprotected+absent
    NFileDescriptorStore: '0'
    NRestarts: '0'
    NUMAPolicy: n/a
    Names: kubelet.service
    NeedDaemonReload: 'no'
    Nice: '0'
    NoNewPrivileges: 'no'
    NonBlocking: 'no'
    NotifyAccess: none
    OOMPolicy: stop
    OOMScoreAdjust: '0'
    OnFailureJobMode: replace
    OnSuccessJobMode: fail
    Perpetual: 'no'
    PrivateDevices: 'no'
    PrivateIPC: 'no'
    PrivateMounts: 'no'
    PrivateNetwork: 'no'
    PrivateTmp: 'no'
    PrivateUsers: 'no'
    ProcSubset: all
    ProtectClock: 'no'
    ProtectControlGroups: 'no'
    ProtectHome: 'no'
    ProtectHostname: 'no'
    ProtectKernelLogs: 'no'
    ProtectKernelModules: 'no'
    ProtectKernelTunables: 'no'
    ProtectProc: default
    ProtectSystem: 'no'
    RefuseManualStart: 'no'
    RefuseManualStop: 'no'
    ReloadResult: success
    ReloadSignal: '1'
    RemainAfterExit: 'no'
    RemoveIPC: 'no'
    Requires: system.slice sysinit.target
    Restart: always
    RestartKillSignal: '15'
    RestartMaxDelayUSec: infinity
    RestartMode: normal
    RestartSteps: '0'
    RestartUSec: 10s
    RestartUSecNext: 10s
    RestrictNamespaces: 'no'
    RestrictRealtime: 'no'
    RestrictSUIDSGID: 'no'
    Result: success
    RootDirectoryStartOnly: 'no'
    RootEphemeral: 'no'
    RootImagePolicy: root=verity+signed+encrypted+unprotected+absent:usr=verity+signed+encrypted+unprotected+absent:home=encrypted+unprotected+absent:srv=encrypted+unprotected+absent:tmp=encrypted+unprotected+absent:var=encrypted+unprotected+absent
    RuntimeDirectoryMode: '0755'
    RuntimeDirectoryPreserve: 'no'
    RuntimeMaxUSec: infinity
    RuntimeRandomizedExtraUSec: '0'
    SameProcessGroup: 'no'
    SecureBits: '0'
    SendSIGHUP: 'no'
    SendSIGKILL: 'yes'
    SetLoginEnvironment: 'no'
    Slice: system.slice
    StandardError: inherit
    StandardInput: 'null'
    StandardOutput: journal
    StartLimitAction: none
    StartLimitBurst: '5'
    StartLimitIntervalUSec: '0'
    StartupBlockIOWeight: '[not set]'
    StartupCPUShares: '[not set]'
    StartupCPUWeight: '[not set]'
    StartupIOWeight: '[not set]'
    StartupMemoryHigh: infinity
    StartupMemoryLow: '0'
    StartupMemoryMax: infinity
    StartupMemorySwapMax: infinity
    StartupMemoryZSwapMax: infinity
    StateChangeTimestamp: Tue 2025-08-19 13:52:59 UTC
    StateChangeTimestampMonotonic: '3860942348773'
    StateDirectoryMode: '0755'
    StatusErrno: '0'
    StopWhenUnneeded: 'no'
    SubState: running
    SuccessAction: none
    SurviveFinalKillSignal: 'no'
    SyslogFacility: '3'
    SyslogLevel: '6'
    SyslogLevelPrefix: 'yes'
    SyslogPriority: '30'
    SystemCallErrorNumber: '2147483646'
    TTYReset: 'no'
    TTYVHangup: 'no'
    TTYVTDisallocate: 'no'
    TasksAccounting: 'yes'
    TasksCurrent: '13'
    TasksMax: '18717'
    TimeoutAbortUSec: 1min 30s
    TimeoutCleanUSec: infinity
    TimeoutStartFailureMode: terminate
    TimeoutStartUSec: 1min 30s
    TimeoutStopFailureMode: terminate
    TimeoutStopUSec: 1min 30s
    TimerSlackNSec: '50000'
    Transient: 'no'
    Type: simple
    UID: '[not set]'
    UMask: '0022'
    UnitFilePreset: enabled
    UnitFileState: enabled
    UtmpMode: init
    WantedBy: multi-user.target
    Wants: network-online.target
    WatchdogSignal: '6'
    WatchdogTimestampMonotonic: '0'
    WatchdogUSec: '0'
2025-08-19 09:53:06,391 p=25890 u=ollama n=ansible | TASK [Wait for kubelet to start] ***********************************************
2025-08-19 09:53:06,391 p=25890 u=ollama n=ansible | ok: [k8s04] => changed=false 
  elapsed: 5
  match_groupdict: {}
  match_groups: []
  path: null
  port: 10250
  search_regex: null
  state: started
2025-08-19 09:53:06,793 p=25890 u=ollama n=ansible | TASK [Uncordon the node] *******************************************************
2025-08-19 09:53:06,794 p=25890 u=ollama n=ansible | changed: [k8s04 -> k8s01(192.168.0.50)] => changed=true 
  cmd:
  - kubectl
  - uncordon
  - k8s04
  delta: '0:00:00.124830'
  end: '2025-08-19 13:53:05.984792'
  msg: ''
  rc: 0
  start: '2025-08-19 13:53:05.859962'
  stderr: ''
  stderr_lines: <omitted>
  stdout: node/k8s04 uncordoned
  stdout_lines: <omitted>
2025-08-19 09:53:07,155 p=25890 u=ollama n=ansible | TASK [Verify node is ready] ****************************************************
2025-08-19 09:53:07,155 p=25890 u=ollama n=ansible | changed: [k8s04 -> k8s01(192.168.0.50)] => changed=true 
  attempts: 1
  cmd:
  - kubectl
  - get
  - node
  - k8s04
  delta: '0:00:00.093081'
  end: '2025-08-19 13:53:06.348613'
  msg: ''
  rc: 0
  start: '2025-08-19 13:53:06.255532'
  stderr: ''
  stderr_lines: <omitted>
  stdout: |-
    NAME    STATUS   ROLES    AGE   VERSION
    k8s04   Ready    worker   43d   v1.32.8
  stdout_lines: <omitted>
2025-08-19 09:53:07,182 p=25890 u=ollama n=ansible | TASK [Display upgrade status] **************************************************
2025-08-19 09:53:07,183 p=25890 u=ollama n=ansible | ok: [k8s04] => 
  msg: k8s04 successfully upgraded to v1.32.8
2025-08-19 09:53:07,248 p=25890 u=ollama n=ansible | PLAY [Upgrade Kubernetes Worker Nodes] *****************************************
2025-08-19 09:53:07,448 p=25890 u=ollama n=ansible | TASK [Current node status] *****************************************************
2025-08-19 09:53:07,449 p=25890 u=ollama n=ansible | ok: [k8s07] => changed=false 
  cmd:
  - hostname
  delta: '0:00:00.002105'
  end: '2025-08-19 13:53:06.646131'
  msg: ''
  rc: 0
  start: '2025-08-19 13:53:06.644026'
  stderr: ''
  stderr_lines: <omitted>
  stdout: k8s07
  stdout_lines: <omitted>
2025-08-19 09:53:07,472 p=25890 u=ollama n=ansible | TASK [Display node being upgraded] *********************************************
2025-08-19 09:53:07,473 p=25890 u=ollama n=ansible | ok: [k8s07] => 
  msg: Upgrading k8s07
2025-08-19 09:53:07,567 p=25890 u=ollama n=ansible | TASK [Current node status] *****************************************************
2025-08-19 09:53:07,568 p=25890 u=ollama n=ansible | ok: [k8s06] => changed=false 
  cmd:
  - hostname
  delta: '0:00:00.003694'
  end: '2025-08-19 13:53:06.746939'
  msg: ''
  rc: 0
  start: '2025-08-19 13:53:06.743245'
  stderr: ''
  stderr_lines: <omitted>
  stdout: k8s06
  stdout_lines: <omitted>
2025-08-19 09:53:07,591 p=25890 u=ollama n=ansible | TASK [Display node being upgraded] *********************************************
2025-08-19 09:53:07,592 p=25890 u=ollama n=ansible | ok: [k8s06] => 
  msg: Upgrading k8s06
2025-08-19 09:53:10,690 p=25890 u=ollama n=ansible | TASK [Drain the node] **********************************************************
2025-08-19 09:53:10,691 p=25890 u=ollama n=ansible | changed: [k8s06 -> k8s01(192.168.0.50)] => changed=true 
  cmd:
  - kubectl
  - drain
  - k8s06
  - --ignore-daemonsets
  - --delete-emptydir-data
  - --force
  delta: '0:00:03.533722'
  end: '2025-08-19 13:53:10.578168'
  msg: ''
  rc: 0
  start: '2025-08-19 13:53:07.044446'
  stderr: 'Warning: ignoring DaemonSet-managed Pods: kube-system/cilium-envoy-p8v2t, kube-system/cilium-fl6kd, kube-system/configure-insecure-registry-js94p, kube-system/kata-deploy-w6pvs, kube-system/kube-multus-ds-b7k2g, kube-system/kube-proxy-2m7zm, kubevirt/virt-handler-p6dlk, longhorn-system/engine-image-ei-51cc7b9c-vv5lv, longhorn-system/longhorn-csi-plugin-dqtp7, longhorn-system/longhorn-manager-hrt8j, metallb-system/speaker-sh47q'
  stderr_lines: <omitted>
  stdout: |-
    node/k8s06 cordoned
    evicting pod metallb-system/controller-86575b897-rmxkx
    evicting pod default/node-debugger-k8s06-nnjvq
    evicting pod default/node-debugger-k8s06-zbgsm
    evicting pod kube-system/fix-containerd-config-5rg5t
    evicting pod longhorn-system/csi-attacher-86bc78dd8f-h4trh
    evicting pod longhorn-system/csi-provisioner-6c54656cdf-ckzgj
    evicting pod longhorn-system/csi-resizer-fcb976d97-lv475
    evicting pod longhorn-system/csi-snapshotter-6c686d96f4-jbscv
    evicting pod longhorn-system/instance-manager-c63f2eaeef106fef72889e1a15198a2b
    pod/fix-containerd-config-5rg5t evicted
    pod/node-debugger-k8s06-zbgsm evicted
    pod/node-debugger-k8s06-nnjvq evicted
    pod/controller-86575b897-rmxkx evicted
    pod/csi-attacher-86bc78dd8f-h4trh evicted
    pod/csi-resizer-fcb976d97-lv475 evicted
    pod/csi-provisioner-6c54656cdf-ckzgj evicted
    pod/instance-manager-c63f2eaeef106fef72889e1a15198a2b evicted
    pod/csi-snapshotter-6c686d96f4-jbscv evicted
    node/k8s06 drained
  stdout_lines: <omitted>
2025-08-19 09:55:31,618 p=32071 u=ollama n=ansible | Using /home/ollama/me/Zenitsu_mforrester-home-lab/kubernetes-upgrade/ansible.cfg as config file
2025-08-19 09:55:32,175 p=32071 u=ollama n=ansible | k8s01 | CHANGED | rc=0 >>
NAME    STATUS                     ROLES           AGE   VERSION    INTERNAL-IP    EXTERNAL-IP   OS-IMAGE             KERNEL-VERSION      CONTAINER-RUNTIME
k8s01   Ready                      control-plane   43d   v1.32.8    192.168.0.50   <none>        Ubuntu 24.04.2 LTS   6.8.0-63-generic    containerd://1.7.27
k8s02   Ready                      control-plane   43d   v1.32.8    192.168.0.51   <none>        Ubuntu 24.04.2 LTS   6.8.0-63-generic    containerd://1.7.27
k8s03   Ready                      control-plane   43d   v1.32.8    192.168.0.52   <none>        Ubuntu 24.04.2 LTS   6.11.0-29-generic   containerd://1.7.27
k8s04   Ready                      worker          43d   v1.32.8    192.168.0.53   <none>        Ubuntu 24.04.2 LTS   6.11.0-29-generic   containerd://1.7.27
k8s05   Ready                      worker          43d   v1.32.8    192.168.0.54   <none>        Ubuntu 24.04.2 LTS   6.11.0-29-generic   containerd://1.7.27
k8s06   Ready,SchedulingDisabled   worker          43d   v1.31.10   192.168.0.55   <none>        Ubuntu 24.04.2 LTS   6.11.0-29-generic   containerd://1.7.27
k8s07   Ready,SchedulingDisabled   worker          43d   v1.31.10   192.168.0.56   <none>        Ubuntu 24.04.2 LTS   6.11.0-29-generic   containerd://1.7.27
k8s08   Ready                      worker          43d   v1.31.10   192.168.0.57   <none>        Ubuntu 24.04.2 LTS   6.11.0-29-generic   containerd://1.7.27
k8s09   Ready                      worker          43d   v1.31.10   192.168.0.58   <none>        Ubuntu 24.04.2 LTS   6.11.0-29-generic   containerd://1.7.27

2025-08-19 09:55:39,557 p=32406 u=ollama n=ansible | Using /home/ollama/me/Zenitsu_mforrester-home-lab/kubernetes-upgrade/ansible.cfg as config file
2025-08-19 09:55:39,917 p=32406 u=ollama n=ansible | k8s07 | CHANGED | rc=0 >>
kubeadm 1.31.10-1.1

2025-08-19 09:55:40,051 p=32406 u=ollama n=ansible | k8s06 | CHANGED | rc=0 >>
kubeadm 1.32.8-1.1

2025-08-19 09:56:04,180 p=33109 u=ollama n=ansible | Using /home/ollama/me/Zenitsu_mforrester-home-lab/kubernetes-upgrade/ansible.cfg as config file
2025-08-19 09:56:04,307 p=33109 u=ollama n=ansible | PLAY [Complete Worker Node Upgrade] ********************************************
2025-08-19 09:56:04,735 p=33109 u=ollama n=ansible | TASK [Check current kubeadm version] *******************************************
2025-08-19 09:56:04,736 p=33109 u=ollama n=ansible | ok: [k8s07] => changed=false 
  cmd:
  - kubeadm
  - version
  - -o
  - short
  delta: '0:00:00.141760'
  end: '2025-08-19 13:56:04.661136'
  msg: ''
  rc: 0
  start: '2025-08-19 13:56:04.519376'
  stderr: ''
  stderr_lines: <omitted>
  stdout: v1.31.10
  stdout_lines: <omitted>
2025-08-19 09:56:04,766 p=33109 u=ollama n=ansible | TASK [Display current version] *************************************************
2025-08-19 09:56:04,766 p=33109 u=ollama n=ansible | ok: [k8s07] => 
  msg: k8s07 has kubeadm v1.31.10
2025-08-19 09:56:04,767 p=33109 u=ollama n=ansible | TASK [Check current kubeadm version] *******************************************
2025-08-19 09:56:04,767 p=33109 u=ollama n=ansible | ok: [k8s06] => changed=false 
  cmd:
  - kubeadm
  - version
  - -o
  - short
  delta: '0:00:00.040787'
  end: '2025-08-19 13:56:04.684929'
  msg: ''
  rc: 0
  start: '2025-08-19 13:56:04.644142'
  stderr: ''
  stderr_lines: <omitted>
  stdout: v1.32.8
  stdout_lines: <omitted>
2025-08-19 09:56:04,794 p=33109 u=ollama n=ansible | TASK [Display current version] *************************************************
2025-08-19 09:56:04,795 p=33109 u=ollama n=ansible | ok: [k8s06] => 
  msg: k8s06 has kubeadm v1.32.8
2025-08-19 09:56:05,206 p=33109 u=ollama n=ansible | TASK [Upgrade node configuration] **********************************************
2025-08-19 09:56:05,207 p=33109 u=ollama n=ansible | changed: [k8s06] => changed=true 
  cmd:
  - kubeadm
  - upgrade
  - node
  delta: '0:00:00.096234'
  end: '2025-08-19 13:56:05.101853'
  msg: ''
  rc: 0
  start: '2025-08-19 13:56:05.005619'
  stderr: W0819 13:56:05.086307 1869192 postupgrade.go:117] Using temporary directory /etc/kubernetes/tmp/kubeadm-kubelet-config363746682 for kubelet config. To override it set the environment variable KUBEADM_UPGRADE_DRYRUN_DIR
  stderr_lines: <omitted>
  stdout: |-
    [upgrade] Reading configuration from the "kubeadm-config" ConfigMap in namespace "kube-system"...
    [upgrade] Use 'kubeadm init phase upload-config --config your-config.yaml' to re-upload it.
    [upgrade/preflight] Running pre-flight checks
    [upgrade/preflight] Skipping prepull. Not a control plane node.
    [upgrade/control-plane] Skipping phase. Not a control plane node.
    [upgrade/kubeconfig] Skipping phase. Not a control plane node.
    [upgrade] Backing up kubelet config file to /etc/kubernetes/tmp/kubeadm-kubelet-config363746682/config.yaml
    [kubelet-start] Writing kubelet configuration to file "/var/lib/kubelet/config.yaml"
    [upgrade/kubelet-config] The kubelet configuration for this node was successfully upgraded!
    [upgrade/addon] Skipping the addon/coredns phase. Not a control plane node.
    [upgrade/addon] Skipping the addon/kube-proxy phase. Not a control plane node.
  stdout_lines: <omitted>
2025-08-19 09:56:34,591 p=33109 u=ollama n=ansible | TASK [Upgrade kubelet and kubectl] *********************************************
2025-08-19 09:56:34,592 p=33109 u=ollama n=ansible | changed: [k8s06] => changed=true 
  cache_update_time: 1755611457
  cache_updated: false
  stderr: |-
    debconf: delaying package configuration, since apt-utils is not installed
  
    The processor microcode seems to be up-to-date.
  
    Restarting services...
     systemctl restart kubelet.service
  
    Service restarts being deferred:
     /etc/needrestart/restart.d/dbus.service
     systemctl restart getty@tty1.service
     systemctl restart getty@tty6.service
     systemctl restart systemd-logind.service
     systemctl restart unattended-upgrades.service
     systemctl restart wpa_supplicant.service
  
    No containers need to be restarted.
  
    No user sessions are running outdated binaries.
  
    No VM guests are running outdated hypervisor (qemu) binaries on this host.
  stderr_lines: <omitted>
  stdout: |-
    Reading package lists...
    Building dependency tree...
    Reading state information...
    The following held packages will be changed:
      kubectl kubelet
    The following packages will be upgraded:
      kubectl kubelet
    2 upgraded, 0 newly installed, 0 to remove and 62 not upgraded.
    Need to get 26.4 MB of archives.
    After this operation, 541 kB of additional disk space will be used.
    Get:1 https://prod-cdn.packages.k8s.io/repositories/isv:/kubernetes:/core:/stable:/v1.32/deb  kubectl 1.32.8-1.1 [11.3 MB]
    Get:2 https://prod-cdn.packages.k8s.io/repositories/isv:/kubernetes:/core:/stable:/v1.32/deb  kubelet 1.32.8-1.1 [15.2 MB]
    Fetched 26.4 MB in 21s (1276 kB/s)
    (Reading database ... (Reading database ... 5%(Reading database ... 10%(Reading database ... 15%(Reading database ... 20%(Reading database ... 25%(Reading database ... 30%(Reading database ... 35%(Reading database ... 40%(Reading database ... 45%(Reading database ... 50%(Reading database ... 55%(Reading database ... 60%(Reading database ... 65%(Reading database ... 70%(Reading database ... 75%(Reading database ... 80%(Reading database ... 85%(Reading database ... 90%(Reading database ... 95%(Reading database ... 100%(Reading database ... 113593 files and directories currently installed.)
    Preparing to unpack .../kubectl_1.32.8-1.1_amd64.deb ...
    Unpacking kubectl (1.32.8-1.1) over (1.31.10-1.1) ...
    Preparing to unpack .../kubelet_1.32.8-1.1_amd64.deb ...
    Unpacking kubelet (1.32.8-1.1) over (1.31.10-1.1) ...
    Setting up kubectl (1.32.8-1.1) ...
    Setting up kubelet (1.32.8-1.1) ...
  stdout_lines: <omitted>
2025-08-19 09:56:35,874 p=33109 u=ollama n=ansible | TASK [Restart kubelet] *********************************************************
2025-08-19 09:56:35,876 p=33109 u=ollama n=ansible | changed: [k8s06] => changed=true 
  name: kubelet
  state: started
  status:
    ActiveEnterTimestamp: Tue 2025-08-19 13:56:33 UTC
    ActiveEnterTimestampMonotonic: '3859455918048'
    ActiveExitTimestamp: Tue 2025-08-19 13:56:33 UTC
    ActiveExitTimestampMonotonic: '3859455863059'
    ActiveState: active
    After: basic.target network-online.target systemd-journald.socket system.slice sysinit.target
    AllowIsolate: 'no'
    AssertResult: 'yes'
    AssertTimestamp: Tue 2025-08-19 13:56:33 UTC
    AssertTimestampMonotonic: '3859455906265'
    Before: shutdown.target multi-user.target
    BlockIOAccounting: 'no'
    BlockIOWeight: '[not set]'
    CPUAccounting: 'yes'
    CPUAffinityFromNUMA: 'no'
    CPUQuotaPerSecUSec: infinity
    CPUQuotaPeriodUSec: infinity
    CPUSchedulingPolicy: '0'
    CPUSchedulingPriority: '0'
    CPUSchedulingResetOnFork: 'no'
    CPUShares: '[not set]'
    CPUUsageNSec: '627547000'
    CPUWeight: '[not set]'
    CacheDirectoryMode: '0755'
    CanFreeze: 'yes'
    CanIsolate: 'no'
    CanReload: 'no'
    CanStart: 'yes'
    CanStop: 'yes'
    CapabilityBoundingSet: cap_chown cap_dac_override cap_dac_read_search cap_fowner cap_fsetid cap_kill cap_setgid cap_setuid cap_setpcap cap_linux_immutable cap_net_bind_service cap_net_broadcast cap_net_admin cap_net_raw cap_ipc_lock cap_ipc_owner cap_sys_module cap_sys_rawio cap_sys_chroot cap_sys_ptrace cap_sys_pacct cap_sys_admin cap_sys_boot cap_sys_nice cap_sys_resource cap_sys_time cap_sys_tty_config cap_mknod cap_lease cap_audit_write cap_audit_control cap_setfcap cap_mac_override cap_mac_admin cap_syslog cap_wake_alarm cap_block_suspend cap_audit_read cap_perfmon cap_bpf cap_checkpoint_restore
    CleanResult: success
    CollectMode: inactive
    ConditionResult: 'yes'
    ConditionTimestamp: Tue 2025-08-19 13:56:33 UTC
    ConditionTimestampMonotonic: '3859455906262'
    ConfigurationDirectoryMode: '0755'
    Conflicts: shutdown.target
    ControlGroup: /system.slice/kubelet.service
    ControlGroupId: '483764'
    ControlPID: '0'
    CoredumpFilter: '0x33'
    CoredumpReceive: 'no'
    DefaultDependencies: 'yes'
    DefaultMemoryLow: '0'
    DefaultMemoryMin: '0'
    DefaultStartupMemoryLow: '0'
    Delegate: 'no'
    Description: 'kubelet: The Kubernetes Node Agent'
    DevicePolicy: auto
    Documentation: https://kubernetes.io/docs/
    DropInPaths: /usr/lib/systemd/system/kubelet.service.d/10-kubeadm.conf
    DynamicUser: 'no'
    EffectiveCPUs: 0-3
    EffectiveMemoryNodes: '0'
    Environment: '"KUBELET_KUBECONFIG_ARGS=--bootstrap-kubeconfig=/etc/kubernetes/bootstrap-kubelet.conf --kubeconfig=/etc/kubernetes/kubelet.conf" KUBELET_CONFIG_ARGS=--config=/var/lib/kubelet/config.yaml'
    EnvironmentFiles: /etc/default/kubelet (ignore_errors=yes)
    ExecMainCode: '0'
    ExecMainExitTimestampMonotonic: '0'
    ExecMainPID: '1869777'
    ExecMainStartTimestamp: Tue 2025-08-19 13:56:33 UTC
    ExecMainStartTimestampMonotonic: '3859455917346'
    ExecMainStatus: '0'
    ExecStart: '{ path=/usr/bin/kubelet ; argv[]=/usr/bin/kubelet $KUBELET_KUBECONFIG_ARGS $KUBELET_CONFIG_ARGS $KUBELET_KUBEADM_ARGS $KUBELET_EXTRA_ARGS ; ignore_errors=no ; start_time=[n/a] ; stop_time=[n/a] ; pid=0 ; code=(null) ; status=0/0 }'
    ExecStartEx: '{ path=/usr/bin/kubelet ; argv[]=/usr/bin/kubelet $KUBELET_KUBECONFIG_ARGS $KUBELET_CONFIG_ARGS $KUBELET_KUBEADM_ARGS $KUBELET_EXTRA_ARGS ; flags= ; start_time=[n/a] ; stop_time=[n/a] ; pid=0 ; code=(null) ; status=0/0 }'
    ExitType: main
    ExtensionImagePolicy: root=verity+signed+encrypted+unprotected+absent:usr=verity+signed+encrypted+unprotected+absent:home=encrypted+unprotected+absent:srv=encrypted+unprotected+absent:tmp=encrypted+unprotected+absent:var=encrypted+unprotected+absent
    FailureAction: none
    FileDescriptorStoreMax: '0'
    FileDescriptorStorePreserve: restart
    FinalKillSignal: '9'
    FragmentPath: /usr/lib/systemd/system/kubelet.service
    FreezerState: running
    GID: '[not set]'
    GuessMainPID: 'yes'
    IOAccounting: 'no'
    IOReadBytes: '[not set]'
    IOReadOperations: '[not set]'
    IOSchedulingClass: '2'
    IOSchedulingPriority: '4'
    IOWeight: '[not set]'
    IOWriteBytes: '[not set]'
    IOWriteOperations: '[not set]'
    IPAccounting: 'no'
    IPEgressBytes: '[no data]'
    IPEgressPackets: '[no data]'
    IPIngressBytes: '[no data]'
    IPIngressPackets: '[no data]'
    Id: kubelet.service
    IgnoreOnIsolate: 'no'
    IgnoreSIGPIPE: 'yes'
    InactiveEnterTimestamp: Tue 2025-08-19 13:56:33 UTC
    InactiveEnterTimestampMonotonic: '3859455904862'
    InactiveExitTimestamp: Tue 2025-08-19 13:56:33 UTC
    InactiveExitTimestampMonotonic: '3859455918048'
    InvocationID: 67b9b006754e49b9a57b5d4d903f85e6
    JobRunningTimeoutUSec: infinity
    JobTimeoutAction: none
    JobTimeoutUSec: infinity
    KeyringMode: private
    KillMode: control-group
    KillSignal: '15'
    LimitAS: infinity
    LimitASSoft: infinity
    LimitCORE: infinity
    LimitCORESoft: '0'
    LimitCPU: infinity
    LimitCPUSoft: infinity
    LimitDATA: infinity
    LimitDATASoft: infinity
    LimitFSIZE: infinity
    LimitFSIZESoft: infinity
    LimitLOCKS: infinity
    LimitLOCKSSoft: infinity
    LimitMEMLOCK: '8388608'
    LimitMEMLOCKSoft: '8388608'
    LimitMSGQUEUE: '819200'
    LimitMSGQUEUESoft: '819200'
    LimitNICE: '0'
    LimitNICESoft: '0'
    LimitNOFILE: '524288'
    LimitNOFILESoft: '1024'
    LimitNPROC: '30353'
    LimitNPROCSoft: '30353'
    LimitRSS: infinity
    LimitRSSSoft: infinity
    LimitRTPRIO: '0'
    LimitRTPRIOSoft: '0'
    LimitRTTIME: infinity
    LimitRTTIMESoft: infinity
    LimitSIGPENDING: '30353'
    LimitSIGPENDINGSoft: '30353'
    LimitSTACK: infinity
    LimitSTACKSoft: '8388608'
    LoadState: loaded
    LockPersonality: 'no'
    LogLevelMax: '-1'
    LogRateLimitBurst: '0'
    LogRateLimitIntervalUSec: '0'
    LogsDirectoryMode: '0755'
    MainPID: '1869777'
    ManagedOOMMemoryPressure: auto
    ManagedOOMMemoryPressureLimit: '0'
    ManagedOOMPreference: none
    ManagedOOMSwap: auto
    MemoryAccounting: 'yes'
    MemoryAvailable: '6673084416'
    MemoryCurrent: '29835264'
    MemoryDenyWriteExecute: 'no'
    MemoryHigh: infinity
    MemoryKSM: 'no'
    MemoryLimit: infinity
    MemoryLow: '0'
    MemoryMax: infinity
    MemoryMin: '0'
    MemoryPeak: '30621696'
    MemoryPressureThresholdUSec: 200ms
    MemoryPressureWatch: auto
    MemorySwapCurrent: '0'
    MemorySwapMax: infinity
    MemorySwapPeak: '0'
    MemoryZSwapCurrent: '0'
    MemoryZSwapMax: infinity
    MountAPIVFS: 'no'
    MountImagePolicy: root=verity+signed+encrypted+unprotected+absent:usr=verity+signed+encrypted+unprotected+absent:home=encrypted+unprotected+absent:srv=encrypted+unprotected+absent:tmp=encrypted+unprotected+absent:var=encrypted+unprotected+absent
    NFileDescriptorStore: '0'
    NRestarts: '0'
    NUMAPolicy: n/a
    Names: kubelet.service
    NeedDaemonReload: 'no'
    Nice: '0'
    NoNewPrivileges: 'no'
    NonBlocking: 'no'
    NotifyAccess: none
    OOMPolicy: stop
    OOMScoreAdjust: '0'
    OnFailureJobMode: replace
    OnSuccessJobMode: fail
    Perpetual: 'no'
    PrivateDevices: 'no'
    PrivateIPC: 'no'
    PrivateMounts: 'no'
    PrivateNetwork: 'no'
    PrivateTmp: 'no'
    PrivateUsers: 'no'
    ProcSubset: all
    ProtectClock: 'no'
    ProtectControlGroups: 'no'
    ProtectHome: 'no'
    ProtectHostname: 'no'
    ProtectKernelLogs: 'no'
    ProtectKernelModules: 'no'
    ProtectKernelTunables: 'no'
    ProtectProc: default
    ProtectSystem: 'no'
    RefuseManualStart: 'no'
    RefuseManualStop: 'no'
    ReloadResult: success
    ReloadSignal: '1'
    RemainAfterExit: 'no'
    RemoveIPC: 'no'
    Requires: sysinit.target system.slice
    Restart: always
    RestartKillSignal: '15'
    RestartMaxDelayUSec: infinity
    RestartMode: normal
    RestartSteps: '0'
    RestartUSec: 10s
    RestartUSecNext: 10s
    RestrictNamespaces: 'no'
    RestrictRealtime: 'no'
    RestrictSUIDSGID: 'no'
    Result: success
    RootDirectoryStartOnly: 'no'
    RootEphemeral: 'no'
    RootImagePolicy: root=verity+signed+encrypted+unprotected+absent:usr=verity+signed+encrypted+unprotected+absent:home=encrypted+unprotected+absent:srv=encrypted+unprotected+absent:tmp=encrypted+unprotected+absent:var=encrypted+unprotected+absent
    RuntimeDirectoryMode: '0755'
    RuntimeDirectoryPreserve: 'no'
    RuntimeMaxUSec: infinity
    RuntimeRandomizedExtraUSec: '0'
    SameProcessGroup: 'no'
    SecureBits: '0'
    SendSIGHUP: 'no'
    SendSIGKILL: 'yes'
    SetLoginEnvironment: 'no'
    Slice: system.slice
    StandardError: inherit
    StandardInput: 'null'
    StandardOutput: journal
    StartLimitAction: none
    StartLimitBurst: '5'
    StartLimitIntervalUSec: '0'
    StartupBlockIOWeight: '[not set]'
    StartupCPUShares: '[not set]'
    StartupCPUWeight: '[not set]'
    StartupIOWeight: '[not set]'
    StartupMemoryHigh: infinity
    StartupMemoryLow: '0'
    StartupMemoryMax: infinity
    StartupMemorySwapMax: infinity
    StartupMemoryZSwapMax: infinity
    StateChangeTimestamp: Tue 2025-08-19 13:56:33 UTC
    StateChangeTimestampMonotonic: '3859455918048'
    StateDirectoryMode: '0755'
    StatusErrno: '0'
    StopWhenUnneeded: 'no'
    SubState: running
    SuccessAction: none
    SurviveFinalKillSignal: 'no'
    SyslogFacility: '3'
    SyslogLevel: '6'
    SyslogLevelPrefix: 'yes'
    SyslogPriority: '30'
    SystemCallErrorNumber: '2147483646'
    TTYReset: 'no'
    TTYVHangup: 'no'
    TTYVTDisallocate: 'no'
    TasksAccounting: 'yes'
    TasksCurrent: '14'
    TasksMax: '9106'
    TimeoutAbortUSec: 1min 30s
    TimeoutCleanUSec: infinity
    TimeoutStartFailureMode: terminate
    TimeoutStartUSec: 1min 30s
    TimeoutStopFailureMode: terminate
    TimeoutStopUSec: 1min 30s
    TimerSlackNSec: '50000'
    Transient: 'no'
    Type: simple
    UID: '[not set]'
    UMask: '0022'
    UnitFilePreset: enabled
    UnitFileState: enabled
    UtmpMode: init
    WantedBy: multi-user.target
    Wants: network-online.target
    WatchdogSignal: '6'
    WatchdogTimestampMonotonic: '0'
    WatchdogUSec: '0'
2025-08-19 09:56:41,464 p=33109 u=ollama n=ansible | TASK [Wait for kubelet to start] ***********************************************
2025-08-19 09:56:41,465 p=33109 u=ollama n=ansible | ok: [k8s06] => changed=false 
  elapsed: 5
  match_groupdict: {}
  match_groups: []
  path: null
  port: 10250
  search_regex: null
  state: started
2025-08-19 09:56:41,880 p=33109 u=ollama n=ansible | TASK [Uncordon the node] *******************************************************
2025-08-19 09:56:41,881 p=33109 u=ollama n=ansible | changed: [k8s06 -> k8s01(192.168.0.50)] => changed=true 
  cmd:
  - kubectl
  - uncordon
  - k8s06
  delta: '0:00:00.132102'
  end: '2025-08-19 13:56:41.559468'
  msg: ''
  rc: 0
  start: '2025-08-19 13:56:41.427366'
  stderr: ''
  stderr_lines: <omitted>
  stdout: node/k8s06 uncordoned
  stdout_lines: <omitted>
2025-08-19 09:56:42,248 p=33109 u=ollama n=ansible | TASK [Verify node is ready] ****************************************************
2025-08-19 09:56:42,249 p=33109 u=ollama n=ansible | changed: [k8s06 -> k8s01(192.168.0.50)] => changed=true 
  attempts: 1
  cmd:
  - kubectl
  - get
  - node
  - k8s06
  delta: '0:00:00.090614'
  end: '2025-08-19 13:56:41.931382'
  msg: ''
  rc: 0
  start: '2025-08-19 13:56:41.840768'
  stderr: ''
  stderr_lines: <omitted>
  stdout: |-
    NAME    STATUS   ROLES    AGE   VERSION
    k8s06   Ready    worker   43d   v1.32.8
  stdout_lines: <omitted>
2025-08-19 09:56:42,275 p=33109 u=ollama n=ansible | TASK [Display upgrade status] **************************************************
2025-08-19 09:56:42,276 p=33109 u=ollama n=ansible | ok: [k8s06] => 
  msg: k8s06 successfully upgraded to v1.32.8
2025-08-19 09:56:48,479 p=33109 u=ollama n=ansible | TASK [Upgrade kubeadm if needed] ***********************************************
2025-08-19 09:56:48,480 p=33109 u=ollama n=ansible | changed: [k8s07] => changed=true 
  cache_update_time: 1755611455
  cache_updated: false
  stderr: |-
    debconf: delaying package configuration, since apt-utils is not installed
  
    The processor microcode seems to be up-to-date.
  
    Restarting services...
  
    Service restarts being deferred:
     /etc/needrestart/restart.d/dbus.service
     systemctl restart getty@tty1.service
     systemctl restart systemd-logind.service
     systemctl restart unattended-upgrades.service
     systemctl restart wpa_supplicant.service
  
    No containers need to be restarted.
  
    No user sessions are running outdated binaries.
  
    No VM guests are running outdated hypervisor (qemu) binaries on this host.
  stderr_lines: <omitted>
  stdout: |-
    Reading package lists...
    Building dependency tree...
    Reading state information...
    The following held packages will be changed:
      kubeadm
    The following packages will be upgraded:
      kubeadm
    1 upgraded, 0 newly installed, 0 to remove and 64 not upgraded.
    Need to get 12.2 MB of archives.
    After this operation, 12.2 MB of additional disk space will be used.
    Get:1 https://prod-cdn.packages.k8s.io/repositories/isv:/kubernetes:/core:/stable:/v1.32/deb  kubeadm 1.32.8-1.1 [12.2 MB]
    Fetched 12.2 MB in 20s (597 kB/s)
    (Reading database ... (Reading database ... 5%(Reading database ... 10%(Reading database ... 15%(Reading database ... 20%(Reading database ... 25%(Reading database ... 30%(Reading database ... 35%(Reading database ... 40%(Reading database ... 45%(Reading database ... 50%(Reading database ... 55%(Reading database ... 60%(Reading database ... 65%(Reading database ... 70%(Reading database ... 75%(Reading database ... 80%(Reading database ... 85%(Reading database ... 90%(Reading database ... 95%(Reading database ... 100%(Reading database ... 113593 files and directories currently installed.)
    Preparing to unpack .../kubeadm_1.32.8-1.1_amd64.deb ...
    Unpacking kubeadm (1.32.8-1.1) over (1.31.10-1.1) ...
    Setting up kubeadm (1.32.8-1.1) ...
  stdout_lines: <omitted>
2025-08-19 09:56:48,705 p=33109 u=ollama n=ansible | TASK [Upgrade node configuration] **********************************************
2025-08-19 09:56:48,706 p=33109 u=ollama n=ansible | changed: [k8s07] => changed=true 
  cmd:
  - kubeadm
  - upgrade
  - node
  delta: '0:00:00.056868'
  end: '2025-08-19 13:56:48.218466'
  msg: ''
  rc: 0
  start: '2025-08-19 13:56:48.161598'
  stderr: W0819 13:56:48.211664 2538167 postupgrade.go:117] Using temporary directory /etc/kubernetes/tmp/kubeadm-kubelet-config2226163329 for kubelet config. To override it set the environment variable KUBEADM_UPGRADE_DRYRUN_DIR
  stderr_lines: <omitted>
  stdout: |-
    [upgrade] Reading configuration from the "kubeadm-config" ConfigMap in namespace "kube-system"...
    [upgrade] Use 'kubeadm init phase upload-config --config your-config.yaml' to re-upload it.
    [upgrade/preflight] Running pre-flight checks
    [upgrade/preflight] Skipping prepull. Not a control plane node.
    [upgrade/control-plane] Skipping phase. Not a control plane node.
    [upgrade/kubeconfig] Skipping phase. Not a control plane node.
    [upgrade] Backing up kubelet config file to /etc/kubernetes/tmp/kubeadm-kubelet-config2226163329/config.yaml
    [kubelet-start] Writing kubelet configuration to file "/var/lib/kubelet/config.yaml"
    [upgrade/kubelet-config] The kubelet configuration for this node was successfully upgraded!
    [upgrade/addon] Skipping the addon/coredns phase. Not a control plane node.
    [upgrade/addon] Skipping the addon/kube-proxy phase. Not a control plane node.
  stdout_lines: <omitted>
2025-08-19 09:57:12,078 p=33109 u=ollama n=ansible | TASK [Upgrade kubelet and kubectl] *********************************************
2025-08-19 09:57:12,078 p=33109 u=ollama n=ansible | changed: [k8s07] => changed=true 
  cache_update_time: 1755611455
  cache_updated: false
  stderr: |-
    debconf: delaying package configuration, since apt-utils is not installed
  
    The processor microcode seems to be up-to-date.
  
    Restarting services...
     systemctl restart kubelet.service
  
    Service restarts being deferred:
     /etc/needrestart/restart.d/dbus.service
     systemctl restart getty@tty1.service
     systemctl restart systemd-logind.service
     systemctl restart unattended-upgrades.service
     systemctl restart wpa_supplicant.service
  
    No containers need to be restarted.
  
    No user sessions are running outdated binaries.
  
    No VM guests are running outdated hypervisor (qemu) binaries on this host.
  stderr_lines: <omitted>
  stdout: |-
    Reading package lists...
    Building dependency tree...
    Reading state information...
    The following held packages will be changed:
      kubectl kubelet
    The following packages will be upgraded:
      kubectl kubelet
    2 upgraded, 0 newly installed, 0 to remove and 62 not upgraded.
    Need to get 26.4 MB of archives.
    After this operation, 541 kB of additional disk space will be used.
    Get:1 https://prod-cdn.packages.k8s.io/repositories/isv:/kubernetes:/core:/stable:/v1.32/deb  kubectl 1.32.8-1.1 [11.3 MB]
    Get:2 https://prod-cdn.packages.k8s.io/repositories/isv:/kubernetes:/core:/stable:/v1.32/deb  kubelet 1.32.8-1.1 [15.2 MB]
    Fetched 26.4 MB in 21s (1286 kB/s)
    (Reading database ... (Reading database ... 5%(Reading database ... 10%(Reading database ... 15%(Reading database ... 20%(Reading database ... 25%(Reading database ... 30%(Reading database ... 35%(Reading database ... 40%(Reading database ... 45%(Reading database ... 50%(Reading database ... 55%(Reading database ... 60%(Reading database ... 65%(Reading database ... 70%(Reading database ... 75%(Reading database ... 80%(Reading database ... 85%(Reading database ... 90%(Reading database ... 95%(Reading database ... 100%(Reading database ... 113593 files and directories currently installed.)
    Preparing to unpack .../kubectl_1.32.8-1.1_amd64.deb ...
    Unpacking kubectl (1.32.8-1.1) over (1.31.10-1.1) ...
    Preparing to unpack .../kubelet_1.32.8-1.1_amd64.deb ...
    Unpacking kubelet (1.32.8-1.1) over (1.31.10-1.1) ...
    Setting up kubectl (1.32.8-1.1) ...
    Setting up kubelet (1.32.8-1.1) ...
  stdout_lines: <omitted>
2025-08-19 09:57:12,575 p=33109 u=ollama n=ansible | TASK [Restart kubelet] *********************************************************
2025-08-19 09:57:12,577 p=33109 u=ollama n=ansible | changed: [k8s07] => changed=true 
  name: kubelet
  state: started
  status:
    ActiveEnterTimestamp: Tue 2025-08-19 13:57:11 UTC
    ActiveEnterTimestampMonotonic: '3856747600662'
    ActiveExitTimestamp: Tue 2025-08-19 13:57:11 UTC
    ActiveExitTimestampMonotonic: '3856747555789'
    ActiveState: active
    After: systemd-journald.socket sysinit.target system.slice basic.target network-online.target
    AllowIsolate: 'no'
    AssertResult: 'yes'
    AssertTimestamp: Tue 2025-08-19 13:57:11 UTC
    AssertTimestampMonotonic: '3856747585670'
    Before: multi-user.target shutdown.target
    BlockIOAccounting: 'no'
    BlockIOWeight: '[not set]'
    CPUAccounting: 'yes'
    CPUAffinityFromNUMA: 'no'
    CPUQuotaPerSecUSec: infinity
    CPUQuotaPeriodUSec: infinity
    CPUSchedulingPolicy: '0'
    CPUSchedulingPriority: '0'
    CPUSchedulingResetOnFork: 'no'
    CPUShares: '[not set]'
    CPUUsageNSec: '280537000'
    CPUWeight: '[not set]'
    CacheDirectoryMode: '0755'
    CanFreeze: 'yes'
    CanIsolate: 'no'
    CanReload: 'no'
    CanStart: 'yes'
    CanStop: 'yes'
    CapabilityBoundingSet: cap_chown cap_dac_override cap_dac_read_search cap_fowner cap_fsetid cap_kill cap_setgid cap_setuid cap_setpcap cap_linux_immutable cap_net_bind_service cap_net_broadcast cap_net_admin cap_net_raw cap_ipc_lock cap_ipc_owner cap_sys_module cap_sys_rawio cap_sys_chroot cap_sys_ptrace cap_sys_pacct cap_sys_admin cap_sys_boot cap_sys_nice cap_sys_resource cap_sys_time cap_sys_tty_config cap_mknod cap_lease cap_audit_write cap_audit_control cap_setfcap cap_mac_override cap_mac_admin cap_syslog cap_wake_alarm cap_block_suspend cap_audit_read cap_perfmon cap_bpf cap_checkpoint_restore
    CleanResult: success
    CollectMode: inactive
    ConditionResult: 'yes'
    ConditionTimestamp: Tue 2025-08-19 13:57:11 UTC
    ConditionTimestampMonotonic: '3856747585668'
    ConfigurationDirectoryMode: '0755'
    Conflicts: shutdown.target
    ControlGroup: /system.slice/kubelet.service
    ControlGroupId: '4232469'
    ControlPID: '0'
    CoredumpFilter: '0x33'
    CoredumpReceive: 'no'
    DefaultDependencies: 'yes'
    DefaultMemoryLow: '0'
    DefaultMemoryMin: '0'
    DefaultStartupMemoryLow: '0'
    Delegate: 'no'
    Description: 'kubelet: The Kubernetes Node Agent'
    DevicePolicy: auto
    Documentation: https://kubernetes.io/docs/
    DropInPaths: /usr/lib/systemd/system/kubelet.service.d/10-kubeadm.conf
    DynamicUser: 'no'
    EffectiveCPUs: 0-7
    EffectiveMemoryNodes: '0'
    Environment: '"KUBELET_KUBECONFIG_ARGS=--bootstrap-kubeconfig=/etc/kubernetes/bootstrap-kubelet.conf --kubeconfig=/etc/kubernetes/kubelet.conf" KUBELET_CONFIG_ARGS=--config=/var/lib/kubelet/config.yaml'
    EnvironmentFiles: /etc/default/kubelet (ignore_errors=yes)
    ExecMainCode: '0'
    ExecMainExitTimestampMonotonic: '0'
    ExecMainPID: '2538897'
    ExecMainStartTimestamp: Tue 2025-08-19 13:57:11 UTC
    ExecMainStartTimestampMonotonic: '3856747600444'
    ExecMainStatus: '0'
    ExecStart: '{ path=/usr/bin/kubelet ; argv[]=/usr/bin/kubelet $KUBELET_KUBECONFIG_ARGS $KUBELET_CONFIG_ARGS $KUBELET_KUBEADM_ARGS $KUBELET_EXTRA_ARGS ; ignore_errors=no ; start_time=[n/a] ; stop_time=[n/a] ; pid=0 ; code=(null) ; status=0/0 }'
    ExecStartEx: '{ path=/usr/bin/kubelet ; argv[]=/usr/bin/kubelet $KUBELET_KUBECONFIG_ARGS $KUBELET_CONFIG_ARGS $KUBELET_KUBEADM_ARGS $KUBELET_EXTRA_ARGS ; flags= ; start_time=[n/a] ; stop_time=[n/a] ; pid=0 ; code=(null) ; status=0/0 }'
    ExitType: main
    ExtensionImagePolicy: root=verity+signed+encrypted+unprotected+absent:usr=verity+signed+encrypted+unprotected+absent:home=encrypted+unprotected+absent:srv=encrypted+unprotected+absent:tmp=encrypted+unprotected+absent:var=encrypted+unprotected+absent
    FailureAction: none
    FileDescriptorStoreMax: '0'
    FileDescriptorStorePreserve: restart
    FinalKillSignal: '9'
    FragmentPath: /usr/lib/systemd/system/kubelet.service
    FreezerState: running
    GID: '[not set]'
    GuessMainPID: 'yes'
    IOAccounting: 'no'
    IOReadBytes: '[not set]'
    IOReadOperations: '[not set]'
    IOSchedulingClass: '2'
    IOSchedulingPriority: '4'
    IOWeight: '[not set]'
    IOWriteBytes: '[not set]'
    IOWriteOperations: '[not set]'
    IPAccounting: 'no'
    IPEgressBytes: '[no data]'
    IPEgressPackets: '[no data]'
    IPIngressBytes: '[no data]'
    IPIngressPackets: '[no data]'
    Id: kubelet.service
    IgnoreOnIsolate: 'no'
    IgnoreSIGPIPE: 'yes'
    InactiveEnterTimestamp: Tue 2025-08-19 13:57:11 UTC
    InactiveEnterTimestampMonotonic: '3856747585222'
    InactiveExitTimestamp: Tue 2025-08-19 13:57:11 UTC
    InactiveExitTimestampMonotonic: '3856747600662'
    InvocationID: 4046cb387ccf463187352a6c531fdec6
    JobRunningTimeoutUSec: infinity
    JobTimeoutAction: none
    JobTimeoutUSec: infinity
    KeyringMode: private
    KillMode: control-group
    KillSignal: '15'
    LimitAS: infinity
    LimitASSoft: infinity
    LimitCORE: infinity
    LimitCORESoft: '0'
    LimitCPU: infinity
    LimitCPUSoft: infinity
    LimitDATA: infinity
    LimitDATASoft: infinity
    LimitFSIZE: infinity
    LimitFSIZESoft: infinity
    LimitLOCKS: infinity
    LimitLOCKSSoft: infinity
    LimitMEMLOCK: '8388608'
    LimitMEMLOCKSoft: '8388608'
    LimitMSGQUEUE: '819200'
    LimitMSGQUEUESoft: '819200'
    LimitNICE: '0'
    LimitNICESoft: '0'
    LimitNOFILE: '524288'
    LimitNOFILESoft: '1024'
    LimitNPROC: '61975'
    LimitNPROCSoft: '61975'
    LimitRSS: infinity
    LimitRSSSoft: infinity
    LimitRTPRIO: '0'
    LimitRTPRIOSoft: '0'
    LimitRTTIME: infinity
    LimitRTTIMESoft: infinity
    LimitSIGPENDING: '61975'
    LimitSIGPENDINGSoft: '61975'
    LimitSTACK: infinity
    LimitSTACKSoft: '8388608'
    LoadState: loaded
    LockPersonality: 'no'
    LogLevelMax: '-1'
    LogRateLimitBurst: '0'
    LogRateLimitIntervalUSec: '0'
    LogsDirectoryMode: '0755'
    MainPID: '2538897'
    ManagedOOMMemoryPressure: auto
    ManagedOOMMemoryPressureLimit: '0'
    ManagedOOMPreference: none
    ManagedOOMSwap: auto
    MemoryAccounting: 'yes'
    MemoryAvailable: '14277890048'
    MemoryCurrent: '27619328'
    MemoryDenyWriteExecute: 'no'
    MemoryHigh: infinity
    MemoryKSM: 'no'
    MemoryLimit: infinity
    MemoryLow: '0'
    MemoryMax: infinity
    MemoryMin: '0'
    MemoryPeak: '28413952'
    MemoryPressureThresholdUSec: 200ms
    MemoryPressureWatch: auto
    MemorySwapCurrent: '0'
    MemorySwapMax: infinity
    MemorySwapPeak: '0'
    MemoryZSwapCurrent: '0'
    MemoryZSwapMax: infinity
    MountAPIVFS: 'no'
    MountImagePolicy: root=verity+signed+encrypted+unprotected+absent:usr=verity+signed+encrypted+unprotected+absent:home=encrypted+unprotected+absent:srv=encrypted+unprotected+absent:tmp=encrypted+unprotected+absent:var=encrypted+unprotected+absent
    NFileDescriptorStore: '0'
    NRestarts: '0'
    NUMAPolicy: n/a
    Names: kubelet.service
    NeedDaemonReload: 'no'
    Nice: '0'
    NoNewPrivileges: 'no'
    NonBlocking: 'no'
    NotifyAccess: none
    OOMPolicy: stop
    OOMScoreAdjust: '0'
    OnFailureJobMode: replace
    OnSuccessJobMode: fail
    Perpetual: 'no'
    PrivateDevices: 'no'
    PrivateIPC: 'no'
    PrivateMounts: 'no'
    PrivateNetwork: 'no'
    PrivateTmp: 'no'
    PrivateUsers: 'no'
    ProcSubset: all
    ProtectClock: 'no'
    ProtectControlGroups: 'no'
    ProtectHome: 'no'
    ProtectHostname: 'no'
    ProtectKernelLogs: 'no'
    ProtectKernelModules: 'no'
    ProtectKernelTunables: 'no'
    ProtectProc: default
    ProtectSystem: 'no'
    RefuseManualStart: 'no'
    RefuseManualStop: 'no'
    ReloadResult: success
    ReloadSignal: '1'
    RemainAfterExit: 'no'
    RemoveIPC: 'no'
    Requires: system.slice sysinit.target
    Restart: always
    RestartKillSignal: '15'
    RestartMaxDelayUSec: infinity
    RestartMode: normal
    RestartSteps: '0'
    RestartUSec: 10s
    RestartUSecNext: 10s
    RestrictNamespaces: 'no'
    RestrictRealtime: 'no'
    RestrictSUIDSGID: 'no'
    Result: success
    RootDirectoryStartOnly: 'no'
    RootEphemeral: 'no'
    RootImagePolicy: root=verity+signed+encrypted+unprotected+absent:usr=verity+signed+encrypted+unprotected+absent:home=encrypted+unprotected+absent:srv=encrypted+unprotected+absent:tmp=encrypted+unprotected+absent:var=encrypted+unprotected+absent
    RuntimeDirectoryMode: '0755'
    RuntimeDirectoryPreserve: 'no'
    RuntimeMaxUSec: infinity
    RuntimeRandomizedExtraUSec: '0'
    SameProcessGroup: 'no'
    SecureBits: '0'
    SendSIGHUP: 'no'
    SendSIGKILL: 'yes'
    SetLoginEnvironment: 'no'
    Slice: system.slice
    StandardError: inherit
    StandardInput: 'null'
    StandardOutput: journal
    StartLimitAction: none
    StartLimitBurst: '5'
    StartLimitIntervalUSec: '0'
    StartupBlockIOWeight: '[not set]'
    StartupCPUShares: '[not set]'
    StartupCPUWeight: '[not set]'
    StartupIOWeight: '[not set]'
    StartupMemoryHigh: infinity
    StartupMemoryLow: '0'
    StartupMemoryMax: infinity
    StartupMemorySwapMax: infinity
    StartupMemoryZSwapMax: infinity
    StateChangeTimestamp: Tue 2025-08-19 13:57:11 UTC
    StateChangeTimestampMonotonic: '3856747600662'
    StateDirectoryMode: '0755'
    StatusErrno: '0'
    StopWhenUnneeded: 'no'
    SubState: running
    SuccessAction: none
    SurviveFinalKillSignal: 'no'
    SyslogFacility: '3'
    SyslogLevel: '6'
    SyslogLevelPrefix: 'yes'
    SyslogPriority: '30'
    SystemCallErrorNumber: '2147483646'
    TTYReset: 'no'
    TTYVHangup: 'no'
    TTYVTDisallocate: 'no'
    TasksAccounting: 'yes'
    TasksCurrent: '15'
    TasksMax: '18592'
    TimeoutAbortUSec: 1min 30s
    TimeoutCleanUSec: infinity
    TimeoutStartFailureMode: terminate
    TimeoutStartUSec: 1min 30s
    TimeoutStopFailureMode: terminate
    TimeoutStopUSec: 1min 30s
    TimerSlackNSec: '50000'
    Transient: 'no'
    Type: simple
    UID: '[not set]'
    UMask: '0022'
    UnitFilePreset: enabled
    UnitFileState: enabled
    UtmpMode: init
    WantedBy: multi-user.target
    Wants: network-online.target
    WatchdogSignal: '6'
    WatchdogTimestampMonotonic: '0'
    WatchdogUSec: '0'
2025-08-19 09:57:17,908 p=33109 u=ollama n=ansible | TASK [Wait for kubelet to start] ***********************************************
2025-08-19 09:57:17,909 p=33109 u=ollama n=ansible | ok: [k8s07] => changed=false 
  elapsed: 5
  match_groupdict: {}
  match_groups: []
  path: null
  port: 10250
  search_regex: null
  state: started
2025-08-19 09:57:18,408 p=33109 u=ollama n=ansible | TASK [Uncordon the node] *******************************************************
2025-08-19 09:57:18,409 p=33109 u=ollama n=ansible | changed: [k8s07 -> k8s01(192.168.0.50)] => changed=true 
  cmd:
  - kubectl
  - uncordon
  - k8s07
  delta: '0:00:00.146315'
  end: '2025-08-19 13:57:17.876638'
  msg: ''
  rc: 0
  start: '2025-08-19 13:57:17.730323'
  stderr: ''
  stderr_lines: <omitted>
  stdout: node/k8s07 uncordoned
  stdout_lines: <omitted>
2025-08-19 09:57:18,771 p=33109 u=ollama n=ansible | TASK [Verify node is ready] ****************************************************
2025-08-19 09:57:18,772 p=33109 u=ollama n=ansible | changed: [k8s07 -> k8s01(192.168.0.50)] => changed=true 
  attempts: 1
  cmd:
  - kubectl
  - get
  - node
  - k8s07
  delta: '0:00:00.089785'
  end: '2025-08-19 13:57:18.243946'
  msg: ''
  rc: 0
  start: '2025-08-19 13:57:18.154161'
  stderr: ''
  stderr_lines: <omitted>
  stdout: |-
    NAME    STATUS   ROLES    AGE   VERSION
    k8s07   Ready    worker   43d   v1.32.8
  stdout_lines: <omitted>
2025-08-19 09:57:18,792 p=33109 u=ollama n=ansible | TASK [Display upgrade status] **************************************************
2025-08-19 09:57:18,792 p=33109 u=ollama n=ansible | ok: [k8s07] => 
  msg: k8s07 successfully upgraded to v1.32.8
2025-08-19 09:57:18,865 p=33109 u=ollama n=ansible | PLAY RECAP *********************************************************************
2025-08-19 09:57:18,865 p=33109 u=ollama n=ansible | k8s06                      : ok=9    changed=5    unreachable=0    failed=0    skipped=1    rescued=0    ignored=0   
2025-08-19 09:57:18,865 p=33109 u=ollama n=ansible | k8s07                      : ok=10   changed=6    unreachable=0    failed=0    skipped=0    rescued=0    ignored=0   
2025-08-19 09:57:28,345 p=35355 u=ollama n=ansible | Using /home/ollama/me/Zenitsu_mforrester-home-lab/kubernetes-upgrade/ansible.cfg as config file
2025-08-19 09:57:28,469 p=35355 u=ollama n=ansible | PLAY [Upgrade Kubernetes Worker Nodes] *****************************************
2025-08-19 09:57:28,760 p=35355 u=ollama n=ansible | TASK [Current node status] *****************************************************
2025-08-19 09:57:28,761 p=35355 u=ollama n=ansible | ok: [k8s09] => changed=false 
  cmd:
  - hostname
  delta: '0:00:00.002748'
  end: '2025-08-19 13:57:27.954914'
  msg: ''
  rc: 0
  start: '2025-08-19 13:57:27.952166'
  stderr: ''
  stderr_lines: <omitted>
  stdout: k8s09
  stdout_lines: <omitted>
2025-08-19 09:57:28,787 p=35355 u=ollama n=ansible | TASK [Display node being upgraded] *********************************************
2025-08-19 09:57:28,787 p=35355 u=ollama n=ansible | ok: [k8s09] => 
  msg: Upgrading k8s09
2025-08-19 09:57:28,853 p=35355 u=ollama n=ansible | TASK [Current node status] *****************************************************
2025-08-19 09:57:28,854 p=35355 u=ollama n=ansible | ok: [k8s08] => changed=false 
  cmd:
  - hostname
  delta: '0:00:00.002887'
  end: '2025-08-19 13:57:28.040059'
  msg: ''
  rc: 0
  start: '2025-08-19 13:57:28.037172'
  stderr: ''
  stderr_lines: <omitted>
  stdout: k8s08
  stdout_lines: <omitted>
2025-08-19 09:57:28,881 p=35355 u=ollama n=ansible | TASK [Display node being upgraded] *********************************************
2025-08-19 09:57:28,881 p=35355 u=ollama n=ansible | ok: [k8s08] => 
  msg: Upgrading k8s08
2025-08-19 09:57:32,802 p=35355 u=ollama n=ansible | TASK [Drain the node] **********************************************************
2025-08-19 09:57:32,803 p=35355 u=ollama n=ansible | changed: [k8s08 -> k8s01(192.168.0.50)] => changed=true 
  cmd:
  - kubectl
  - drain
  - k8s08
  - --ignore-daemonsets
  - --delete-emptydir-data
  - --force
  delta: '0:00:04.352929'
  end: '2025-08-19 13:57:32.705467'
  msg: ''
  rc: 0
  start: '2025-08-19 13:57:28.352538'
  stderr: |-
    Warning: ignoring DaemonSet-managed Pods: kube-system/cilium-envoy-phmnq, kube-system/cilium-pmbh9, kube-system/configure-insecure-registry-df2n9, kube-system/kata-deploy-xxhhr, kube-system/kube-multus-ds-vtzpn, kube-system/kube-proxy-2w997, kubevirt/virt-handler-pk565, longhorn-system/engine-image-ei-51cc7b9c-rrddd, longhorn-system/longhorn-csi-plugin-jwl6w, longhorn-system/longhorn-manager-pqxb9, metallb-system/speaker-xht5j
    I0819 13:57:32.099932  234541 request.go:729] Waited for 1.108597159s due to client-side throttling, not priority and fairness, request: GET:https://192.168.0.50:6443/api/v1/namespaces/cdi/pods/cdi-operator-74777bf8f9-t2975
  stderr_lines: <omitted>
  stdout: |-
    node/k8s08 cordoned
    evicting pod cdi/cdi-operator-74777bf8f9-t2975
    evicting pod metallb-system/controller-86575b897-ljrtl
    evicting pod longhorn-system/csi-attacher-86bc78dd8f-5p4xj
    evicting pod kube-system/fix-containerd-config-nhsr8
    evicting pod longhorn-system/csi-provisioner-6c54656cdf-v85dh
    evicting pod cert-manager/cert-manager-748cc679d5-zz2mf
    evicting pod longhorn-system/csi-resizer-fcb976d97-fpglx
    evicting pod cert-manager/cert-manager-cainjector-757bc57b8f-5q4fq
    evicting pod cert-manager/cert-manager-webhook-854d5d744d-hhs5z
    evicting pod longhorn-system/csi-snapshotter-6c686d96f4-zqbpx
    evicting pod longhorn-system/instance-manager-e96dfd4f1cb9d356f7cee6107e8808fc
    evicting pod default/node-debugger-k8s08-mlltc
    evicting pod default/node-debugger-k8s08-t6lxz
    evicting pod cdi/cdi-apiserver-5c78857767-tnq9z
    pod/controller-86575b897-ljrtl evicted
    pod/node-debugger-k8s08-t6lxz evicted
    pod/fix-containerd-config-nhsr8 evicted
    pod/csi-provisioner-6c54656cdf-v85dh evicted
    pod/node-debugger-k8s08-mlltc evicted
    pod/csi-snapshotter-6c686d96f4-zqbpx evicted
    pod/cert-manager-748cc679d5-zz2mf evicted
    pod/cert-manager-webhook-854d5d744d-hhs5z evicted
    pod/csi-resizer-fcb976d97-fpglx evicted
    pod/cert-manager-cainjector-757bc57b8f-5q4fq evicted
    pod/cdi-operator-74777bf8f9-t2975 evicted
    pod/csi-attacher-86bc78dd8f-5p4xj evicted
    pod/instance-manager-e96dfd4f1cb9d356f7cee6107e8808fc evicted
    pod/cdi-apiserver-5c78857767-tnq9z evicted
    node/k8s08 drained
  stdout_lines: <omitted>
2025-08-19 09:58:17,490 p=35355 u=ollama n=ansible | TASK [Upgrade kubeadm] *********************************************************
2025-08-19 09:58:17,490 p=35355 u=ollama n=ansible | changed: [k8s08] => changed=true 
  cache_update_time: 1755611456
  cache_updated: false
  stderr: |-
    debconf: delaying package configuration, since apt-utils is not installed
  
    The processor microcode seems to be up-to-date.
  
    Restarting services...
  
    Service restarts being deferred:
     /etc/needrestart/restart.d/dbus.service
     systemctl restart systemd-logind.service
     systemctl restart unattended-upgrades.service
     systemctl restart wpa_supplicant.service
  
    No containers need to be restarted.
  
    User sessions running outdated binaries:
     mmajere @ session #1: login[1023]
     mmajere @ user manager service: systemd[1169]
  
    No VM guests are running outdated hypervisor (qemu) binaries on this host.
  stderr_lines: <omitted>
  stdout: |-
    Reading package lists...
    Building dependency tree...
    Reading state information...
    The following held packages will be changed:
      kubeadm
    The following packages will be upgraded:
      kubeadm
    1 upgraded, 0 newly installed, 0 to remove and 64 not upgraded.
    Need to get 12.2 MB of archives.
    After this operation, 12.2 MB of additional disk space will be used.
    Get:1 https://prod-cdn.packages.k8s.io/repositories/isv:/kubernetes:/core:/stable:/v1.32/deb  kubeadm 1.32.8-1.1 [12.2 MB]
    Fetched 12.2 MB in 20s (595 kB/s)
    (Reading database ... (Reading database ... 5%(Reading database ... 10%(Reading database ... 15%(Reading database ... 20%(Reading database ... 25%(Reading database ... 30%(Reading database ... 35%(Reading database ... 40%(Reading database ... 45%(Reading database ... 50%(Reading database ... 55%(Reading database ... 60%(Reading database ... 65%(Reading database ... 70%(Reading database ... 75%(Reading database ... 80%(Reading database ... 85%(Reading database ... 90%(Reading database ... 95%(Reading database ... 100%(Reading database ... 113594 files and directories currently installed.)
    Preparing to unpack .../kubeadm_1.32.8-1.1_amd64.deb ...
    Unpacking kubeadm (1.32.8-1.1) over (1.31.10-1.1) ...
    Setting up kubeadm (1.32.8-1.1) ...
  stdout_lines: <omitted>
2025-08-19 09:58:17,747 p=35355 u=ollama n=ansible | TASK [Upgrade node configuration] **********************************************
2025-08-19 09:58:17,748 p=35355 u=ollama n=ansible | changed: [k8s08] => changed=true 
  cmd:
  - kubeadm
  - upgrade
  - node
  delta: '0:00:00.057918'
  end: '2025-08-19 13:58:17.228552'
  msg: ''
  rc: 0
  start: '2025-08-19 13:58:17.170634'
  stderr: W0819 13:58:17.220468 3436269 postupgrade.go:117] Using temporary directory /etc/kubernetes/tmp/kubeadm-kubelet-config461067065 for kubelet config. To override it set the environment variable KUBEADM_UPGRADE_DRYRUN_DIR
  stderr_lines: <omitted>
  stdout: |-
    [upgrade] Reading configuration from the "kubeadm-config" ConfigMap in namespace "kube-system"...
    [upgrade] Use 'kubeadm init phase upload-config --config your-config.yaml' to re-upload it.
    [upgrade/preflight] Running pre-flight checks
    [upgrade/preflight] Skipping prepull. Not a control plane node.
    [upgrade/control-plane] Skipping phase. Not a control plane node.
    [upgrade/kubeconfig] Skipping phase. Not a control plane node.
    [upgrade] Backing up kubelet config file to /etc/kubernetes/tmp/kubeadm-kubelet-config461067065/config.yaml
    [kubelet-start] Writing kubelet configuration to file "/var/lib/kubelet/config.yaml"
    [upgrade/kubelet-config] The kubelet configuration for this node was successfully upgraded!
    [upgrade/addon] Skipping the addon/coredns phase. Not a control plane node.
    [upgrade/addon] Skipping the addon/kube-proxy phase. Not a control plane node.
  stdout_lines: <omitted>
2025-08-19 09:58:43,049 p=35355 u=ollama n=ansible | TASK [Upgrade kubelet and kubectl] *********************************************
2025-08-19 09:58:43,050 p=35355 u=ollama n=ansible | changed: [k8s08] => changed=true 
  cache_update_time: 1755611456
  cache_updated: false
  stderr: |-
    debconf: delaying package configuration, since apt-utils is not installed
  
    The processor microcode seems to be up-to-date.
  
    Restarting services...
     systemctl restart kubelet.service
  
    Service restarts being deferred:
     /etc/needrestart/restart.d/dbus.service
     systemctl restart systemd-logind.service
     systemctl restart unattended-upgrades.service
     systemctl restart wpa_supplicant.service
  
    No containers need to be restarted.
  
    User sessions running outdated binaries:
     mmajere @ session #1: login[1023]
     mmajere @ user manager service: systemd[1169]
  
    No VM guests are running outdated hypervisor (qemu) binaries on this host.
  stderr_lines: <omitted>
  stdout: |-
    Reading package lists...
    Building dependency tree...
    Reading state information...
    The following held packages will be changed:
      kubectl kubelet
    The following packages will be upgraded:
      kubectl kubelet
    2 upgraded, 0 newly installed, 0 to remove and 62 not upgraded.
    Need to get 26.4 MB of archives.
    After this operation, 541 kB of additional disk space will be used.
    Get:1 https://prod-cdn.packages.k8s.io/repositories/isv:/kubernetes:/core:/stable:/v1.32/deb  kubectl 1.32.8-1.1 [11.3 MB]
    Get:2 https://prod-cdn.packages.k8s.io/repositories/isv:/kubernetes:/core:/stable:/v1.32/deb  kubelet 1.32.8-1.1 [15.2 MB]
    Fetched 26.4 MB in 21s (1284 kB/s)
    (Reading database ... (Reading database ... 5%(Reading database ... 10%(Reading database ... 15%(Reading database ... 20%(Reading database ... 25%(Reading database ... 30%(Reading database ... 35%(Reading database ... 40%(Reading database ... 45%(Reading database ... 50%(Reading database ... 55%(Reading database ... 60%(Reading database ... 65%(Reading database ... 70%(Reading database ... 75%(Reading database ... 80%(Reading database ... 85%(Reading database ... 90%(Reading database ... 95%(Reading database ... 100%(Reading database ... 113594 files and directories currently installed.)
    Preparing to unpack .../kubectl_1.32.8-1.1_amd64.deb ...
    Unpacking kubectl (1.32.8-1.1) over (1.31.10-1.1) ...
    Preparing to unpack .../kubelet_1.32.8-1.1_amd64.deb ...
    Unpacking kubelet (1.32.8-1.1) over (1.31.10-1.1) ...
    Setting up kubectl (1.32.8-1.1) ...
    Setting up kubelet (1.32.8-1.1) ...
  stdout_lines: <omitted>
2025-08-19 09:58:44,033 p=35355 u=ollama n=ansible | TASK [Restart kubelet] *********************************************************
2025-08-19 09:58:44,035 p=35355 u=ollama n=ansible | changed: [k8s08] => changed=true 
  name: kubelet
  state: started
  status:
    ActiveEnterTimestamp: Tue 2025-08-19 13:58:42 UTC
    ActiveEnterTimestampMonotonic: '3854569232454'
    ActiveExitTimestamp: Tue 2025-08-19 13:58:42 UTC
    ActiveExitTimestampMonotonic: '3854569166421'
    ActiveState: active
    After: basic.target sysinit.target system.slice systemd-journald.socket network-online.target
    AllowIsolate: 'no'
    AssertResult: 'yes'
    AssertTimestamp: Tue 2025-08-19 13:58:42 UTC
    AssertTimestampMonotonic: '3854569217397'
    Before: shutdown.target multi-user.target
    BlockIOAccounting: 'no'
    BlockIOWeight: '[not set]'
    CPUAccounting: 'yes'
    CPUAffinityFromNUMA: 'no'
    CPUQuotaPerSecUSec: infinity
    CPUQuotaPeriodUSec: infinity
    CPUSchedulingPolicy: '0'
    CPUSchedulingPriority: '0'
    CPUSchedulingResetOnFork: 'no'
    CPUShares: '[not set]'
    CPUUsageNSec: '402461000'
    CPUWeight: '[not set]'
    CacheDirectoryMode: '0755'
    CanFreeze: 'yes'
    CanIsolate: 'no'
    CanReload: 'no'
    CanStart: 'yes'
    CanStop: 'yes'
    CapabilityBoundingSet: cap_chown cap_dac_override cap_dac_read_search cap_fowner cap_fsetid cap_kill cap_setgid cap_setuid cap_setpcap cap_linux_immutable cap_net_bind_service cap_net_broadcast cap_net_admin cap_net_raw cap_ipc_lock cap_ipc_owner cap_sys_module cap_sys_rawio cap_sys_chroot cap_sys_ptrace cap_sys_pacct cap_sys_admin cap_sys_boot cap_sys_nice cap_sys_resource cap_sys_time cap_sys_tty_config cap_mknod cap_lease cap_audit_write cap_audit_control cap_setfcap cap_mac_override cap_mac_admin cap_syslog cap_wake_alarm cap_block_suspend cap_audit_read cap_perfmon cap_bpf cap_checkpoint_restore
    CleanResult: success
    CollectMode: inactive
    ConditionResult: 'yes'
    ConditionTimestamp: Tue 2025-08-19 13:58:42 UTC
    ConditionTimestampMonotonic: '3854569217394'
    ConfigurationDirectoryMode: '0755'
    Conflicts: shutdown.target
    ControlGroup: /system.slice/kubelet.service
    ControlGroupId: '702910'
    ControlPID: '0'
    CoredumpFilter: '0x33'
    CoredumpReceive: 'no'
    DefaultDependencies: 'yes'
    DefaultMemoryLow: '0'
    DefaultMemoryMin: '0'
    DefaultStartupMemoryLow: '0'
    Delegate: 'no'
    Description: 'kubelet: The Kubernetes Node Agent'
    DevicePolicy: auto
    Documentation: https://kubernetes.io/docs/
    DropInPaths: /usr/lib/systemd/system/kubelet.service.d/10-kubeadm.conf
    DynamicUser: 'no'
    EffectiveCPUs: 0-3
    EffectiveMemoryNodes: '0'
    Environment: '"KUBELET_KUBECONFIG_ARGS=--bootstrap-kubeconfig=/etc/kubernetes/bootstrap-kubelet.conf --kubeconfig=/etc/kubernetes/kubelet.conf" KUBELET_CONFIG_ARGS=--config=/var/lib/kubelet/config.yaml'
    EnvironmentFiles: /etc/default/kubelet (ignore_errors=yes)
    ExecMainCode: '0'
    ExecMainExitTimestampMonotonic: '0'
    ExecMainPID: '3437032'
    ExecMainStartTimestamp: Tue 2025-08-19 13:58:42 UTC
    ExecMainStartTimestampMonotonic: '3854569232181'
    ExecMainStatus: '0'
    ExecStart: '{ path=/usr/bin/kubelet ; argv[]=/usr/bin/kubelet $KUBELET_KUBECONFIG_ARGS $KUBELET_CONFIG_ARGS $KUBELET_KUBEADM_ARGS $KUBELET_EXTRA_ARGS ; ignore_errors=no ; start_time=[n/a] ; stop_time=[n/a] ; pid=0 ; code=(null) ; status=0/0 }'
    ExecStartEx: '{ path=/usr/bin/kubelet ; argv[]=/usr/bin/kubelet $KUBELET_KUBECONFIG_ARGS $KUBELET_CONFIG_ARGS $KUBELET_KUBEADM_ARGS $KUBELET_EXTRA_ARGS ; flags= ; start_time=[n/a] ; stop_time=[n/a] ; pid=0 ; code=(null) ; status=0/0 }'
    ExitType: main
    ExtensionImagePolicy: root=verity+signed+encrypted+unprotected+absent:usr=verity+signed+encrypted+unprotected+absent:home=encrypted+unprotected+absent:srv=encrypted+unprotected+absent:tmp=encrypted+unprotected+absent:var=encrypted+unprotected+absent
    FailureAction: none
    FileDescriptorStoreMax: '0'
    FileDescriptorStorePreserve: restart
    FinalKillSignal: '9'
    FragmentPath: /usr/lib/systemd/system/kubelet.service
    FreezerState: running
    GID: '[not set]'
    GuessMainPID: 'yes'
    IOAccounting: 'no'
    IOReadBytes: '[not set]'
    IOReadOperations: '[not set]'
    IOSchedulingClass: '2'
    IOSchedulingPriority: '4'
    IOWeight: '[not set]'
    IOWriteBytes: '[not set]'
    IOWriteOperations: '[not set]'
    IPAccounting: 'no'
    IPEgressBytes: '[no data]'
    IPEgressPackets: '[no data]'
    IPIngressBytes: '[no data]'
    IPIngressPackets: '[no data]'
    Id: kubelet.service
    IgnoreOnIsolate: 'no'
    IgnoreSIGPIPE: 'yes'
    InactiveEnterTimestamp: Tue 2025-08-19 13:58:42 UTC
    InactiveEnterTimestampMonotonic: '3854569215860'
    InactiveExitTimestamp: Tue 2025-08-19 13:58:42 UTC
    InactiveExitTimestampMonotonic: '3854569232454'
    InvocationID: 60562641ebdd471ca95ee808b7941a3d
    JobRunningTimeoutUSec: infinity
    JobTimeoutAction: none
    JobTimeoutUSec: infinity
    KeyringMode: private
    KillMode: control-group
    KillSignal: '15'
    LimitAS: infinity
    LimitASSoft: infinity
    LimitCORE: infinity
    LimitCORESoft: '0'
    LimitCPU: infinity
    LimitCPUSoft: infinity
    LimitDATA: infinity
    LimitDATASoft: infinity
    LimitFSIZE: infinity
    LimitFSIZESoft: infinity
    LimitLOCKS: infinity
    LimitLOCKSSoft: infinity
    LimitMEMLOCK: '8388608'
    LimitMEMLOCKSoft: '8388608'
    LimitMSGQUEUE: '819200'
    LimitMSGQUEUESoft: '819200'
    LimitNICE: '0'
    LimitNICESoft: '0'
    LimitNOFILE: '524288'
    LimitNOFILESoft: '1024'
    LimitNPROC: '62969'
    LimitNPROCSoft: '62969'
    LimitRSS: infinity
    LimitRSSSoft: infinity
    LimitRTPRIO: '0'
    LimitRTPRIOSoft: '0'
    LimitRTTIME: infinity
    LimitRTTIMESoft: infinity
    LimitSIGPENDING: '62969'
    LimitSIGPENDINGSoft: '62969'
    LimitSTACK: infinity
    LimitSTACKSoft: '8388608'
    LoadState: loaded
    LockPersonality: 'no'
    LogLevelMax: '-1'
    LogRateLimitBurst: '0'
    LogRateLimitIntervalUSec: '0'
    LogsDirectoryMode: '0755'
    MainPID: '3437032'
    ManagedOOMMemoryPressure: auto
    ManagedOOMMemoryPressureLimit: '0'
    ManagedOOMPreference: none
    ManagedOOMSwap: auto
    MemoryAccounting: 'yes'
    MemoryAvailable: '15021252608'
    MemoryCurrent: '28495872'
    MemoryDenyWriteExecute: 'no'
    MemoryHigh: infinity
    MemoryKSM: 'no'
    MemoryLimit: infinity
    MemoryLow: '0'
    MemoryMax: infinity
    MemoryMin: '0'
    MemoryPeak: '29200384'
    MemoryPressureThresholdUSec: 200ms
    MemoryPressureWatch: auto
    MemorySwapCurrent: '0'
    MemorySwapMax: infinity
    MemorySwapPeak: '0'
    MemoryZSwapCurrent: '0'
    MemoryZSwapMax: infinity
    MountAPIVFS: 'no'
    MountImagePolicy: root=verity+signed+encrypted+unprotected+absent:usr=verity+signed+encrypted+unprotected+absent:home=encrypted+unprotected+absent:srv=encrypted+unprotected+absent:tmp=encrypted+unprotected+absent:var=encrypted+unprotected+absent
    NFileDescriptorStore: '0'
    NRestarts: '0'
    NUMAPolicy: n/a
    Names: kubelet.service
    NeedDaemonReload: 'no'
    Nice: '0'
    NoNewPrivileges: 'no'
    NonBlocking: 'no'
    NotifyAccess: none
    OOMPolicy: stop
    OOMScoreAdjust: '0'
    OnFailureJobMode: replace
    OnSuccessJobMode: fail
    Perpetual: 'no'
    PrivateDevices: 'no'
    PrivateIPC: 'no'
    PrivateMounts: 'no'
    PrivateNetwork: 'no'
    PrivateTmp: 'no'
    PrivateUsers: 'no'
    ProcSubset: all
    ProtectClock: 'no'
    ProtectControlGroups: 'no'
    ProtectHome: 'no'
    ProtectHostname: 'no'
    ProtectKernelLogs: 'no'
    ProtectKernelModules: 'no'
    ProtectKernelTunables: 'no'
    ProtectProc: default
    ProtectSystem: 'no'
    RefuseManualStart: 'no'
    RefuseManualStop: 'no'
    ReloadResult: success
    ReloadSignal: '1'
    RemainAfterExit: 'no'
    RemoveIPC: 'no'
    Requires: sysinit.target system.slice
    Restart: always
    RestartKillSignal: '15'
    RestartMaxDelayUSec: infinity
    RestartMode: normal
    RestartSteps: '0'
    RestartUSec: 10s
    RestartUSecNext: 10s
    RestrictNamespaces: 'no'
    RestrictRealtime: 'no'
    RestrictSUIDSGID: 'no'
    Result: success
    RootDirectoryStartOnly: 'no'
    RootEphemeral: 'no'
    RootImagePolicy: root=verity+signed+encrypted+unprotected+absent:usr=verity+signed+encrypted+unprotected+absent:home=encrypted+unprotected+absent:srv=encrypted+unprotected+absent:tmp=encrypted+unprotected+absent:var=encrypted+unprotected+absent
    RuntimeDirectoryMode: '0755'
    RuntimeDirectoryPreserve: 'no'
    RuntimeMaxUSec: infinity
    RuntimeRandomizedExtraUSec: '0'
    SameProcessGroup: 'no'
    SecureBits: '0'
    SendSIGHUP: 'no'
    SendSIGKILL: 'yes'
    SetLoginEnvironment: 'no'
    Slice: system.slice
    StandardError: inherit
    StandardInput: 'null'
    StandardOutput: journal
    StartLimitAction: none
    StartLimitBurst: '5'
    StartLimitIntervalUSec: '0'
    StartupBlockIOWeight: '[not set]'
    StartupCPUShares: '[not set]'
    StartupCPUWeight: '[not set]'
    StartupIOWeight: '[not set]'
    StartupMemoryHigh: infinity
    StartupMemoryLow: '0'
    StartupMemoryMax: infinity
    StartupMemorySwapMax: infinity
    StartupMemoryZSwapMax: infinity
    StateChangeTimestamp: Tue 2025-08-19 13:58:42 UTC
    StateChangeTimestampMonotonic: '3854569232454'
    StateDirectoryMode: '0755'
    StatusErrno: '0'
    StopWhenUnneeded: 'no'
    SubState: running
    SuccessAction: none
    SurviveFinalKillSignal: 'no'
    SyslogFacility: '3'
    SyslogLevel: '6'
    SyslogLevelPrefix: 'yes'
    SyslogPriority: '30'
    SystemCallErrorNumber: '2147483646'
    TTYReset: 'no'
    TTYVHangup: 'no'
    TTYVTDisallocate: 'no'
    TasksAccounting: 'yes'
    TasksCurrent: '13'
    TasksMax: '18890'
    TimeoutAbortUSec: 1min 30s
    TimeoutCleanUSec: infinity
    TimeoutStartFailureMode: terminate
    TimeoutStartUSec: 1min 30s
    TimeoutStopFailureMode: terminate
    TimeoutStopUSec: 1min 30s
    TimerSlackNSec: '50000'
    Transient: 'no'
    Type: simple
    UID: '[not set]'
    UMask: '0022'
    UnitFilePreset: enabled
    UnitFileState: enabled
    UtmpMode: init
    WantedBy: multi-user.target
    Wants: network-online.target
    WatchdogSignal: '6'
    WatchdogTimestampMonotonic: '0'
    WatchdogUSec: '0'
2025-08-19 09:58:49,495 p=35355 u=ollama n=ansible | TASK [Wait for kubelet to start] ***********************************************
2025-08-19 09:58:49,495 p=35355 u=ollama n=ansible | ok: [k8s08] => changed=false 
  elapsed: 5
  match_groupdict: {}
  match_groups: []
  path: null
  port: 10250
  search_regex: null
  state: started
2025-08-19 09:58:49,909 p=35355 u=ollama n=ansible | TASK [Uncordon the node] *******************************************************
2025-08-19 09:58:49,910 p=35355 u=ollama n=ansible | changed: [k8s08 -> k8s01(192.168.0.50)] => changed=true 
  cmd:
  - kubectl
  - uncordon
  - k8s08
  delta: '0:00:00.125329'
  end: '2025-08-19 13:58:49.266364'
  msg: ''
  rc: 0
  start: '2025-08-19 13:58:49.141035'
  stderr: ''
  stderr_lines: <omitted>
  stdout: node/k8s08 uncordoned
  stdout_lines: <omitted>
2025-08-19 09:58:50,296 p=35355 u=ollama n=ansible | TASK [Verify node is ready] ****************************************************
2025-08-19 09:58:50,297 p=35355 u=ollama n=ansible | changed: [k8s08 -> k8s01(192.168.0.50)] => changed=true 
  attempts: 1
  cmd:
  - kubectl
  - get
  - node
  - k8s08
  delta: '0:00:00.090187'
  end: '2025-08-19 13:58:49.665268'
  msg: ''
  rc: 0
  start: '2025-08-19 13:58:49.575081'
  stderr: ''
  stderr_lines: <omitted>
  stdout: |-
    NAME    STATUS   ROLES    AGE   VERSION
    k8s08   Ready    worker   43d   v1.32.8
  stdout_lines: <omitted>
2025-08-19 09:58:50,319 p=35355 u=ollama n=ansible | TASK [Display upgrade status] **************************************************
2025-08-19 09:58:50,320 p=35355 u=ollama n=ansible | ok: [k8s08] => 
  msg: k8s08 successfully upgraded to v1.32.8
2025-08-19 10:02:26,965 p=43385 u=ollama n=ansible | Using /home/ollama/me/Zenitsu_mforrester-home-lab/kubernetes-upgrade/ansible.cfg as config file
2025-08-19 10:02:27,595 p=43385 u=ollama n=ansible | k8s01 | CHANGED | rc=0 >>
k8s01 v1.32.8
k8s02 v1.32.8
k8s03 v1.32.8
k8s04 v1.32.8
k8s05 v1.32.8
k8s06 v1.32.8
k8s07 v1.32.8
k8s08 v1.32.8
k8s09 v1.31.10

2025-08-19 10:02:34,631 p=43726 u=ollama n=ansible | Using /home/ollama/me/Zenitsu_mforrester-home-lab/kubernetes-upgrade/ansible.cfg as config file
2025-08-19 10:02:34,809 p=43726 u=ollama n=ansible | PLAY [Upgrade Kubernetes Worker Nodes] *****************************************
2025-08-19 10:02:35,125 p=43726 u=ollama n=ansible | TASK [Current node status] *****************************************************
2025-08-19 10:02:35,126 p=43726 u=ollama n=ansible | ok: [k8s09] => changed=false 
  cmd:
  - hostname
  delta: '0:00:00.002430'
  end: '2025-08-19 14:02:34.740226'
  msg: ''
  rc: 0
  start: '2025-08-19 14:02:34.737796'
  stderr: ''
  stderr_lines: <omitted>
  stdout: k8s09
  stdout_lines: <omitted>
2025-08-19 10:02:35,154 p=43726 u=ollama n=ansible | TASK [Display node being upgraded] *********************************************
2025-08-19 10:02:35,155 p=43726 u=ollama n=ansible | ok: [k8s09] => 
  msg: Upgrading k8s09
2025-08-19 10:07:52,260 p=52818 u=ollama n=ansible | Using /home/ollama/me/Zenitsu_mforrester-home-lab/kubernetes-upgrade/ansible.cfg as config file
2025-08-19 10:07:52,434 p=52818 u=ollama n=ansible | PLAY [Upgrade k8s09 Worker Node] ***********************************************
2025-08-19 10:08:05,354 p=52818 u=ollama n=ansible | TASK [Gathering Facts] *********************************************************
2025-08-19 10:08:05,354 p=52818 u=ollama n=ansible | ok: [k8s09]
2025-08-19 10:08:05,401 p=52818 u=ollama n=ansible | TASK [Display current status] **************************************************
2025-08-19 10:08:05,401 p=52818 u=ollama n=ansible | ok: [k8s09] => 
  msg: Starting upgrade of k8s09
2025-08-19 10:08:47,874 p=52818 u=ollama n=ansible | TASK [Upgrade kubeadm] *********************************************************
2025-08-19 10:08:47,875 p=52818 u=ollama n=ansible | changed: [k8s09] => changed=true 
  cache_update_time: 1755611455
  cache_updated: false
  stderr: |-
    debconf: delaying package configuration, since apt-utils is not installed
  
    The processor microcode seems to be up-to-date.
  
    Restarting services...
  
    Service restarts being deferred:
     /etc/needrestart/restart.d/dbus.service
     systemctl restart getty@tty1.service
     systemctl restart getty@tty6.service
     systemctl restart systemd-logind.service
     systemctl restart unattended-upgrades.service
     systemctl restart wpa_supplicant.service
  
    No containers need to be restarted.
  
    No user sessions are running outdated binaries.
  
    No VM guests are running outdated hypervisor (qemu) binaries on this host.
  stderr_lines: <omitted>
  stdout: |-
    Reading package lists...
    Building dependency tree...
    Reading state information...
    The following held packages will be changed:
      kubeadm
    The following packages will be upgraded:
      kubeadm
    1 upgraded, 0 newly installed, 0 to remove and 83 not upgraded.
    Need to get 12.2 MB of archives.
    After this operation, 12.2 MB of additional disk space will be used.
    Get:1 https://prod-cdn.packages.k8s.io/repositories/isv:/kubernetes:/core:/stable:/v1.32/deb  kubeadm 1.32.8-1.1 [12.2 MB]
    Fetched 12.2 MB in 20s (600 kB/s)
    (Reading database ... (Reading database ... 5%(Reading database ... 10%(Reading database ... 15%(Reading database ... 20%(Reading database ... 25%(Reading database ... 30%(Reading database ... 35%(Reading database ... 40%(Reading database ... 45%(Reading database ... 50%(Reading database ... 55%(Reading database ... 60%(Reading database ... 65%(Reading database ... 70%(Reading database ... 75%(Reading database ... 80%(Reading database ... 85%(Reading database ... 90%(Reading database ... 95%(Reading database ... 100%(Reading database ... 115620 files and directories currently installed.)
    Preparing to unpack .../kubeadm_1.32.8-1.1_amd64.deb ...
    Unpacking kubeadm (1.32.8-1.1) over (1.31.10-1.1) ...
    Setting up kubeadm (1.32.8-1.1) ...
  stdout_lines: <omitted>
2025-08-19 10:08:48,154 p=52818 u=ollama n=ansible | TASK [Upgrade node configuration] **********************************************
2025-08-19 10:08:48,155 p=52818 u=ollama n=ansible | changed: [k8s09] => changed=true 
  cmd:
  - kubeadm
  - upgrade
  - node
  delta: '0:00:00.046639'
  end: '2025-08-19 14:08:47.940125'
  msg: ''
  rc: 0
  start: '2025-08-19 14:08:47.893486'
  stderr: W0819 14:08:47.931863 3104249 postupgrade.go:117] Using temporary directory /etc/kubernetes/tmp/kubeadm-kubelet-config3094995228 for kubelet config. To override it set the environment variable KUBEADM_UPGRADE_DRYRUN_DIR
  stderr_lines: <omitted>
  stdout: |-
    [upgrade] Reading configuration from the "kubeadm-config" ConfigMap in namespace "kube-system"...
    [upgrade] Use 'kubeadm init phase upload-config --config your-config.yaml' to re-upload it.
    [upgrade/preflight] Running pre-flight checks
    [upgrade/preflight] Skipping prepull. Not a control plane node.
    [upgrade/control-plane] Skipping phase. Not a control plane node.
    [upgrade/kubeconfig] Skipping phase. Not a control plane node.
    [upgrade] Backing up kubelet config file to /etc/kubernetes/tmp/kubeadm-kubelet-config3094995228/config.yaml
    [kubelet-start] Writing kubelet configuration to file "/var/lib/kubelet/config.yaml"
    [upgrade/kubelet-config] The kubelet configuration for this node was successfully upgraded!
    [upgrade/addon] Skipping the addon/coredns phase. Not a control plane node.
    [upgrade/addon] Skipping the addon/kube-proxy phase. Not a control plane node.
  stdout_lines: <omitted>
2025-08-19 10:09:11,543 p=52818 u=ollama n=ansible | TASK [Upgrade kubelet and kubectl] *********************************************
2025-08-19 10:09:11,544 p=52818 u=ollama n=ansible | changed: [k8s09] => changed=true 
  cache_update_time: 1755611455
  cache_updated: false
  stderr: |-
    debconf: delaying package configuration, since apt-utils is not installed
  
    The processor microcode seems to be up-to-date.
  
    Restarting services...
     systemctl restart kubelet.service
  
    Service restarts being deferred:
     /etc/needrestart/restart.d/dbus.service
     systemctl restart getty@tty1.service
     systemctl restart getty@tty6.service
     systemctl restart systemd-logind.service
     systemctl restart unattended-upgrades.service
     systemctl restart wpa_supplicant.service
  
    No containers need to be restarted.
  
    No user sessions are running outdated binaries.
  
    No VM guests are running outdated hypervisor (qemu) binaries on this host.
  stderr_lines: <omitted>
  stdout: |-
    Reading package lists...
    Building dependency tree...
    Reading state information...
    The following held packages will be changed:
      kubectl kubelet
    The following packages will be upgraded:
      kubectl kubelet
    2 upgraded, 0 newly installed, 0 to remove and 81 not upgraded.
    Need to get 26.4 MB of archives.
    After this operation, 541 kB of additional disk space will be used.
    Get:1 https://prod-cdn.packages.k8s.io/repositories/isv:/kubernetes:/core:/stable:/v1.32/deb  kubectl 1.32.8-1.1 [11.3 MB]
    Get:2 https://prod-cdn.packages.k8s.io/repositories/isv:/kubernetes:/core:/stable:/v1.32/deb  kubelet 1.32.8-1.1 [15.2 MB]
    Fetched 26.4 MB in 20s (1292 kB/s)
    (Reading database ... (Reading database ... 5%(Reading database ... 10%(Reading database ... 15%(Reading database ... 20%(Reading database ... 25%(Reading database ... 30%(Reading database ... 35%(Reading database ... 40%(Reading database ... 45%(Reading database ... 50%(Reading database ... 55%(Reading database ... 60%(Reading database ... 65%(Reading database ... 70%(Reading database ... 75%(Reading database ... 80%(Reading database ... 85%(Reading database ... 90%(Reading database ... 95%(Reading database ... 100%(Reading database ... 115620 files and directories currently installed.)
    Preparing to unpack .../kubectl_1.32.8-1.1_amd64.deb ...
    Unpacking kubectl (1.32.8-1.1) over (1.31.10-1.1) ...
    Preparing to unpack .../kubelet_1.32.8-1.1_amd64.deb ...
    Unpacking kubelet (1.32.8-1.1) over (1.31.10-1.1) ...
    Setting up kubectl (1.32.8-1.1) ...
    Setting up kubelet (1.32.8-1.1) ...
  stdout_lines: <omitted>
2025-08-19 10:09:12,384 p=52818 u=ollama n=ansible | TASK [Restart kubelet] *********************************************************
2025-08-19 10:09:12,387 p=52818 u=ollama n=ansible | changed: [k8s09] => changed=true 
  name: kubelet
  state: started
  status:
    ActiveEnterTimestamp: Tue 2025-08-19 14:09:11 UTC
    ActiveEnterTimestampMonotonic: '3854472378425'
    ActiveExitTimestamp: Tue 2025-08-19 14:09:11 UTC
    ActiveExitTimestampMonotonic: '3854472317235'
    ActiveState: active
    After: systemd-journald.socket network-online.target sysinit.target system.slice basic.target
    AllowIsolate: 'no'
    AssertResult: 'yes'
    AssertTimestamp: Tue 2025-08-19 14:09:11 UTC
    AssertTimestampMonotonic: '3854472357848'
    Before: multi-user.target shutdown.target
    BlockIOAccounting: 'no'
    BlockIOWeight: '[not set]'
    CPUAccounting: 'yes'
    CPUAffinityFromNUMA: 'no'
    CPUQuotaPerSecUSec: infinity
    CPUQuotaPeriodUSec: infinity
    CPUSchedulingPolicy: '0'
    CPUSchedulingPriority: '0'
    CPUSchedulingResetOnFork: 'no'
    CPUShares: '[not set]'
    CPUUsageNSec: '314947000'
    CPUWeight: '[not set]'
    CacheDirectoryMode: '0755'
    CanFreeze: 'yes'
    CanIsolate: 'no'
    CanReload: 'no'
    CanStart: 'yes'
    CanStop: 'yes'
    CapabilityBoundingSet: cap_chown cap_dac_override cap_dac_read_search cap_fowner cap_fsetid cap_kill cap_setgid cap_setuid cap_setpcap cap_linux_immutable cap_net_bind_service cap_net_broadcast cap_net_admin cap_net_raw cap_ipc_lock cap_ipc_owner cap_sys_module cap_sys_rawio cap_sys_chroot cap_sys_ptrace cap_sys_pacct cap_sys_admin cap_sys_boot cap_sys_nice cap_sys_resource cap_sys_time cap_sys_tty_config cap_mknod cap_lease cap_audit_write cap_audit_control cap_setfcap cap_mac_override cap_mac_admin cap_syslog cap_wake_alarm cap_block_suspend cap_audit_read cap_perfmon cap_bpf cap_checkpoint_restore
    CleanResult: success
    CollectMode: inactive
    ConditionResult: 'yes'
    ConditionTimestamp: Tue 2025-08-19 14:09:11 UTC
    ConditionTimestampMonotonic: '3854472357847'
    ConfigurationDirectoryMode: '0755'
    Conflicts: shutdown.target
    ControlGroup: /system.slice/kubelet.service
    ControlGroupId: '1469517'
    ControlPID: '0'
    CoredumpFilter: '0x33'
    CoredumpReceive: 'no'
    DefaultDependencies: 'yes'
    DefaultMemoryLow: '0'
    DefaultMemoryMin: '0'
    DefaultStartupMemoryLow: '0'
    Delegate: 'no'
    Description: 'kubelet: The Kubernetes Node Agent'
    DevicePolicy: auto
    Documentation: https://kubernetes.io/docs/
    DropInPaths: /usr/lib/systemd/system/kubelet.service.d/10-kubeadm.conf
    DynamicUser: 'no'
    EffectiveCPUs: 0-11
    EffectiveMemoryNodes: '0'
    Environment: '"KUBELET_KUBECONFIG_ARGS=--bootstrap-kubeconfig=/etc/kubernetes/bootstrap-kubelet.conf --kubeconfig=/etc/kubernetes/kubelet.conf" KUBELET_CONFIG_ARGS=--config=/var/lib/kubelet/config.yaml'
    EnvironmentFiles: /etc/default/kubelet (ignore_errors=yes)
    ExecMainCode: '0'
    ExecMainExitTimestampMonotonic: '0'
    ExecMainPID: '3104864'
    ExecMainStartTimestamp: Tue 2025-08-19 14:09:11 UTC
    ExecMainStartTimestampMonotonic: '3854472378074'
    ExecMainStatus: '0'
    ExecStart: '{ path=/usr/bin/kubelet ; argv[]=/usr/bin/kubelet $KUBELET_KUBECONFIG_ARGS $KUBELET_CONFIG_ARGS $KUBELET_KUBEADM_ARGS $KUBELET_EXTRA_ARGS ; ignore_errors=no ; start_time=[n/a] ; stop_time=[n/a] ; pid=0 ; code=(null) ; status=0/0 }'
    ExecStartEx: '{ path=/usr/bin/kubelet ; argv[]=/usr/bin/kubelet $KUBELET_KUBECONFIG_ARGS $KUBELET_CONFIG_ARGS $KUBELET_KUBEADM_ARGS $KUBELET_EXTRA_ARGS ; flags= ; start_time=[n/a] ; stop_time=[n/a] ; pid=0 ; code=(null) ; status=0/0 }'
    ExitType: main
    ExtensionImagePolicy: root=verity+signed+encrypted+unprotected+absent:usr=verity+signed+encrypted+unprotected+absent:home=encrypted+unprotected+absent:srv=encrypted+unprotected+absent:tmp=encrypted+unprotected+absent:var=encrypted+unprotected+absent
    FailureAction: none
    FileDescriptorStoreMax: '0'
    FileDescriptorStorePreserve: restart
    FinalKillSignal: '9'
    FragmentPath: /usr/lib/systemd/system/kubelet.service
    FreezerState: running
    GID: '[not set]'
    GuessMainPID: 'yes'
    IOAccounting: 'no'
    IOReadBytes: '[not set]'
    IOReadOperations: '[not set]'
    IOSchedulingClass: '2'
    IOSchedulingPriority: '4'
    IOWeight: '[not set]'
    IOWriteBytes: '[not set]'
    IOWriteOperations: '[not set]'
    IPAccounting: 'no'
    IPEgressBytes: '[no data]'
    IPEgressPackets: '[no data]'
    IPIngressBytes: '[no data]'
    IPIngressPackets: '[no data]'
    Id: kubelet.service
    IgnoreOnIsolate: 'no'
    IgnoreSIGPIPE: 'yes'
    InactiveEnterTimestamp: Tue 2025-08-19 14:09:11 UTC
    InactiveEnterTimestampMonotonic: '3854472357373'
    InactiveExitTimestamp: Tue 2025-08-19 14:09:11 UTC
    InactiveExitTimestampMonotonic: '3854472378425'
    InvocationID: f5e146349f854c1bbc07670ed41921fe
    JobRunningTimeoutUSec: infinity
    JobTimeoutAction: none
    JobTimeoutUSec: infinity
    KeyringMode: private
    KillMode: control-group
    KillSignal: '15'
    LimitAS: infinity
    LimitASSoft: infinity
    LimitCORE: infinity
    LimitCORESoft: '0'
    LimitCPU: infinity
    LimitCPUSoft: infinity
    LimitDATA: infinity
    LimitDATASoft: infinity
    LimitFSIZE: infinity
    LimitFSIZESoft: infinity
    LimitLOCKS: infinity
    LimitLOCKSSoft: infinity
    LimitMEMLOCK: '8388608'
    LimitMEMLOCKSoft: '8388608'
    LimitMSGQUEUE: '819200'
    LimitMSGQUEUESoft: '819200'
    LimitNICE: '0'
    LimitNICESoft: '0'
    LimitNOFILE: '524288'
    LimitNOFILESoft: '1024'
    LimitNPROC: '253741'
    LimitNPROCSoft: '253741'
    LimitRSS: infinity
    LimitRSSSoft: infinity
    LimitRTPRIO: '0'
    LimitRTPRIOSoft: '0'
    LimitRTTIME: infinity
    LimitRTTIMESoft: infinity
    LimitSIGPENDING: '253741'
    LimitSIGPENDINGSoft: '253741'
    LimitSTACK: infinity
    LimitSTACKSoft: '8388608'
    LoadState: loaded
    LockPersonality: 'no'
    LogLevelMax: '-1'
    LogRateLimitBurst: '0'
    LogRateLimitIntervalUSec: '0'
    LogsDirectoryMode: '0755'
    MainPID: '3104864'
    ManagedOOMMemoryPressure: auto
    ManagedOOMMemoryPressureLimit: '0'
    ManagedOOMPreference: none
    ManagedOOMSwap: auto
    MemoryAccounting: 'yes'
    MemoryAvailable: '63673831424'
    MemoryCurrent: '27488256'
    MemoryDenyWriteExecute: 'no'
    MemoryHigh: infinity
    MemoryKSM: 'no'
    MemoryLimit: infinity
    MemoryLow: '0'
    MemoryMax: infinity
    MemoryMin: '0'
    MemoryPeak: '29327360'
    MemoryPressureThresholdUSec: 200ms
    MemoryPressureWatch: auto
    MemorySwapCurrent: '0'
    MemorySwapMax: infinity
    MemorySwapPeak: '0'
    MemoryZSwapCurrent: '0'
    MemoryZSwapMax: infinity
    MountAPIVFS: 'no'
    MountImagePolicy: root=verity+signed+encrypted+unprotected+absent:usr=verity+signed+encrypted+unprotected+absent:home=encrypted+unprotected+absent:srv=encrypted+unprotected+absent:tmp=encrypted+unprotected+absent:var=encrypted+unprotected+absent
    NFileDescriptorStore: '0'
    NRestarts: '0'
    NUMAPolicy: n/a
    Names: kubelet.service
    NeedDaemonReload: 'no'
    Nice: '0'
    NoNewPrivileges: 'no'
    NonBlocking: 'no'
    NotifyAccess: none
    OOMPolicy: stop
    OOMScoreAdjust: '0'
    OnFailureJobMode: replace
    OnSuccessJobMode: fail
    Perpetual: 'no'
    PrivateDevices: 'no'
    PrivateIPC: 'no'
    PrivateMounts: 'no'
    PrivateNetwork: 'no'
    PrivateTmp: 'no'
    PrivateUsers: 'no'
    ProcSubset: all
    ProtectClock: 'no'
    ProtectControlGroups: 'no'
    ProtectHome: 'no'
    ProtectHostname: 'no'
    ProtectKernelLogs: 'no'
    ProtectKernelModules: 'no'
    ProtectKernelTunables: 'no'
    ProtectProc: default
    ProtectSystem: 'no'
    RefuseManualStart: 'no'
    RefuseManualStop: 'no'
    ReloadResult: success
    ReloadSignal: '1'
    RemainAfterExit: 'no'
    RemoveIPC: 'no'
    Requires: sysinit.target system.slice
    Restart: always
    RestartKillSignal: '15'
    RestartMaxDelayUSec: infinity
    RestartMode: normal
    RestartSteps: '0'
    RestartUSec: 10s
    RestartUSecNext: 10s
    RestrictNamespaces: 'no'
    RestrictRealtime: 'no'
    RestrictSUIDSGID: 'no'
    Result: success
    RootDirectoryStartOnly: 'no'
    RootEphemeral: 'no'
    RootImagePolicy: root=verity+signed+encrypted+unprotected+absent:usr=verity+signed+encrypted+unprotected+absent:home=encrypted+unprotected+absent:srv=encrypted+unprotected+absent:tmp=encrypted+unprotected+absent:var=encrypted+unprotected+absent
    RuntimeDirectoryMode: '0755'
    RuntimeDirectoryPreserve: 'no'
    RuntimeMaxUSec: infinity
    RuntimeRandomizedExtraUSec: '0'
    SameProcessGroup: 'no'
    SecureBits: '0'
    SendSIGHUP: 'no'
    SendSIGKILL: 'yes'
    SetLoginEnvironment: 'no'
    Slice: system.slice
    StandardError: inherit
    StandardInput: 'null'
    StandardOutput: journal
    StartLimitAction: none
    StartLimitBurst: '5'
    StartLimitIntervalUSec: '0'
    StartupBlockIOWeight: '[not set]'
    StartupCPUShares: '[not set]'
    StartupCPUWeight: '[not set]'
    StartupIOWeight: '[not set]'
    StartupMemoryHigh: infinity
    StartupMemoryLow: '0'
    StartupMemoryMax: infinity
    StartupMemorySwapMax: infinity
    StartupMemoryZSwapMax: infinity
    StateChangeTimestamp: Tue 2025-08-19 14:09:11 UTC
    StateChangeTimestampMonotonic: '3854472378425'
    StateDirectoryMode: '0755'
    StatusErrno: '0'
    StopWhenUnneeded: 'no'
    SubState: running
    SuccessAction: none
    SurviveFinalKillSignal: 'no'
    SyslogFacility: '3'
    SyslogLevel: '6'
    SyslogLevelPrefix: 'yes'
    SyslogPriority: '30'
    SystemCallErrorNumber: '2147483646'
    TTYReset: 'no'
    TTYVHangup: 'no'
    TTYVTDisallocate: 'no'
    TasksAccounting: 'yes'
    TasksCurrent: '19'
    TasksMax: '76122'
    TimeoutAbortUSec: 1min 30s
    TimeoutCleanUSec: infinity
    TimeoutStartFailureMode: terminate
    TimeoutStartUSec: 1min 30s
    TimeoutStopFailureMode: terminate
    TimeoutStopUSec: 1min 30s
    TimerSlackNSec: '50000'
    Transient: 'no'
    Type: simple
    UID: '[not set]'
    UMask: '0022'
    UnitFilePreset: enabled
    UnitFileState: enabled
    UtmpMode: init
    WantedBy: multi-user.target
    Wants: network-online.target
    WatchdogSignal: '6'
    WatchdogTimestampMonotonic: '0'
    WatchdogUSec: '0'
2025-08-19 10:09:17,813 p=52818 u=ollama n=ansible | TASK [Wait for kubelet to be ready] ********************************************
2025-08-19 10:09:17,814 p=52818 u=ollama n=ansible | ok: [k8s09] => changed=false 
  elapsed: 5
  match_groupdict: {}
  match_groups: []
  path: null
  port: 10250
  search_regex: null
  state: started
2025-08-19 10:09:17,841 p=52818 u=ollama n=ansible | TASK [Display upgrade completion] **********************************************
2025-08-19 10:09:17,842 p=52818 u=ollama n=ansible | ok: [k8s09] => 
  msg: k8s09 upgraded successfully
2025-08-19 10:09:17,881 p=52818 u=ollama n=ansible | PLAY [Verify and uncordon k8s09] ***********************************************
2025-08-19 10:09:18,292 p=52818 u=ollama n=ansible | TASK [Check if k8s09 is cordoned] **********************************************
2025-08-19 10:09:18,293 p=52818 u=ollama n=ansible | ok: [k8s01] => changed=false 
  cmd:
  - kubectl
  - get
  - node
  - k8s09
  delta: '0:00:00.119102'
  end: '2025-08-19 14:09:18.027499'
  msg: ''
  rc: 0
  start: '2025-08-19 14:09:17.908397'
  stderr: ''
  stderr_lines: <omitted>
  stdout: |-
    NAME    STATUS                     ROLES    AGE   VERSION
    k8s09   Ready,SchedulingDisabled   worker   43d   v1.32.8
  stdout_lines: <omitted>
2025-08-19 10:09:18,736 p=52818 u=ollama n=ansible | TASK [Uncordon k8s09 if needed] ************************************************
2025-08-19 10:09:18,736 p=52818 u=ollama n=ansible | changed: [k8s01] => changed=true 
  cmd:
  - kubectl
  - uncordon
  - k8s09
  delta: '0:00:00.145266'
  end: '2025-08-19 14:09:18.459530'
  msg: ''
  rc: 0
  start: '2025-08-19 14:09:18.314264'
  stderr: ''
  stderr_lines: <omitted>
  stdout: node/k8s09 uncordoned
  stdout_lines: <omitted>
2025-08-19 10:09:19,140 p=52818 u=ollama n=ansible | TASK [Verify k8s09 is ready] ***************************************************
2025-08-19 10:09:19,141 p=52818 u=ollama n=ansible | ok: [k8s01] => changed=false 
  cmd:
  - kubectl
  - get
  - node
  - k8s09
  - -o
  - jsonpath={.status.nodeInfo.kubeletVersion}
  delta: '0:00:00.100886'
  end: '2025-08-19 14:09:18.855345'
  msg: ''
  rc: 0
  start: '2025-08-19 14:09:18.754459'
  stderr: ''
  stderr_lines: <omitted>
  stdout: v1.32.8
  stdout_lines: <omitted>
2025-08-19 10:09:19,161 p=52818 u=ollama n=ansible | TASK [Display final status] ****************************************************
2025-08-19 10:09:19,162 p=52818 u=ollama n=ansible | ok: [k8s01] => 
  msg: k8s09 is now running v1.32.8
2025-08-19 10:09:19,172 p=52818 u=ollama n=ansible | PLAY RECAP *********************************************************************
2025-08-19 10:09:19,172 p=52818 u=ollama n=ansible | k8s01                      : ok=4    changed=1    unreachable=0    failed=0    skipped=0    rescued=0    ignored=0   
2025-08-19 10:09:19,172 p=52818 u=ollama n=ansible | k8s09                      : ok=8    changed=4    unreachable=0    failed=0    skipped=0    rescued=0    ignored=0   
2025-08-19 10:10:03,951 p=56451 u=ollama n=ansible | Using /home/ollama/me/Zenitsu_mforrester-home-lab/kubernetes-upgrade/ansible.cfg as config file
2025-08-19 10:10:04,603 p=56451 u=ollama n=ansible | k8s01 | CHANGED | rc=0 >>
NAME    STATUS   ROLES           AGE   VERSION
k8s01   Ready    control-plane   44d   v1.32.8
k8s02   Ready    control-plane   43d   v1.32.8
k8s03   Ready    control-plane   43d   v1.32.8
k8s04   Ready    worker          43d   v1.32.8
k8s05   Ready    worker          43d   v1.32.8
k8s06   Ready    worker          43d   v1.32.8
k8s07   Ready    worker          43d   v1.32.8
k8s08   Ready    worker          43d   v1.32.8
k8s09   Ready    worker          43d   v1.32.8

2025-08-19 10:10:56,071 p=57971 u=ollama n=ansible | Using /home/ollama/me/Zenitsu_mforrester-home-lab/kubernetes-upgrade/ansible.cfg as config file
2025-08-19 10:10:56,266 p=57971 u=ollama n=ansible | PLAY [Test Cluster Upgrade Complete] *******************************************
2025-08-19 10:10:56,791 p=57971 u=ollama n=ansible | TASK [TEST | Get all node versions] ********************************************
2025-08-19 10:10:56,793 p=57971 u=ollama n=ansible | ok: [k8s01] => changed=false 
  cmd:
  - kubectl
  - get
  - nodes
  - -o
  - jsonpath={range .items[*]}{.metadata.name}{"\t"}{.status.nodeInfo.kubeletVersion}{"\n"}{end}
  delta: '0:00:00.137305'
  end: '2025-08-19 14:10:56.230741'
  msg: ''
  rc: 0
  start: '2025-08-19 14:10:56.093436'
  stderr: ''
  stderr_lines: <omitted>
  stdout: |-
    k8s01   v1.32.8
    k8s02   v1.32.8
    k8s03   v1.32.8
    k8s04   v1.32.8
    k8s05   v1.32.8
    k8s06   v1.32.8
    k8s07   v1.32.8
    k8s08   v1.32.8
    k8s09   v1.32.8
  stdout_lines: <omitted>
2025-08-19 10:10:56,811 p=57971 u=ollama n=ansible | TASK [TEST | Display all node versions] ****************************************
2025-08-19 10:10:56,811 p=57971 u=ollama n=ansible | ok: [k8s01] => 
  node_versions.stdout_lines:
  - "k8s01\tv1.32.8"
  - "k8s02\tv1.32.8"
  - "k8s03\tv1.32.8"
  - "k8s04\tv1.32.8"
  - "k8s05\tv1.32.8"
  - "k8s06\tv1.32.8"
  - "k8s07\tv1.32.8"
  - "k8s08\tv1.32.8"
  - "k8s09\tv1.32.8"
2025-08-19 10:10:56,833 p=57971 u=ollama n=ansible | TASK [TEST | Verify all nodes are on v1.32.8] **********************************
2025-08-19 10:10:56,834 p=57971 u=ollama n=ansible | ok: [k8s01] => (item=k8s01	v1.32.8) => changed=false 
  ansible_loop_var: item
  item: "k8s01\tv1.32.8"
  msg: All nodes successfully upgraded to v1.32.8
2025-08-19 10:10:56,837 p=57971 u=ollama n=ansible | ok: [k8s01] => (item=k8s02	v1.32.8) => changed=false 
  ansible_loop_var: item
  item: "k8s02\tv1.32.8"
  msg: All nodes successfully upgraded to v1.32.8
2025-08-19 10:10:56,842 p=57971 u=ollama n=ansible | ok: [k8s01] => (item=k8s03	v1.32.8) => changed=false 
  ansible_loop_var: item
  item: "k8s03\tv1.32.8"
  msg: All nodes successfully upgraded to v1.32.8
2025-08-19 10:10:56,846 p=57971 u=ollama n=ansible | ok: [k8s01] => (item=k8s04	v1.32.8) => changed=false 
  ansible_loop_var: item
  item: "k8s04\tv1.32.8"
  msg: All nodes successfully upgraded to v1.32.8
2025-08-19 10:10:56,848 p=57971 u=ollama n=ansible | ok: [k8s01] => (item=k8s05	v1.32.8) => changed=false 
  ansible_loop_var: item
  item: "k8s05\tv1.32.8"
  msg: All nodes successfully upgraded to v1.32.8
2025-08-19 10:10:56,852 p=57971 u=ollama n=ansible | ok: [k8s01] => (item=k8s06	v1.32.8) => changed=false 
  ansible_loop_var: item
  item: "k8s06\tv1.32.8"
  msg: All nodes successfully upgraded to v1.32.8
2025-08-19 10:10:56,856 p=57971 u=ollama n=ansible | ok: [k8s01] => (item=k8s07	v1.32.8) => changed=false 
  ansible_loop_var: item
  item: "k8s07\tv1.32.8"
  msg: All nodes successfully upgraded to v1.32.8
2025-08-19 10:10:56,860 p=57971 u=ollama n=ansible | ok: [k8s01] => (item=k8s08	v1.32.8) => changed=false 
  ansible_loop_var: item
  item: "k8s08\tv1.32.8"
  msg: All nodes successfully upgraded to v1.32.8
2025-08-19 10:10:56,863 p=57971 u=ollama n=ansible | ok: [k8s01] => (item=k8s09	v1.32.8) => changed=false 
  ansible_loop_var: item
  item: "k8s09\tv1.32.8"
  msg: All nodes successfully upgraded to v1.32.8
2025-08-19 10:10:57,222 p=57971 u=ollama n=ansible | TASK [TEST | Check cluster health] *********************************************
2025-08-19 10:10:57,223 p=57971 u=ollama n=ansible | ok: [k8s01] => changed=false 
  cmd:
  - kubectl
  - get
  - cs
  delta: '0:00:00.097220'
  end: '2025-08-19 14:10:56.647026'
  failed_when_result: false
  msg: ''
  rc: 0
  start: '2025-08-19 14:10:56.549806'
  stderr: 'Warning: v1 ComponentStatus is deprecated in v1.19+'
  stderr_lines: <omitted>
  stdout: |-
    NAME                 STATUS    MESSAGE   ERROR
    scheduler            Healthy   ok
    controller-manager   Healthy   ok
    etcd-0               Healthy   ok
  stdout_lines: <omitted>
2025-08-19 10:10:57,661 p=57971 u=ollama n=ansible | TASK [TEST | Check all pods are running] ***************************************
2025-08-19 10:10:57,663 p=57971 u=ollama n=ansible | ok: [k8s01] => changed=false 
  cmd: kubectl get pods -A --no-headers | grep -v Running | grep -v Completed || true
  delta: '0:00:00.178330'
  end: '2025-08-19 14:10:57.074818'
  msg: ''
  rc: 0
  start: '2025-08-19 14:10:56.896488'
  stderr: ''
  stderr_lines: <omitted>
  stdout: |-
    cert-manager      cert-manager-webhook-854d5d744d-95p77               0/1   CrashLoopBackOff   2 (31s ago)        13m
    default           node-debugger-k8s01-zgqfr                           0/1   Error              0                  33d
    ingress-nginx     ingress-nginx-controller-f5d95655-pmgs4             0/1   CrashLoopBackOff   8 (34s ago)        17m
    kube-system       cilium-2ppj8                                        0/1   CrashLoopBackOff   4 (48s ago)        15d
  stdout_lines: <omitted>
2025-08-19 10:10:57,696 p=57971 u=ollama n=ansible | TASK [TEST | Display any problem pods] *****************************************
2025-08-19 10:10:57,697 p=57971 u=ollama n=ansible | ok: [k8s01] => 
  msg: |-
    Problem pods found: cert-manager      cert-manager-webhook-854d5d744d-95p77               0/1   CrashLoopBackOff   2 (31s ago)        13m
    default           node-debugger-k8s01-zgqfr                           0/1   Error              0                  33d
    ingress-nginx     ingress-nginx-controller-f5d95655-pmgs4             0/1   CrashLoopBackOff   8 (34s ago)        17m
    kube-system       cilium-2ppj8                                        0/1   CrashLoopBackOff   4 (48s ago)        15d
2025-08-19 10:10:57,717 p=57971 u=ollama n=ansible | TASK [TEST | Final success message] ********************************************
2025-08-19 10:10:57,718 p=57971 u=ollama n=ansible | ok: [k8s01] => 
  msg: ✅ Kubernetes cluster successfully upgraded from v1.31.10 to v1.32.8!
2025-08-19 10:10:57,731 p=57971 u=ollama n=ansible | PLAY RECAP *********************************************************************
2025-08-19 10:10:57,731 p=57971 u=ollama n=ansible | k8s01                      : ok=7    changed=0    unreachable=0    failed=0    skipped=0    rescued=0    ignored=0   
2025-08-19 10:53:51,062 p=25332 u=ollama n=ansible | Using /home/ollama/me/Zenitsu_mforrester-home-lab/kubernetes-upgrade/ansible.cfg as config file
2025-08-19 10:53:51,250 p=25332 u=ollama n=ansible | PLAY [Upgrade Kubernetes Worker Nodes] *****************************************
2025-08-19 10:53:51,255 p=25332 u=ollama n=ansible | [WARNING]: Using max_fail_percentage with the free strategy is not supported,
as tasks are executed independently on each host

2025-08-19 10:53:53,143 p=25332 u=ollama n=ansible | TASK [Gathering Facts] *********************************************************
2025-08-19 10:53:53,143 p=25332 u=ollama n=ansible | ok: [k8s04]
2025-08-19 10:53:53,149 p=25332 u=ollama n=ansible | [WARNING]: Using run_once with the free strategy is not currently supported.
This task will still be executed for every host in the inventory list.

2025-08-19 10:53:54,691 p=25332 u=ollama n=ansible | TASK [Display current node info] ***********************************************
2025-08-19 10:53:54,692 p=25332 u=ollama n=ansible | ok: [k8s04] => 
  msg: Starting upgrade of k8s04 (192.168.0.53)
2025-08-19 10:53:56,064 p=25332 u=ollama n=ansible | TASK [Upgrade kubeadm] *********************************************************
2025-08-19 10:53:56,065 p=25332 u=ollama n=ansible | ok: [k8s04] => changed=false 
  cache_update_time: 1755611455
  cache_updated: true
2025-08-19 10:53:56,630 p=25332 u=ollama n=ansible | TASK [Upgrade kubelet and kubectl] *********************************************
2025-08-19 10:53:56,630 p=25332 u=ollama n=ansible | ok: [k8s04] => changed=false 
  cache_update_time: 1755611455
  cache_updated: false
2025-08-19 10:53:57,428 p=25332 u=ollama n=ansible | TASK [Verify kubelet is running] ***********************************************
2025-08-19 10:53:57,434 p=25332 u=ollama n=ansible | ok: [k8s04] => changed=false 
  attempts: 1
  name: kubelet
  state: started
  status:
    ActiveEnterTimestamp: Tue 2025-08-19 13:53:00 UTC
    ActiveEnterTimestampMonotonic: '3860943319825'
    ActiveExitTimestamp: Tue 2025-08-19 13:53:00 UTC
    ActiveExitTimestampMonotonic: '3860943291801'
    ActiveState: active
    After: basic.target systemd-journald.socket network-online.target sysinit.target system.slice
    AllowIsolate: 'no'
    AssertResult: 'yes'
    AssertTimestamp: Tue 2025-08-19 13:53:00 UTC
    AssertTimestampMonotonic: '3860943309188'
    Before: multi-user.target shutdown.target
    BlockIOAccounting: 'no'
    BlockIOWeight: '[not set]'
    CPUAccounting: 'yes'
    CPUAffinityFromNUMA: 'no'
    CPUQuotaPerSecUSec: infinity
    CPUQuotaPeriodUSec: infinity
    CPUSchedulingPolicy: '0'
    CPUSchedulingPriority: '0'
    CPUSchedulingResetOnFork: 'no'
    CPUShares: '[not set]'
    CPUUsageNSec: '123877851000'
    CPUWeight: '[not set]'
    CacheDirectoryMode: '0755'
    CanFreeze: 'yes'
    CanIsolate: 'no'
    CanReload: 'no'
    CanStart: 'yes'
    CanStop: 'yes'
    CapabilityBoundingSet: cap_chown cap_dac_override cap_dac_read_search cap_fowner cap_fsetid cap_kill cap_setgid cap_setuid cap_setpcap cap_linux_immutable cap_net_bind_service cap_net_broadcast cap_net_admin cap_net_raw cap_ipc_lock cap_ipc_owner cap_sys_module cap_sys_rawio cap_sys_chroot cap_sys_ptrace cap_sys_pacct cap_sys_admin cap_sys_boot cap_sys_nice cap_sys_resource cap_sys_time cap_sys_tty_config cap_mknod cap_lease cap_audit_write cap_audit_control cap_setfcap cap_mac_override cap_mac_admin cap_syslog cap_wake_alarm cap_block_suspend cap_audit_read cap_perfmon cap_bpf cap_checkpoint_restore
    CleanResult: success
    CollectMode: inactive
    ConditionResult: 'yes'
    ConditionTimestamp: Tue 2025-08-19 13:53:00 UTC
    ConditionTimestampMonotonic: '3860943309183'
    ConfigurationDirectoryMode: '0755'
    Conflicts: shutdown.target
    ControlGroup: /system.slice/kubelet.service
    ControlGroupId: '1595891'
    ControlPID: '0'
    CoredumpFilter: '0x33'
    CoredumpReceive: 'no'
    DefaultDependencies: 'yes'
    DefaultMemoryLow: '0'
    DefaultMemoryMin: '0'
    DefaultStartupMemoryLow: '0'
    Delegate: 'no'
    Description: 'kubelet: The Kubernetes Node Agent'
    DevicePolicy: auto
    Documentation: https://kubernetes.io/docs/
    DropInPaths: /usr/lib/systemd/system/kubelet.service.d/10-kubeadm.conf
    DynamicUser: 'no'
    EffectiveCPUs: 0-3
    EffectiveMemoryNodes: '0'
    Environment: '"KUBELET_KUBECONFIG_ARGS=--bootstrap-kubeconfig=/etc/kubernetes/bootstrap-kubelet.conf --kubeconfig=/etc/kubernetes/kubelet.conf" KUBELET_CONFIG_ARGS=--config=/var/lib/kubelet/config.yaml'
    EnvironmentFiles: /etc/default/kubelet (ignore_errors=yes)
    ExecMainCode: '0'
    ExecMainExitTimestampMonotonic: '0'
    ExecMainPID: '3801645'
    ExecMainStartTimestamp: Tue 2025-08-19 13:53:00 UTC
    ExecMainStartTimestampMonotonic: '3860943319453'
    ExecMainStatus: '0'
    ExecStart: '{ path=/usr/bin/kubelet ; argv[]=/usr/bin/kubelet $KUBELET_KUBECONFIG_ARGS $KUBELET_CONFIG_ARGS $KUBELET_KUBEADM_ARGS $KUBELET_EXTRA_ARGS ; ignore_errors=no ; start_time=[Tue 2025-08-19 13:53:00 UTC] ; stop_time=[n/a] ; pid=3801645 ; code=(null) ; status=0/0 }'
    ExecStartEx: '{ path=/usr/bin/kubelet ; argv[]=/usr/bin/kubelet $KUBELET_KUBECONFIG_ARGS $KUBELET_CONFIG_ARGS $KUBELET_KUBEADM_ARGS $KUBELET_EXTRA_ARGS ; flags= ; start_time=[Tue 2025-08-19 13:53:00 UTC] ; stop_time=[n/a] ; pid=3801645 ; code=(null) ; status=0/0 }'
    ExitType: main
    ExtensionImagePolicy: root=verity+signed+encrypted+unprotected+absent:usr=verity+signed+encrypted+unprotected+absent:home=encrypted+unprotected+absent:srv=encrypted+unprotected+absent:tmp=encrypted+unprotected+absent:var=encrypted+unprotected+absent
    FailureAction: none
    FileDescriptorStoreMax: '0'
    FileDescriptorStorePreserve: restart
    FinalKillSignal: '9'
    FragmentPath: /usr/lib/systemd/system/kubelet.service
    FreezerState: running
    GID: '[not set]'
    GuessMainPID: 'yes'
    IOAccounting: 'no'
    IOReadBytes: '[not set]'
    IOReadOperations: '[not set]'
    IOSchedulingClass: '2'
    IOSchedulingPriority: '4'
    IOWeight: '[not set]'
    IOWriteBytes: '[not set]'
    IOWriteOperations: '[not set]'
    IPAccounting: 'no'
    IPEgressBytes: '[no data]'
    IPEgressPackets: '[no data]'
    IPIngressBytes: '[no data]'
    IPIngressPackets: '[no data]'
    Id: kubelet.service
    IgnoreOnIsolate: 'no'
    IgnoreSIGPIPE: 'yes'
    InactiveEnterTimestamp: Tue 2025-08-19 13:53:00 UTC
    InactiveEnterTimestampMonotonic: '3860943308387'
    InactiveExitTimestamp: Tue 2025-08-19 13:53:00 UTC
    InactiveExitTimestampMonotonic: '3860943319825'
    InvocationID: b101f564cef24c1f9c74dcb0dceb14f3
    JobRunningTimeoutUSec: infinity
    JobTimeoutAction: none
    JobTimeoutUSec: infinity
    KeyringMode: private
    KillMode: control-group
    KillSignal: '15'
    LimitAS: infinity
    LimitASSoft: infinity
    LimitCORE: infinity
    LimitCORESoft: '0'
    LimitCPU: infinity
    LimitCPUSoft: infinity
    LimitDATA: infinity
    LimitDATASoft: infinity
    LimitFSIZE: infinity
    LimitFSIZESoft: infinity
    LimitLOCKS: infinity
    LimitLOCKSSoft: infinity
    LimitMEMLOCK: '8388608'
    LimitMEMLOCKSoft: '8388608'
    LimitMSGQUEUE: '819200'
    LimitMSGQUEUESoft: '819200'
    LimitNICE: '0'
    LimitNICESoft: '0'
    LimitNOFILE: '524288'
    LimitNOFILESoft: '1024'
    LimitNPROC: '62392'
    LimitNPROCSoft: '62392'
    LimitRSS: infinity
    LimitRSSSoft: infinity
    LimitRTPRIO: '0'
    LimitRTPRIOSoft: '0'
    LimitRTTIME: infinity
    LimitRTTIMESoft: infinity
    LimitSIGPENDING: '62392'
    LimitSIGPENDINGSoft: '62392'
    LimitSTACK: infinity
    LimitSTACKSoft: '8388608'
    LoadState: loaded
    LockPersonality: 'no'
    LogLevelMax: '-1'
    LogRateLimitBurst: '0'
    LogRateLimitIntervalUSec: '0'
    LogsDirectoryMode: '0755'
    MainPID: '3801645'
    ManagedOOMMemoryPressure: auto
    ManagedOOMMemoryPressureLimit: '0'
    ManagedOOMPreference: none
    ManagedOOMSwap: auto
    MemoryAccounting: 'yes'
    MemoryAvailable: '14744563712'
    MemoryCurrent: '49352704'
    MemoryDenyWriteExecute: 'no'
    MemoryHigh: infinity
    MemoryKSM: 'no'
    MemoryLimit: infinity
    MemoryLow: '0'
    MemoryMax: infinity
    MemoryMin: '0'
    MemoryPeak: '52293632'
    MemoryPressureThresholdUSec: 200ms
    MemoryPressureWatch: auto
    MemorySwapCurrent: '0'
    MemorySwapMax: infinity
    MemorySwapPeak: '0'
    MemoryZSwapCurrent: '0'
    MemoryZSwapMax: infinity
    MountAPIVFS: 'no'
    MountImagePolicy: root=verity+signed+encrypted+unprotected+absent:usr=verity+signed+encrypted+unprotected+absent:home=encrypted+unprotected+absent:srv=encrypted+unprotected+absent:tmp=encrypted+unprotected+absent:var=encrypted+unprotected+absent
    NFileDescriptorStore: '0'
    NRestarts: '0'
    NUMAPolicy: n/a
    Names: kubelet.service
    NeedDaemonReload: 'no'
    Nice: '0'
    NoNewPrivileges: 'no'
    NonBlocking: 'no'
    NotifyAccess: none
    OOMPolicy: stop
    OOMScoreAdjust: '0'
    OnFailureJobMode: replace
    OnSuccessJobMode: fail
    Perpetual: 'no'
    PrivateDevices: 'no'
    PrivateIPC: 'no'
    PrivateMounts: 'no'
    PrivateNetwork: 'no'
    PrivateTmp: 'no'
    PrivateUsers: 'no'
    ProcSubset: all
    ProtectClock: 'no'
    ProtectControlGroups: 'no'
    ProtectHome: 'no'
    ProtectHostname: 'no'
    ProtectKernelLogs: 'no'
    ProtectKernelModules: 'no'
    ProtectKernelTunables: 'no'
    ProtectProc: default
    ProtectSystem: 'no'
    RefuseManualStart: 'no'
    RefuseManualStop: 'no'
    ReloadResult: success
    ReloadSignal: '1'
    RemainAfterExit: 'no'
    RemoveIPC: 'no'
    Requires: system.slice sysinit.target
    Restart: always
    RestartKillSignal: '15'
    RestartMaxDelayUSec: infinity
    RestartMode: normal
    RestartSteps: '0'
    RestartUSec: 10s
    RestartUSecNext: 10s
    RestrictNamespaces: 'no'
    RestrictRealtime: 'no'
    RestrictSUIDSGID: 'no'
    Result: success
    RootDirectoryStartOnly: 'no'
    RootEphemeral: 'no'
    RootImagePolicy: root=verity+signed+encrypted+unprotected+absent:usr=verity+signed+encrypted+unprotected+absent:home=encrypted+unprotected+absent:srv=encrypted+unprotected+absent:tmp=encrypted+unprotected+absent:var=encrypted+unprotected+absent
    RuntimeDirectoryMode: '0755'
    RuntimeDirectoryPreserve: 'no'
    RuntimeMaxUSec: infinity
    RuntimeRandomizedExtraUSec: '0'
    SameProcessGroup: 'no'
    SecureBits: '0'
    SendSIGHUP: 'no'
    SendSIGKILL: 'yes'
    SetLoginEnvironment: 'no'
    Slice: system.slice
    StandardError: inherit
    StandardInput: 'null'
    StandardOutput: journal
    StartLimitAction: none
    StartLimitBurst: '5'
    StartLimitIntervalUSec: '0'
    StartupBlockIOWeight: '[not set]'
    StartupCPUShares: '[not set]'
    StartupCPUWeight: '[not set]'
    StartupIOWeight: '[not set]'
    StartupMemoryHigh: infinity
    StartupMemoryLow: '0'
    StartupMemoryMax: infinity
    StartupMemorySwapMax: infinity
    StartupMemoryZSwapMax: infinity
    StateChangeTimestamp: Tue 2025-08-19 13:53:00 UTC
    StateChangeTimestampMonotonic: '3860943319825'
    StateDirectoryMode: '0755'
    StatusErrno: '0'
    StopWhenUnneeded: 'no'
    SubState: running
    SuccessAction: none
    SurviveFinalKillSignal: 'no'
    SyslogFacility: '3'
    SyslogLevel: '6'
    SyslogLevelPrefix: 'yes'
    SyslogPriority: '30'
    SystemCallErrorNumber: '2147483646'
    TTYReset: 'no'
    TTYVHangup: 'no'
    TTYVTDisallocate: 'no'
    TasksAccounting: 'yes'
    TasksCurrent: '12'
    TasksMax: '18717'
    TimeoutAbortUSec: 1min 30s
    TimeoutCleanUSec: infinity
    TimeoutStartFailureMode: terminate
    TimeoutStartUSec: 1min 30s
    TimeoutStopFailureMode: terminate
    TimeoutStopUSec: 1min 30s
    TimerSlackNSec: '50000'
    Transient: 'no'
    Type: simple
    UID: '[not set]'
    UMask: '0022'
    UnitFilePreset: enabled
    UnitFileState: enabled
    UtmpMode: init
    WantedBy: multi-user.target
    Wants: network-online.target
    WatchdogSignal: '6'
    WatchdogTimestampMonotonic: '0'
    WatchdogUSec: '0'
2025-08-19 10:57:54,795 p=32082 u=ollama n=ansible | Using /home/ollama/me/Zenitsu_mforrester-home-lab/kubernetes-upgrade/ansible.cfg as config file
2025-08-19 10:57:54,949 p=32082 u=ollama n=ansible | PLAY [Test Worker Upgrade Playbook] ********************************************
2025-08-19 10:57:55,052 p=32082 u=ollama n=ansible | TASK [TEST | Check if worker upgrade playbook exists] **************************
2025-08-19 10:57:55,053 p=32082 u=ollama n=ansible | fatal: [localhost]: FAILED! => changed=false 
  failed_when_result: 'The conditional check ''not playbook_file.stat.exists'' failed. The error was: error while evaluating conditional (not playbook_file.stat.exists): ''dict object'' has no attribute ''stat'''
  module_stderr: |-
    sudo: a password is required
  module_stdout: ''
  msg: |-
    MODULE FAILURE
    See stdout/stderr for the exact error
  rc: 1
2025-08-19 10:57:55,059 p=32082 u=ollama n=ansible | 	to retry, use: --limit @/home/ollama/me/Zenitsu_mforrester-home-lab/kubernetes-upgrade/.ansible-retry/test-worker-upgrade.retry

2025-08-19 10:57:55,059 p=32082 u=ollama n=ansible | PLAY RECAP *********************************************************************
2025-08-19 10:57:55,059 p=32082 u=ollama n=ansible | localhost                  : ok=0    changed=0    unreachable=0    failed=1    skipped=0    rescued=0    ignored=0   
2025-08-19 10:58:15,833 p=32718 u=ollama n=ansible | Using /home/ollama/me/Zenitsu_mforrester-home-lab/kubernetes-upgrade/ansible.cfg as config file
2025-08-19 10:58:15,971 p=32718 u=ollama n=ansible | PLAY [Test Worker Upgrade Playbook] ********************************************
2025-08-19 10:58:15,682 p=32718 u=ollama n=ansible | TASK [TEST | Check if worker upgrade playbook exists] **************************
2025-08-19 10:58:15,682 p=32718 u=ollama n=ansible | fatal: [localhost]: FAILED! => changed=false 
  failed_when_result: 'The conditional check ''not playbook_file.stat.exists'' failed. The error was: error while evaluating conditional (not playbook_file.stat.exists): ''dict object'' has no attribute ''stat'''
  module_stderr: |-
    sudo: a password is required
  module_stdout: ''
  msg: |-
    MODULE FAILURE
    See stdout/stderr for the exact error
  rc: 1
2025-08-19 10:58:15,689 p=32718 u=ollama n=ansible | 	to retry, use: --limit @/home/ollama/me/Zenitsu_mforrester-home-lab/kubernetes-upgrade/.ansible-retry/test-worker-upgrade.retry

2025-08-19 10:58:15,689 p=32718 u=ollama n=ansible | PLAY RECAP *********************************************************************
2025-08-19 10:58:15,689 p=32718 u=ollama n=ansible | localhost                  : ok=0    changed=0    unreachable=0    failed=1    skipped=0    rescued=0    ignored=0   
2025-08-19 10:58:26,957 p=33114 u=ollama n=ansible | Using /home/ollama/me/Zenitsu_mforrester-home-lab/kubernetes-upgrade/ansible.cfg as config file
2025-08-19 10:58:27,127 p=33114 u=ollama n=ansible | playbook: playbooks/03-upgrade-workers.yml
2025-08-19 11:39:37,329 p=97886 u=ollama n=ansible | Using /home/ollama/me/Zenitsu_mforrester-home-lab/kubernetes-upgrade/ansible.cfg as config file
2025-08-19 11:39:37,427 p=97886 u=ollama n=ansible | ERROR! Unexpected Exception, this is probably a bug: [Errno 32] Broken pipe
2025-08-19 11:39:37,427 p=97886 u=ollama n=ansible | to see the full traceback, use -vvv
2025-08-19 11:39:37,428 p=97886 u=ollama n=ansible | the full traceback was:

Traceback (most recent call last):
  File "/home/ollama/.pyenv/versions/3.11.9/lib/python3.11/site-packages/ansible/cli/__init__.py", line 658, in cli_executor
    exit_code = cli.run()
                ^^^^^^^^^
  File "/home/ollama/.pyenv/versions/3.11.9/lib/python3.11/site-packages/ansible/cli/inventory.py", line 146, in run
    display.display(results)
  File "/home/ollama/.pyenv/versions/3.11.9/lib/python3.11/site-packages/ansible/utils/display.py", line 361, in wrapper
    return func(self, *args, **kwargs)
           ^^^^^^^^^^^^^^^^^^^^^^^^^^^
  File "/home/ollama/.pyenv/versions/3.11.9/lib/python3.11/site-packages/ansible/utils/display.py", line 434, in display
    fileobj.write(msg2)
  File "/home/ollama/.pyenv/versions/3.11.9/lib/python3.11/site-packages/ansible/utils/display.py", line 195, in locking_wrapper
    return f(*args, **kwargs)
           ^^^^^^^^^^^^^^^^^^
BrokenPipeError: [Errno 32] Broken pipe

2025-08-19 11:39:46,056 p=98866 u=ollama n=ansible | Using /home/ollama/me/Zenitsu_mforrester-home-lab/kubernetes-upgrade/ansible.cfg as config file
2025-08-19 11:39:47,665 p=98866 u=ollama n=ansible | k8s01 | SUCCESS => {
    "changed": false,
    "ping": "pong"
}
2025-08-19 11:39:47,852 p=98866 u=ollama n=ansible | k8s09 | SUCCESS => {
    "changed": false,
    "ping": "pong"
}
2025-08-19 11:39:47,896 p=98866 u=ollama n=ansible | k8s05 | SUCCESS => {
    "changed": false,
    "ping": "pong"
}
2025-08-19 11:40:09,401 p=99582 u=ollama n=ansible | Using /home/ollama/me/Zenitsu_mforrester-home-lab/kubernetes-upgrade/ansible.cfg as config file
2025-08-19 11:40:10,179 p=99582 u=ollama n=ansible | k8s01 | CHANGED | rc=0 >>
    "tag_name": "v1.33.4",
    "tag_name": "v1.33.3",
    "tag_name": "v1.33.2",
    "tag_name": "v1.33.1",
    "tag_name": "v1.33.0",

2025-08-19 11:41:18,665 p=2551 u=ollama n=ansible | Using /home/ollama/me/Zenitsu_mforrester-home-lab/kubernetes-upgrade/ansible.cfg as config file
2025-08-19 11:41:18,817 p=2551 u=ollama n=ansible | PLAY [Pre-Upgrade Validation and Health Checks] ********************************
2025-08-19 11:41:20,062 p=2551 u=ollama n=ansible | TASK [Gathering Facts] *********************************************************
2025-08-19 11:41:20,062 p=2551 u=ollama n=ansible | ok: [k8s01]
2025-08-19 11:41:20,068 p=2551 u=ollama n=ansible | [WARNING]: Using run_once with the free strategy is not currently supported.
This task will still be executed for every host in the inventory list.

2025-08-19 11:41:20,401 p=2551 u=ollama n=ansible | TASK [Create validation report directory] **************************************
2025-08-19 11:41:20,402 p=2551 u=ollama n=ansible | changed: [k8s01] => changed=true 
  gid: 0
  group: root
  mode: '0755'
  owner: root
  path: /tmp/k8s-upgrade-validation-1755618078
  size: 4096
  state: directory
  uid: 0
2025-08-19 11:41:21,172 p=2551 u=ollama n=ansible | TASK [Initialize validation report] ********************************************
2025-08-19 11:41:21,173 p=2551 u=ollama n=ansible | changed: [k8s01] => changed=true 
  checksum: d7bc5cb750ddd9518d3120bfd3eac6527bd18bf8
  dest: /tmp/k8s-upgrade-validation-1755618078/validation-report.md
  gid: 0
  group: root
  md5sum: 2b45fe44b4800ec48939089f4c22706c
  mode: '0644'
  owner: root
  size: 134
  src: /root/.ansible/tmp/ansible-tmp-1755618080.4311845-2658-114526527828152/.source.md
  state: file
  uid: 0
2025-08-19 11:41:21,481 p=2551 u=ollama n=ansible | TASK [VALIDATION | Check SSH connectivity] *************************************
2025-08-19 11:41:21,481 p=2551 u=ollama n=ansible | ok: [k8s01] => changed=false 
  ping: pong
2025-08-19 11:41:21,822 p=2551 u=ollama n=ansible | TASK [VALIDATION | Verify hostname resolution] *********************************
2025-08-19 11:41:21,823 p=2551 u=ollama n=ansible | ok: [k8s01] => changed=false 
  cmd:
  - hostname
  - -f
  delta: '0:00:00.003370'
  end: '2025-08-19 15:41:21.203187'
  msg: ''
  rc: 0
  start: '2025-08-19 15:41:21.199817'
  stderr: ''
  stderr_lines: <omitted>
  stdout: k8s01
  stdout_lines: <omitted>
2025-08-19 11:41:22,076 p=2551 u=ollama n=ansible | TASK [VALIDATION | Check system uptime] ****************************************
2025-08-19 11:41:22,076 p=2551 u=ollama n=ansible | ok: [k8s01] => changed=false 
  cmd:
  - uptime
  - -p
  delta: '0:00:00.004236'
  end: '2025-08-19 15:41:21.450045'
  msg: ''
  rc: 0
  start: '2025-08-19 15:41:21.445809'
  stderr: ''
  stderr_lines: <omitted>
  stdout: up 2 weeks, 3 days, 23 hours, 48 minutes
  stdout_lines: <omitted>
2025-08-19 11:41:22,326 p=2551 u=ollama n=ansible | TASK [VALIDATION | Verify node is not in maintenance mode] *********************
2025-08-19 11:41:22,327 p=2551 u=ollama n=ansible | ok: [k8s01] => changed=false 
  failed_when_result: false
  stat:
    exists: false
2025-08-19 11:41:22,351 p=2551 u=ollama n=ansible | TASK [VALIDATION | Check CPU cores] ********************************************
2025-08-19 11:41:22,351 p=2551 u=ollama n=ansible | ok: [k8s01] => changed=false 
  msg: CPU cores check passed (4 cores)
2025-08-19 11:41:22,376 p=2551 u=ollama n=ansible | TASK [VALIDATION | Check available memory] *************************************
2025-08-19 11:41:22,376 p=2551 u=ollama n=ansible | ok: [k8s01] => changed=false 
  msg: Memory check passed (15773MB)
2025-08-19 11:41:22,415 p=2551 u=ollama n=ansible | TASK [VALIDATION | Check disk space on root partition] *************************
2025-08-19 11:41:22,415 p=2551 u=ollama n=ansible | ok: [k8s01] => changed=false 
  msg: Disk space check passed
2025-08-19 11:41:22,691 p=2551 u=ollama n=ansible | TASK [VALIDATION | Verify swap is disabled] ************************************
2025-08-19 11:41:22,691 p=2551 u=ollama n=ansible | ok: [k8s01] => changed=false 
  cmd:
  - swapon
  - --show
  delta: '0:00:00.003915'
  end: '2025-08-19 15:41:22.045757'
  failed_when_result: false
  msg: ''
  rc: 0
  start: '2025-08-19 15:41:22.041842'
  stderr: ''
  stderr_lines: <omitted>
  stdout: ''
  stdout_lines: <omitted>
2025-08-19 11:41:22,716 p=2551 u=ollama n=ansible | TASK [VALIDATION | Check kernel version] ***************************************
2025-08-19 11:41:22,716 p=2551 u=ollama n=ansible | ok: [k8s01] => changed=false 
  msg: Kernel version check passed (6.8.0-63-generic)
2025-08-19 11:41:23,076 p=2551 u=ollama n=ansible | TASK [VALIDATION | Test connectivity to API server VIP] ************************
2025-08-19 11:41:23,077 p=2551 u=ollama n=ansible | ok: [k8s01] => changed=false 
  elapsed: 0
  match_groupdict: {}
  match_groups: []
  path: null
  port: 6443
  search_regex: null
  state: started
2025-08-19 11:41:23,324 p=2551 u=ollama n=ansible | TASK [VALIDATION | Test DNS resolution] ****************************************
2025-08-19 11:41:23,324 p=2551 u=ollama n=ansible | ok: [k8s01] => changed=false 
  cmd: nslookup kubernetes.default.svc.cluster.local
  failed_when_result: false
  msg: '[Errno 2] No such file or directory: b''nslookup'''
  rc: 2
  stderr: ''
  stderr_lines: <omitted>
  stdout: ''
  stdout_lines: <omitted>
2025-08-19 11:41:23,346 p=2551 u=ollama n=ansible | TASK [VALIDATION | Check network interfaces] ***********************************
2025-08-19 11:41:23,347 p=2551 u=ollama n=ansible | ok: [k8s01] => changed=false 
  msg: Network interfaces check passed
2025-08-19 11:41:23,618 p=2551 u=ollama n=ansible | TASK [VALIDATION | Test connectivity between nodes] ****************************
2025-08-19 11:41:23,619 p=2551 u=ollama n=ansible | ok: [k8s01] => (item=k8s02) => changed=false 
  ansible_loop_var: item
  cmd: ping -c 2 -W 2 192.168.0.51
  failed_when_result: false
  item: k8s02
  msg: '[Errno 2] No such file or directory: b''ping'''
  rc: 2
  stderr: ''
  stderr_lines: <omitted>
  stdout: ''
  stdout_lines: <omitted>
2025-08-19 11:41:23,855 p=2551 u=ollama n=ansible | ok: [k8s01] => (item=k8s03) => changed=false 
  ansible_loop_var: item
  cmd: ping -c 2 -W 2 192.168.0.52
  failed_when_result: false
  item: k8s03
  msg: '[Errno 2] No such file or directory: b''ping'''
  rc: 2
  stderr: ''
  stderr_lines: <omitted>
  stdout: ''
  stdout_lines: <omitted>
2025-08-19 11:41:24,099 p=2551 u=ollama n=ansible | ok: [k8s01] => (item=k8s04) => changed=false 
  ansible_loop_var: item
  cmd: ping -c 2 -W 2 192.168.0.53
  failed_when_result: false
  item: k8s04
  msg: '[Errno 2] No such file or directory: b''ping'''
  rc: 2
  stderr: ''
  stderr_lines: <omitted>
  stdout: ''
  stdout_lines: <omitted>
2025-08-19 11:41:24,336 p=2551 u=ollama n=ansible | ok: [k8s01] => (item=k8s05) => changed=false 
  ansible_loop_var: item
  cmd: ping -c 2 -W 2 192.168.0.54
  failed_when_result: false
  item: k8s05
  msg: '[Errno 2] No such file or directory: b''ping'''
  rc: 2
  stderr: ''
  stderr_lines: <omitted>
  stdout: ''
  stdout_lines: <omitted>
2025-08-19 11:41:24,571 p=2551 u=ollama n=ansible | ok: [k8s01] => (item=k8s06) => changed=false 
  ansible_loop_var: item
  cmd: ping -c 2 -W 2 192.168.0.55
  failed_when_result: false
  item: k8s06
  msg: '[Errno 2] No such file or directory: b''ping'''
  rc: 2
  stderr: ''
  stderr_lines: <omitted>
  stdout: ''
  stdout_lines: <omitted>
2025-08-19 11:41:24,811 p=2551 u=ollama n=ansible | ok: [k8s01] => (item=k8s07) => changed=false 
  ansible_loop_var: item
  cmd: ping -c 2 -W 2 192.168.0.56
  failed_when_result: false
  item: k8s07
  msg: '[Errno 2] No such file or directory: b''ping'''
  rc: 2
  stderr: ''
  stderr_lines: <omitted>
  stdout: ''
  stdout_lines: <omitted>
2025-08-19 11:41:25,050 p=2551 u=ollama n=ansible | ok: [k8s01] => (item=k8s08) => changed=false 
  ansible_loop_var: item
  cmd: ping -c 2 -W 2 192.168.0.57
  failed_when_result: false
  item: k8s08
  msg: '[Errno 2] No such file or directory: b''ping'''
  rc: 2
  stderr: ''
  stderr_lines: <omitted>
  stdout: ''
  stdout_lines: <omitted>
2025-08-19 11:41:25,329 p=2551 u=ollama n=ansible | ok: [k8s01] => (item=k8s09) => changed=false 
  ansible_loop_var: item
  cmd: ping -c 2 -W 2 192.168.0.58
  failed_when_result: false
  item: k8s09
  msg: '[Errno 2] No such file or directory: b''ping'''
  rc: 2
  stderr: ''
  stderr_lines: <omitted>
  stdout: ''
  stdout_lines: <omitted>
2025-08-19 11:41:26,008 p=2551 u=ollama n=ansible | TASK [VALIDATION | Check kubelet service status] *******************************
2025-08-19 11:41:26,010 p=2551 u=ollama n=ansible | ok: [k8s01] => changed=false 
  name: kubelet
  state: started
  status:
    ActiveEnterTimestamp: Tue 2025-08-19 13:25:02 UTC
    ActiveEnterTimestampMonotonic: '1546348583185'
    ActiveExitTimestamp: Tue 2025-08-19 13:25:02 UTC
    ActiveExitTimestampMonotonic: '1546348551729'
    ActiveState: active
    After: systemd-journald.socket network-online.target sysinit.target basic.target system.slice
    AllowIsolate: 'no'
    AssertResult: 'yes'
    AssertTimestamp: Tue 2025-08-19 13:25:02 UTC
    AssertTimestampMonotonic: '1546348576355'
    Before: multi-user.target shutdown.target
    BlockIOAccounting: 'no'
    BlockIOWeight: '[not set]'
    CPUAccounting: 'yes'
    CPUAffinityFromNUMA: 'no'
    CPUQuotaPerSecUSec: infinity
    CPUQuotaPeriodUSec: infinity
    CPUSchedulingPolicy: '0'
    CPUSchedulingPriority: '0'
    CPUSchedulingResetOnFork: 'no'
    CPUShares: '[not set]'
    CPUUsageNSec: '248800360000'
    CPUWeight: '[not set]'
    CacheDirectoryMode: '0755'
    CanFreeze: 'yes'
    CanIsolate: 'no'
    CanReload: 'no'
    CanStart: 'yes'
    CanStop: 'yes'
    CapabilityBoundingSet: cap_chown cap_dac_override cap_dac_read_search cap_fowner cap_fsetid cap_kill cap_setgid cap_setuid cap_setpcap cap_linux_immutable cap_net_bind_service cap_net_broadcast cap_net_admin cap_net_raw cap_ipc_lock cap_ipc_owner cap_sys_module cap_sys_rawio cap_sys_chroot cap_sys_ptrace cap_sys_pacct cap_sys_admin cap_sys_boot cap_sys_nice cap_sys_resource cap_sys_time cap_sys_tty_config cap_mknod cap_lease cap_audit_write cap_audit_control cap_setfcap cap_mac_override cap_mac_admin cap_syslog cap_wake_alarm cap_block_suspend cap_audit_read cap_perfmon cap_bpf cap_checkpoint_restore
    CleanResult: success
    CollectMode: inactive
    ConditionResult: 'yes'
    ConditionTimestamp: Tue 2025-08-19 13:25:02 UTC
    ConditionTimestampMonotonic: '1546348576353'
    ConfigurationDirectoryMode: '0755'
    Conflicts: shutdown.target
    ControlGroup: /system.slice/kubelet.service
    ControlGroupId: '32470'
    ControlPID: '0'
    CoredumpFilter: '0x33'
    CoredumpReceive: 'no'
    DefaultDependencies: 'yes'
    DefaultMemoryLow: '0'
    DefaultMemoryMin: '0'
    DefaultStartupMemoryLow: '0'
    Delegate: 'no'
    Description: 'kubelet: The Kubernetes Node Agent'
    DevicePolicy: auto
    Documentation: https://kubernetes.io/docs/
    DropInPaths: /usr/lib/systemd/system/kubelet.service.d/10-kubeadm.conf
    DynamicUser: 'no'
    EffectiveCPUs: 0-3
    EffectiveMemoryNodes: '0'
    Environment: '"KUBELET_KUBECONFIG_ARGS=--bootstrap-kubeconfig=/etc/kubernetes/bootstrap-kubelet.conf --kubeconfig=/etc/kubernetes/kubelet.conf" KUBELET_CONFIG_ARGS=--config=/var/lib/kubelet/config.yaml'
    EnvironmentFiles: /etc/default/kubelet (ignore_errors=yes)
    ExecMainCode: '0'
    ExecMainExitTimestampMonotonic: '0'
    ExecMainPID: '233041'
    ExecMainStartTimestamp: Tue 2025-08-19 13:25:02 UTC
    ExecMainStartTimestampMonotonic: '1546348582100'
    ExecMainStatus: '0'
    ExecStart: '{ path=/usr/bin/kubelet ; argv[]=/usr/bin/kubelet $KUBELET_KUBECONFIG_ARGS $KUBELET_CONFIG_ARGS $KUBELET_KUBEADM_ARGS $KUBELET_EXTRA_ARGS ; ignore_errors=no ; start_time=[Tue 2025-08-19 13:25:02 UTC] ; stop_time=[n/a] ; pid=233041 ; code=(null) ; status=0/0 }'
    ExecStartEx: '{ path=/usr/bin/kubelet ; argv[]=/usr/bin/kubelet $KUBELET_KUBECONFIG_ARGS $KUBELET_CONFIG_ARGS $KUBELET_KUBEADM_ARGS $KUBELET_EXTRA_ARGS ; flags= ; start_time=[Tue 2025-08-19 13:25:02 UTC] ; stop_time=[n/a] ; pid=233041 ; code=(null) ; status=0/0 }'
    ExitType: main
    ExtensionImagePolicy: root=verity+signed+encrypted+unprotected+absent:usr=verity+signed+encrypted+unprotected+absent:home=encrypted+unprotected+absent:srv=encrypted+unprotected+absent:tmp=encrypted+unprotected+absent:var=encrypted+unprotected+absent
    FailureAction: none
    FileDescriptorStoreMax: '0'
    FileDescriptorStorePreserve: restart
    FinalKillSignal: '9'
    FragmentPath: /usr/lib/systemd/system/kubelet.service
    FreezerState: running
    GID: '[not set]'
    GuessMainPID: 'yes'
    IOAccounting: 'no'
    IOReadBytes: '[not set]'
    IOReadOperations: '[not set]'
    IOSchedulingClass: '2'
    IOSchedulingPriority: '4'
    IOWeight: '[not set]'
    IOWriteBytes: '[not set]'
    IOWriteOperations: '[not set]'
    IPAccounting: 'no'
    IPEgressBytes: '[no data]'
    IPEgressPackets: '[no data]'
    IPIngressBytes: '[no data]'
    IPIngressPackets: '[no data]'
    Id: kubelet.service
    IgnoreOnIsolate: 'no'
    IgnoreSIGPIPE: 'yes'
    InactiveEnterTimestamp: Tue 2025-08-19 13:25:02 UTC
    InactiveEnterTimestampMonotonic: '1546348575373'
    InactiveExitTimestamp: Tue 2025-08-19 13:25:02 UTC
    InactiveExitTimestampMonotonic: '1546348583185'
    InvocationID: e270e124dc30450f851c240f7b2a9819
    JobRunningTimeoutUSec: infinity
    JobTimeoutAction: none
    JobTimeoutUSec: infinity
    KeyringMode: private
    KillMode: control-group
    KillSignal: '15'
    LimitAS: infinity
    LimitASSoft: infinity
    LimitCORE: infinity
    LimitCORESoft: '0'
    LimitCPU: infinity
    LimitCPUSoft: infinity
    LimitDATA: infinity
    LimitDATASoft: infinity
    LimitFSIZE: infinity
    LimitFSIZESoft: infinity
    LimitLOCKS: infinity
    LimitLOCKSSoft: infinity
    LimitMEMLOCK: '8388608'
    LimitMEMLOCKSoft: '8388608'
    LimitMSGQUEUE: '819200'
    LimitMSGQUEUESoft: '819200'
    LimitNICE: '0'
    LimitNICESoft: '0'
    LimitNOFILE: '524288'
    LimitNOFILESoft: '1024'
    LimitNPROC: '62782'
    LimitNPROCSoft: '62782'
    LimitRSS: infinity
    LimitRSSSoft: infinity
    LimitRTPRIO: '0'
    LimitRTPRIOSoft: '0'
    LimitRTTIME: infinity
    LimitRTTIMESoft: infinity
    LimitSIGPENDING: '62782'
    LimitSIGPENDINGSoft: '62782'
    LimitSTACK: infinity
    LimitSTACKSoft: '8388608'
    LoadState: loaded
    LockPersonality: 'no'
    LogLevelMax: '-1'
    LogRateLimitBurst: '0'
    LogRateLimitIntervalUSec: '0'
    LogsDirectoryMode: '0755'
    MainPID: '233041'
    ManagedOOMMemoryPressure: auto
    ManagedOOMMemoryPressureLimit: '0'
    ManagedOOMPreference: none
    ManagedOOMSwap: auto
    MemoryAccounting: 'yes'
    MemoryAvailable: '13578051584'
    MemoryCurrent: '50806784'
    MemoryDenyWriteExecute: 'no'
    MemoryHigh: infinity
    MemoryKSM: 'no'
    MemoryLimit: infinity
    MemoryLow: '0'
    MemoryMax: infinity
    MemoryMin: '0'
    MemoryPeak: '52477952'
    MemoryPressureThresholdUSec: 200ms
    MemoryPressureWatch: auto
    MemorySwapCurrent: '0'
    MemorySwapMax: infinity
    MemorySwapPeak: '0'
    MemoryZSwapCurrent: '0'
    MemoryZSwapMax: infinity
    MountAPIVFS: 'no'
    MountImagePolicy: root=verity+signed+encrypted+unprotected+absent:usr=verity+signed+encrypted+unprotected+absent:home=encrypted+unprotected+absent:srv=encrypted+unprotected+absent:tmp=encrypted+unprotected+absent:var=encrypted+unprotected+absent
    NFileDescriptorStore: '0'
    NRestarts: '0'
    NUMAPolicy: n/a
    Names: kubelet.service
    NeedDaemonReload: 'no'
    Nice: '0'
    NoNewPrivileges: 'no'
    NonBlocking: 'no'
    NotifyAccess: none
    OOMPolicy: stop
    OOMScoreAdjust: '0'
    OnFailureJobMode: replace
    OnSuccessJobMode: fail
    Perpetual: 'no'
    PrivateDevices: 'no'
    PrivateIPC: 'no'
    PrivateMounts: 'no'
    PrivateNetwork: 'no'
    PrivateTmp: 'no'
    PrivateUsers: 'no'
    ProcSubset: all
    ProtectClock: 'no'
    ProtectControlGroups: 'no'
    ProtectHome: 'no'
    ProtectHostname: 'no'
    ProtectKernelLogs: 'no'
    ProtectKernelModules: 'no'
    ProtectKernelTunables: 'no'
    ProtectProc: default
    ProtectSystem: 'no'
    RefuseManualStart: 'no'
    RefuseManualStop: 'no'
    ReloadResult: success
    ReloadSignal: '1'
    RemainAfterExit: 'no'
    RemoveIPC: 'no'
    Requires: system.slice sysinit.target
    Restart: always
    RestartKillSignal: '15'
    RestartMaxDelayUSec: infinity
    RestartMode: normal
    RestartSteps: '0'
    RestartUSec: 10s
    RestartUSecNext: 10s
    RestrictNamespaces: 'no'
    RestrictRealtime: 'no'
    RestrictSUIDSGID: 'no'
    Result: success
    RootDirectoryStartOnly: 'no'
    RootEphemeral: 'no'
    RootImagePolicy: root=verity+signed+encrypted+unprotected+absent:usr=verity+signed+encrypted+unprotected+absent:home=encrypted+unprotected+absent:srv=encrypted+unprotected+absent:tmp=encrypted+unprotected+absent:var=encrypted+unprotected+absent
    RuntimeDirectoryMode: '0755'
    RuntimeDirectoryPreserve: 'no'
    RuntimeMaxUSec: infinity
    RuntimeRandomizedExtraUSec: '0'
    SameProcessGroup: 'no'
    SecureBits: '0'
    SendSIGHUP: 'no'
    SendSIGKILL: 'yes'
    SetLoginEnvironment: 'no'
    Slice: system.slice
    StandardError: inherit
    StandardInput: 'null'
    StandardOutput: journal
    StartLimitAction: none
    StartLimitBurst: '5'
    StartLimitIntervalUSec: '0'
    StartupBlockIOWeight: '[not set]'
    StartupCPUShares: '[not set]'
    StartupCPUWeight: '[not set]'
    StartupIOWeight: '[not set]'
    StartupMemoryHigh: infinity
    StartupMemoryLow: '0'
    StartupMemoryMax: infinity
    StartupMemorySwapMax: infinity
    StartupMemoryZSwapMax: infinity
    StateChangeTimestamp: Tue 2025-08-19 13:25:02 UTC
    StateChangeTimestampMonotonic: '1546348583185'
    StateDirectoryMode: '0755'
    StatusErrno: '0'
    StopWhenUnneeded: 'no'
    SubState: running
    SuccessAction: none
    SurviveFinalKillSignal: 'no'
    SyslogFacility: '3'
    SyslogLevel: '6'
    SyslogLevelPrefix: 'yes'
    SyslogPriority: '30'
    SystemCallErrorNumber: '2147483646'
    TTYReset: 'no'
    TTYVHangup: 'no'
    TTYVTDisallocate: 'no'
    TasksAccounting: 'yes'
    TasksCurrent: '14'
    TasksMax: '18834'
    TimeoutAbortUSec: 1min 30s
    TimeoutCleanUSec: infinity
    TimeoutStartFailureMode: terminate
    TimeoutStartUSec: 1min 30s
    TimeoutStopFailureMode: terminate
    TimeoutStopUSec: 1min 30s
    TimerSlackNSec: '50000'
    Transient: 'no'
    Type: simple
    UID: '[not set]'
    UMask: '0022'
    UnitFilePreset: enabled
    UnitFileState: enabled
    UtmpMode: init
    WantedBy: multi-user.target
    Wants: network-online.target
    WatchdogSignal: '6'
    WatchdogTimestampMonotonic: '0'
    WatchdogUSec: '0'
2025-08-19 11:41:26,472 p=2551 u=ollama n=ansible | TASK [VALIDATION | Check containerd service status] ****************************
2025-08-19 11:41:26,475 p=2551 u=ollama n=ansible | ok: [k8s01] => changed=false 
  name: containerd
  state: started
  status:
    ActiveEnterTimestamp: Fri 2025-08-01 15:52:39 UTC
    ActiveEnterTimestampMonotonic: '5123473'
    ActiveExitTimestampMonotonic: '0'
    ActiveState: active
    After: local-fs.target dbus.service network.target systemd-journald.socket system.slice sysinit.target basic.target
    AllowIsolate: 'no'
    AssertResult: 'yes'
    AssertTimestamp: Fri 2025-08-01 15:52:38 UTC
    AssertTimestampMonotonic: '4628809'
    Before: multi-user.target shutdown.target
    BlockIOAccounting: 'no'
    BlockIOWeight: '[not set]'
    CPUAccounting: 'yes'
    CPUAffinityFromNUMA: 'no'
    CPUQuotaPerSecUSec: infinity
    CPUQuotaPeriodUSec: infinity
    CPUSchedulingPolicy: '0'
    CPUSchedulingPriority: '0'
    CPUSchedulingResetOnFork: 'no'
    CPUShares: '[not set]'
    CPUUsageNSec: '22718221846000'
    CPUWeight: '[not set]'
    CacheDirectoryMode: '0755'
    CanFreeze: 'yes'
    CanIsolate: 'no'
    CanReload: 'no'
    CanStart: 'yes'
    CanStop: 'yes'
    CapabilityBoundingSet: cap_chown cap_dac_override cap_dac_read_search cap_fowner cap_fsetid cap_kill cap_setgid cap_setuid cap_setpcap cap_linux_immutable cap_net_bind_service cap_net_broadcast cap_net_admin cap_net_raw cap_ipc_lock cap_ipc_owner cap_sys_module cap_sys_rawio cap_sys_chroot cap_sys_ptrace cap_sys_pacct cap_sys_admin cap_sys_boot cap_sys_nice cap_sys_resource cap_sys_time cap_sys_tty_config cap_mknod cap_lease cap_audit_write cap_audit_control cap_setfcap cap_mac_override cap_mac_admin cap_syslog cap_wake_alarm cap_block_suspend cap_audit_read cap_perfmon cap_bpf cap_checkpoint_restore
    CleanResult: success
    CollectMode: inactive
    ConditionResult: 'yes'
    ConditionTimestamp: Fri 2025-08-01 15:52:38 UTC
    ConditionTimestampMonotonic: '4628807'
    ConfigurationDirectoryMode: '0755'
    Conflicts: shutdown.target
    ControlGroup: /system.slice/containerd.service
    ControlGroupId: '3538'
    ControlPID: '0'
    CoredumpFilter: '0x33'
    CoredumpReceive: 'no'
    DefaultDependencies: 'yes'
    DefaultMemoryLow: '0'
    DefaultMemoryMin: '0'
    DefaultStartupMemoryLow: '0'
    Delegate: 'yes'
    DelegateControllers: cpu cpuset io memory pids
    Description: containerd container runtime
    DevicePolicy: auto
    Documentation: https://containerd.io
    DynamicUser: 'no'
    EffectiveCPUs: 0-3
    EffectiveMemoryNodes: '0'
    ExecMainCode: '0'
    ExecMainExitTimestampMonotonic: '0'
    ExecMainPID: '715'
    ExecMainStartTimestamp: Fri 2025-08-01 15:52:38 UTC
    ExecMainStartTimestampMonotonic: '4639317'
    ExecMainStatus: '0'
    ExecStart: '{ path=/usr/bin/containerd ; argv[]=/usr/bin/containerd ; ignore_errors=no ; start_time=[n/a] ; stop_time=[n/a] ; pid=0 ; code=(null) ; status=0/0 }'
    ExecStartEx: '{ path=/usr/bin/containerd ; argv[]=/usr/bin/containerd ; flags= ; start_time=[n/a] ; stop_time=[n/a] ; pid=0 ; code=(null) ; status=0/0 }'
    ExecStartPre: '{ path=/sbin/modprobe ; argv[]=/sbin/modprobe overlay ; ignore_errors=yes ; start_time=[n/a] ; stop_time=[n/a] ; pid=0 ; code=(null) ; status=0/0 }'
    ExecStartPreEx: '{ path=/sbin/modprobe ; argv[]=/sbin/modprobe overlay ; flags=ignore-failure ; start_time=[n/a] ; stop_time=[n/a] ; pid=0 ; code=(null) ; status=0/0 }'
    ExitType: main
    ExtensionImagePolicy: root=verity+signed+encrypted+unprotected+absent:usr=verity+signed+encrypted+unprotected+absent:home=encrypted+unprotected+absent:srv=encrypted+unprotected+absent:tmp=encrypted+unprotected+absent:var=encrypted+unprotected+absent
    FailureAction: none
    FileDescriptorStoreMax: '0'
    FileDescriptorStorePreserve: restart
    FinalKillSignal: '9'
    FragmentPath: /usr/lib/systemd/system/containerd.service
    FreezerState: running
    GID: '[not set]'
    GuessMainPID: 'yes'
    IOAccounting: 'no'
    IOReadBytes: '[not set]'
    IOReadOperations: '[not set]'
    IOSchedulingClass: '2'
    IOSchedulingPriority: '4'
    IOWeight: '[not set]'
    IOWriteBytes: '[not set]'
    IOWriteOperations: '[not set]'
    IPAccounting: 'no'
    IPEgressBytes: '[no data]'
    IPEgressPackets: '[no data]'
    IPIngressBytes: '[no data]'
    IPIngressPackets: '[no data]'
    Id: containerd.service
    IgnoreOnIsolate: 'no'
    IgnoreSIGPIPE: 'yes'
    InactiveEnterTimestampMonotonic: '0'
    InactiveExitTimestamp: Fri 2025-08-01 15:52:38 UTC
    InactiveExitTimestampMonotonic: '4635205'
    InvocationID: 055cdfd2ff8a4140b8ef14ca82959c41
    JobRunningTimeoutUSec: infinity
    JobTimeoutAction: none
    JobTimeoutUSec: infinity
    KeyringMode: private
    KillMode: process
    KillSignal: '15'
    LimitAS: infinity
    LimitASSoft: infinity
    LimitCORE: infinity
    LimitCORESoft: infinity
    LimitCPU: infinity
    LimitCPUSoft: infinity
    LimitDATA: infinity
    LimitDATASoft: infinity
    LimitFSIZE: infinity
    LimitFSIZESoft: infinity
    LimitLOCKS: infinity
    LimitLOCKSSoft: infinity
    LimitMEMLOCK: '8388608'
    LimitMEMLOCKSoft: '8388608'
    LimitMSGQUEUE: '819200'
    LimitMSGQUEUESoft: '819200'
    LimitNICE: '0'
    LimitNICESoft: '0'
    LimitNOFILE: infinity
    LimitNOFILESoft: infinity
    LimitNPROC: infinity
    LimitNPROCSoft: infinity
    LimitRSS: infinity
    LimitRSSSoft: infinity
    LimitRTPRIO: '0'
    LimitRTPRIOSoft: '0'
    LimitRTTIME: infinity
    LimitRTTIMESoft: infinity
    LimitSIGPENDING: '62782'
    LimitSIGPENDINGSoft: '62782'
    LimitSTACK: infinity
    LimitSTACKSoft: '8388608'
    LoadState: loaded
    LockPersonality: 'no'
    LogLevelMax: '-1'
    LogRateLimitBurst: '0'
    LogRateLimitIntervalUSec: '0'
    LogsDirectoryMode: '0755'
    MainPID: '715'
    ManagedOOMMemoryPressure: auto
    ManagedOOMMemoryPressureLimit: '0'
    ManagedOOMPreference: none
    ManagedOOMSwap: auto
    MemoryAccounting: 'yes'
    MemoryAvailable: '13577285632'
    MemoryCurrent: '2776252416'
    MemoryDenyWriteExecute: 'no'
    MemoryHigh: infinity
    MemoryKSM: 'no'
    MemoryLimit: infinity
    MemoryLow: '0'
    MemoryMax: infinity
    MemoryMin: '0'
    MemoryPeak: '2795786240'
    MemoryPressureThresholdUSec: 200ms
    MemoryPressureWatch: auto
    MemorySwapCurrent: '0'
    MemorySwapMax: infinity
    MemorySwapPeak: '0'
    MemoryZSwapCurrent: '0'
    MemoryZSwapMax: infinity
    MountAPIVFS: 'no'
    MountImagePolicy: root=verity+signed+encrypted+unprotected+absent:usr=verity+signed+encrypted+unprotected+absent:home=encrypted+unprotected+absent:srv=encrypted+unprotected+absent:tmp=encrypted+unprotected+absent:var=encrypted+unprotected+absent
    NFileDescriptorStore: '0'
    NRestarts: '0'
    NUMAPolicy: n/a
    Names: containerd.service
    NeedDaemonReload: 'no'
    Nice: '0'
    NoNewPrivileges: 'no'
    NonBlocking: 'no'
    NotifyAccess: main
    OOMPolicy: continue
    OOMScoreAdjust: '-999'
    OnFailureJobMode: replace
    OnSuccessJobMode: fail
    Perpetual: 'no'
    PrivateDevices: 'no'
    PrivateIPC: 'no'
    PrivateMounts: 'no'
    PrivateNetwork: 'no'
    PrivateTmp: 'no'
    PrivateUsers: 'no'
    ProcSubset: all
    ProtectClock: 'no'
    ProtectControlGroups: 'no'
    ProtectHome: 'no'
    ProtectHostname: 'no'
    ProtectKernelLogs: 'no'
    ProtectKernelModules: 'no'
    ProtectKernelTunables: 'no'
    ProtectProc: default
    ProtectSystem: 'no'
    RefuseManualStart: 'no'
    RefuseManualStop: 'no'
    ReloadResult: success
    ReloadSignal: '1'
    RemainAfterExit: 'no'
    RemoveIPC: 'no'
    Requires: system.slice sysinit.target
    Restart: always
    RestartKillSignal: '15'
    RestartMaxDelayUSec: infinity
    RestartMode: normal
    RestartSteps: '0'
    RestartUSec: 5s
    RestartUSecNext: 5s
    RestrictNamespaces: 'no'
    RestrictRealtime: 'no'
    RestrictSUIDSGID: 'no'
    Result: success
    RootDirectoryStartOnly: 'no'
    RootEphemeral: 'no'
    RootImagePolicy: root=verity+signed+encrypted+unprotected+absent:usr=verity+signed+encrypted+unprotected+absent:home=encrypted+unprotected+absent:srv=encrypted+unprotected+absent:tmp=encrypted+unprotected+absent:var=encrypted+unprotected+absent
    RuntimeDirectoryMode: '0755'
    RuntimeDirectoryPreserve: 'no'
    RuntimeMaxUSec: infinity
    RuntimeRandomizedExtraUSec: '0'
    SameProcessGroup: 'no'
    SecureBits: '0'
    SendSIGHUP: 'no'
    SendSIGKILL: 'yes'
    SetLoginEnvironment: 'no'
    Slice: system.slice
    StandardError: inherit
    StandardInput: 'null'
    StandardOutput: journal
    StartLimitAction: none
    StartLimitBurst: '5'
    StartLimitIntervalUSec: 10s
    StartupBlockIOWeight: '[not set]'
    StartupCPUShares: '[not set]'
    StartupCPUWeight: '[not set]'
    StartupIOWeight: '[not set]'
    StartupMemoryHigh: infinity
    StartupMemoryLow: '0'
    StartupMemoryMax: infinity
    StartupMemorySwapMax: infinity
    StartupMemoryZSwapMax: infinity
    StateChangeTimestamp: Fri 2025-08-01 15:52:39 UTC
    StateChangeTimestampMonotonic: '5123473'
    StateDirectoryMode: '0755'
    StatusErrno: '0'
    StopWhenUnneeded: 'no'
    SubState: running
    SuccessAction: none
    SurviveFinalKillSignal: 'no'
    SyslogFacility: '3'
    SyslogLevel: '6'
    SyslogLevelPrefix: 'yes'
    SyslogPriority: '30'
    SystemCallErrorNumber: '2147483646'
    TTYReset: 'no'
    TTYVHangup: 'no'
    TTYVTDisallocate: 'no'
    TasksAccounting: 'yes'
    TasksCurrent: '224'
    TasksMax: infinity
    TimeoutAbortUSec: 1min 30s
    TimeoutCleanUSec: infinity
    TimeoutStartFailureMode: terminate
    TimeoutStartUSec: 1min 30s
    TimeoutStopFailureMode: terminate
    TimeoutStopUSec: 1min 30s
    TimerSlackNSec: '50000'
    Transient: 'no'
    Type: notify
    UID: '[not set]'
    UMask: '0022'
    UnitFilePreset: enabled
    UnitFileState: enabled
    UtmpMode: init
    WantedBy: multi-user.target
    WatchdogSignal: '6'
    WatchdogTimestampMonotonic: '0'
    WatchdogUSec: '0'
2025-08-19 11:41:26,768 p=2551 u=ollama n=ansible | TASK [VALIDATION | Verify kubelet version] *************************************
2025-08-19 11:41:26,769 p=2551 u=ollama n=ansible | ok: [k8s01] => changed=false 
  cmd:
  - kubelet
  - --version
  delta: '0:00:00.044357'
  end: '2025-08-19 15:41:26.008212'
  msg: ''
  rc: 0
  start: '2025-08-19 15:41:25.963855'
  stderr: ''
  stderr_lines: <omitted>
  stdout: Kubernetes v1.32.8
  stdout_lines: <omitted>
2025-08-19 11:41:27,126 p=2551 u=ollama n=ansible | TASK [VALIDATION | Check current node status] **********************************
2025-08-19 11:41:27,127 p=2551 u=ollama n=ansible | ok: [k8s01] => changed=false 
  cmd:
  - kubectl
  - get
  - node
  - k8s01
  - -o
  - json
  delta: '0:00:00.086865'
  end: '2025-08-19 15:41:26.352479'
  msg: ''
  rc: 0
  start: '2025-08-19 15:41:26.265614'
  stderr: ''
  stderr_lines: <omitted>
  stdout: |-
    {
        "apiVersion": "v1",
        "kind": "Node",
        "metadata": {
            "annotations": {
                "kubeadm.alpha.kubernetes.io/cri-socket": "unix:///var/run/containerd/containerd.sock",
                "node.alpha.kubernetes.io/ttl": "0",
                "volumes.kubernetes.io/controller-managed-attach-detach": "true"
            },
            "creationTimestamp": "2025-07-06T14:07:10Z",
            "labels": {
                "beta.kubernetes.io/arch": "amd64",
                "beta.kubernetes.io/os": "linux",
                "kubernetes.io/arch": "amd64",
                "kubernetes.io/hostname": "k8s01",
                "kubernetes.io/os": "linux",
                "node-role.kubernetes.io/control-plane": "",
                "node.kubernetes.io/exclude-from-external-load-balancers": ""
            },
            "name": "k8s01",
            "resourceVersion": "28259142",
            "uid": "8b956cf0-9e38-46a5-a331-e949e55d29ac"
        },
        "spec": {
            "podCIDR": "10.244.0.0/24",
            "podCIDRs": [
                "10.244.0.0/24"
            ],
            "taints": [
                {
                    "effect": "NoSchedule",
                    "key": "node-role.kubernetes.io/control-plane"
                }
            ]
        },
        "status": {
            "addresses": [
                {
                    "address": "192.168.0.50",
                    "type": "InternalIP"
                },
                {
                    "address": "k8s01",
                    "type": "Hostname"
                }
            ],
            "allocatable": {
                "cpu": "4",
                "ephemeral-storage": "451628671048",
                "hugepages-2Mi": "0",
                "memory": "16049268Ki",
                "pods": "110"
            },
            "capacity": {
                "cpu": "4",
                "ephemeral-storage": "490048472Ki",
                "hugepages-2Mi": "0",
                "memory": "16151668Ki",
                "pods": "110"
            },
            "conditions": [
                {
                    "lastHeartbeatTime": "2025-07-06T14:18:07Z",
                    "lastTransitionTime": "2025-07-06T14:18:07Z",
                    "message": "Cilium is running on this node",
                    "reason": "CiliumIsUp",
                    "status": "False",
                    "type": "NetworkUnavailable"
                },
                {
                    "lastHeartbeatTime": "2025-08-19T15:37:47Z",
                    "lastTransitionTime": "2025-08-19T13:22:55Z",
                    "message": "kubelet has sufficient memory available",
                    "reason": "KubeletHasSufficientMemory",
                    "status": "False",
                    "type": "MemoryPressure"
                },
                {
                    "lastHeartbeatTime": "2025-08-19T15:37:47Z",
                    "lastTransitionTime": "2025-08-19T13:22:55Z",
                    "message": "kubelet has no disk pressure",
                    "reason": "KubeletHasNoDiskPressure",
                    "status": "False",
                    "type": "DiskPressure"
                },
                {
                    "lastHeartbeatTime": "2025-08-19T15:37:47Z",
                    "lastTransitionTime": "2025-08-19T13:22:55Z",
                    "message": "kubelet has sufficient PID available",
                    "reason": "KubeletHasSufficientPID",
                    "status": "False",
                    "type": "PIDPressure"
                },
                {
                    "lastHeartbeatTime": "2025-08-19T15:37:47Z",
                    "lastTransitionTime": "2025-08-19T13:22:55Z",
                    "message": "kubelet is posting ready status",
                    "reason": "KubeletReady",
                    "status": "True",
                    "type": "Ready"
                }
            ],
            "daemonEndpoints": {
                "kubeletEndpoint": {
                    "Port": 10250
                }
            },
            "images": [
                {
                    "names": [
                        "quay.io/cilium/cilium@sha256:4386a8580d8d86934908eea022b0523f812e6a542f30a86a47edd8bed90d51ea"
                    ],
                    "sizeBytes": 223118854
                },
                {
                    "names": [
                        "ghcr.io/k8snetworkplumbingwg/multus-cni@sha256:81703ef8019866733bcb997d57bc61ef57d530754bd2070eed8496ae062ca212",
                        "ghcr.io/k8snetworkplumbingwg/multus-cni:snapshot"
                    ],
                    "sizeBytes": 209029410
                },
                {
                    "names": [
                        "ghcr.io/k8snetworkplumbingwg/multus-cni@sha256:96dac83cb473da08987abbf2194efe33261c6f577ed42eff1f6e663aa3a22cbe",
                        "ghcr.io/k8snetworkplumbingwg/multus-cni:snapshot-thick"
                    ],
                    "sizeBytes": 195665995
                },
                {
                    "names": [
                        "docker.io/falcosecurity/falco@sha256:5f6f325327c970430b1a73704160b2fd5b2c1396f2dc0b343b2544638b6b569c",
                        "docker.io/falcosecurity/falco:0.41.3"
                    ],
                    "sizeBytes": 76366252
                },
                {
                    "names": [
                        "docker.io/grafana/promtail@sha256:b338a29de45ef8ffa96f882f3a36306b1e61262b2a560ff523e0e2633cccbbc4",
                        "docker.io/grafana/promtail:2.9.3"
                    ],
                    "sizeBytes": 75094050
                },
                {
                    "names": [
                        "quay.io/cilium/cilium-envoy@sha256:9762041c3760de226a8b00cc12f27dacc28b7691ea926748f9b5c18862db503f"
                    ],
                    "sizeBytes": 62171534
                },
                {
                    "names": [
                        "registry.k8s.io/etcd@sha256:c6a9d11cc5c04b114ccdef39a9265eeef818e3d02f5359be035ae784097fdec5",
                        "registry.k8s.io/etcd:3.5.16-0"
                    ],
                    "sizeBytes": 57680541
                },
                {
                    "names": [
                        "registry.k8s.io/etcd@sha256:a6dc63e6e8cfa0307d7851762fa6b629afb18f28d8aa3fab5a6e91b4af60026a",
                        "registry.k8s.io/etcd:3.5.15-0"
                    ],
                    "sizeBytes": 56909194
                },
                {
                    "names": [
                        "quay.io/metallb/speaker@sha256:34e9cc2db6d83ca3ad4d92a6e2eadaf6b78be65621798e90827041749898acc0",
                        "quay.io/metallb/speaker:v0.14.5"
                    ],
                    "sizeBytes": 52754428
                },
                {
                    "names": [
                        "quay.io/kubevirt/virt-operator@sha256:d5fce85dd4232745408daebfbf70c2bc879a06f8340d1f7448b141d5ba3f1821",
                        "quay.io/kubevirt/virt-operator:v1.4.0"
                    ],
                    "sizeBytes": 42216414
                },
                {
                    "names": [
                        "docker.io/falcosecurity/falcoctl@sha256:8e02bfd0c44a954495a5c7f980693f603d47c1bec2e55c86319c55134b9a5b6e",
                        "docker.io/falcosecurity/falcoctl:0.11.2"
                    ],
                    "sizeBytes": 31964684
                },
                {
                    "names": [
                        "quay.io/cilium/operator-generic@sha256:cccfd3b886d52cb132c06acca8ca559f0fce91a6bd99016219b1a81fdbc4813a"
                    ],
                    "sizeBytes": 31097439
                },
                {
                    "names": [
                        "registry.k8s.io/kube-proxy@sha256:adc1335b480ddd833aac3b0bd20f68ff0f3c3cf7a0bd337933b006d9f5cec40a",
                        "registry.k8s.io/kube-proxy:v1.32.8"
                    ],
                    "sizeBytes": 30896189
                },
                {
                    "names": [
                        "registry.k8s.io/kube-proxy@sha256:bcbb293812bdf587b28ea98369a8c347ca84884160046296761acdf12b27029d",
                        "registry.k8s.io/kube-proxy:v1.31.10"
                    ],
                    "sizeBytes": 30382962
                },
                {
                    "names": [
                        "registry.k8s.io/kube-apiserver@sha256:6e1a2f9b24f69ee77d0c0edaf32b31fdbb5e1a613f4476272197e6e1e239050b",
                        "registry.k8s.io/kube-apiserver:v1.32.8"
                    ],
                    "sizeBytes": 28797487
                },
                {
                    "names": [
                        "quay.io/kubevirt/virt-api@sha256:d92c78b3048756fd11d3c6f1a48f4ce8555dd39e866039313dc23bfa70668443",
                        "quay.io/kubevirt/virt-api:v1.4.0"
                    ],
                    "sizeBytes": 28619715
                },
                {
                    "names": [
                        "registry.k8s.io/kube-apiserver@sha256:083d7d64af31cd090f870eb49fb815e6bb42c175fc602ee9dae2f28f082bd4dc",
                        "registry.k8s.io/kube-apiserver:v1.31.10"
                    ],
                    "sizeBytes": 28074544
                },
                {
                    "names": [
                        "quay.io/kubevirt/virt-controller@sha256:68a4967ef5925d4c24fb5eab0aa5acf0a82946beb7f1139bd45c85efe3653cec",
                        "quay.io/kubevirt/virt-controller:v1.4.0"
                    ],
                    "sizeBytes": 27715829
                },
                {
                    "names": [
                        "registry.k8s.io/kube-controller-manager@sha256:8788ccd28ceed9e2e5f8fc31375ef5771df8ea6e518b362c9a06f3cc709cd6c7",
                        "registry.k8s.io/kube-controller-manager:v1.32.8"
                    ],
                    "sizeBytes": 26387322
                },
                {
                    "names": [
                        "registry.k8s.io/kube-controller-manager@sha256:3c67387d023c6114879f1e817669fd641797d30f117230682faf3930ecaaf0fe",
                        "registry.k8s.io/kube-controller-manager:v1.31.10"
                    ],
                    "sizeBytes": 26315128
                },
                {
                    "names": [
                        "registry.k8s.io/kube-scheduler@sha256:43c58bcbd1c7812dd19f8bfa5ae11093ebefd28699453ce86fc710869e155cd4",
                        "registry.k8s.io/kube-scheduler:v1.32.8"
                    ],
                    "sizeBytes": 20778248
                },
                {
                    "names": [
                        "registry.k8s.io/kube-scheduler@sha256:284dc2a5cf6afc9b76e39ad4b79c680c23d289488517643b28784a06d0141272",
                        "registry.k8s.io/kube-scheduler:v1.31.10"
                    ],
                    "sizeBytes": 20385523
                },
                {
                    "names": [
                        "registry.k8s.io/coredns/coredns@sha256:9caabbf6238b189a65d0d6e6ac138de60d6a1c419e5a341fbbb7c78382559c6e",
                        "registry.k8s.io/coredns/coredns:v1.11.3"
                    ],
                    "sizeBytes": 18562039
                },
                {
                    "names": [
                        "quay.io/prometheus/node-exporter@sha256:d00a542e409ee618a4edc67da14dd48c5da66726bbd5537ab2af9c1dfc442c8a",
                        "quay.io/prometheus/node-exporter:v1.9.1"
                    ],
                    "sizeBytes": 12955907
                },
                {
                    "names": [
                        "docker.io/library/busybox@sha256:98ad9d1a2be345201bb0709b0d38655eb1b370145c7d94ca1fe9c421f76e245a",
                        "docker.io/library/busybox:1.35"
                    ],
                    "sizeBytes": 2159953
                },
                {
                    "names": [
                        "docker.io/library/busybox@sha256:f85340bf132ae937d2c2a763b8335c9bab35d6e8293f70f606b9c6178d84f42b",
                        "docker.io/library/busybox:latest"
                    ],
                    "sizeBytes": 2156518
                },
                {
                    "names": [
                        "docker.io/library/busybox@sha256:141c253bc4c3fd0a201d32dc1f493bcf3fff003b6df416dea4f41046e0f37d47",
                        "docker.io/library/busybox:1.28"
                    ],
                    "sizeBytes": 727869
                },
                {
                    "names": [
                        "registry.k8s.io/pause@sha256:ee6521f290b2168b6e0935a181d4cff9be1ac3f505666ef0e3c98fae8199917a",
                        "registry.k8s.io/pause:3.10"
                    ],
                    "sizeBytes": 320368
                },
                {
                    "names": [
                        "registry.k8s.io/pause@sha256:9001185023633d17a2f98ff69b6ff2615b8ea02a825adffa40422f51dfdcde9d",
                        "registry.k8s.io/pause:3.8"
                    ],
                    "sizeBytes": 311286
                },
                {
                    "names": [
                        "gcr.io/google_containers/pause@sha256:927d98197ec1141a368550822d18fa1c60bdae27b78b0c004f705f548c07814f",
                        "gcr.io/google_containers/pause:3.2"
                    ],
                    "sizeBytes": 299513
                }
            ],
            "nodeInfo": {
                "architecture": "amd64",
                "bootID": "c68ea5f9-8ddd-422b-977d-1f77a05b06e4",
                "containerRuntimeVersion": "containerd://1.7.27",
                "kernelVersion": "6.8.0-63-generic",
                "kubeProxyVersion": "v1.32.8",
                "kubeletVersion": "v1.32.8",
                "machineID": "27af2eb77ea54afdaba615ceb88b790e",
                "operatingSystem": "linux",
                "osImage": "Ubuntu 24.04.2 LTS",
                "systemUUID": "03000200-0400-0500-0006-000700080009"
            }
        }
    }
  stdout_lines: <omitted>
2025-08-19 11:41:27,157 p=2551 u=ollama n=ansible | TASK [VALIDATION | Parse node status] ******************************************
2025-08-19 11:41:27,158 p=2551 u=ollama n=ansible | ok: [k8s01] => changed=false 
  ansible_facts:
    node_ready: true
2025-08-19 11:41:27,176 p=2551 u=ollama n=ansible | TASK [VALIDATION | Assert node is Ready] ***************************************
2025-08-19 11:41:27,176 p=2551 u=ollama n=ansible | ok: [k8s01] => changed=false 
  msg: Node k8s01 is Ready
2025-08-19 11:41:27,537 p=2551 u=ollama n=ansible | TASK [VALIDATION | Check etcd health] ******************************************
2025-08-19 11:41:27,537 p=2551 u=ollama n=ansible | ok: [k8s01] => changed=false 
  cmd:
  - etcdctl
  - --endpoints=https://127.0.0.1:2379
  - --cacert=/etc/kubernetes/pki/etcd/ca.crt
  - --cert=/etc/kubernetes/pki/etcd/healthcheck-client.crt
  - --key=/etc/kubernetes/pki/etcd/healthcheck-client.key
  - endpoint
  - health
  delta: '0:00:00.099751'
  end: '2025-08-19 15:41:26.754047'
  msg: ''
  rc: 0
  start: '2025-08-19 15:41:26.654296'
  stderr: ''
  stderr_lines: <omitted>
  stdout: 'https://127.0.0.1:2379 is healthy: successfully committed proposal: took = 16.101078ms'
  stdout_lines: <omitted>
2025-08-19 11:41:28,102 p=2551 u=ollama n=ansible | TASK [VALIDATION | Check API server health] ************************************
2025-08-19 11:41:28,103 p=2551 u=ollama n=ansible | ok: [k8s01] => changed=false 
  audit_id: 29d9d2f4-1a08-474a-b080-b088be1b8cc6
  cache_control: no-cache, private
  connection: close
  content_length: '2'
  content_type: text/plain; charset=utf-8
  cookies: {}
  cookies_string: ''
  date: Tue, 19 Aug 2025 15:41:27 GMT
  elapsed: 0
  msg: OK (2 bytes)
  redirected: false
  status: 200
  url: https://192.168.0.50:6443/healthz
  x_content_type_options: nosniff
  x_kubernetes_pf_flowschema_uid: 6daaafac-3ffd-4122-ac3e-96edf3e0244f
  x_kubernetes_pf_prioritylevel_uid: 8ad84914-4fbb-426f-b582-4331131433d2
2025-08-19 11:41:28,555 p=2551 u=ollama n=ansible | TASK [VALIDATION | Check controller-manager health] ****************************
2025-08-19 11:41:28,556 p=2551 u=ollama n=ansible | ok: [k8s01] => changed=false 
  cache_control: no-cache, private
  connection: close
  content_length: '2'
  content_type: text/plain; charset=utf-8
  cookies: {}
  cookies_string: ''
  date: Tue, 19 Aug 2025 15:41:27 GMT
  elapsed: 0
  msg: OK (2 bytes)
  redirected: false
  status: 200
  url: https://127.0.0.1:10257/healthz
  x_content_type_options: nosniff
2025-08-19 11:41:29,007 p=2551 u=ollama n=ansible | TASK [VALIDATION | Check scheduler health] *************************************
2025-08-19 11:41:29,007 p=2551 u=ollama n=ansible | ok: [k8s01] => changed=false 
  cache_control: no-cache, private
  connection: close
  content_length: '2'
  content_type: text/plain; charset=utf-8
  cookies: {}
  cookies_string: ''
  date: Tue, 19 Aug 2025 15:41:28 GMT
  elapsed: 0
  msg: OK (2 bytes)
  redirected: false
  status: 200
  url: https://127.0.0.1:10259/healthz
  x_content_type_options: nosniff
2025-08-19 11:41:29,295 p=2551 u=ollama n=ansible | TASK [VALIDATION | Verify etcd cluster members] ********************************
2025-08-19 11:41:29,295 p=2551 u=ollama n=ansible | ok: [k8s01] => changed=false 
  cmd:
  - etcdctl
  - --endpoints=https://127.0.0.1:2379
  - --cacert=/etc/kubernetes/pki/etcd/ca.crt
  - --cert=/etc/kubernetes/pki/etcd/healthcheck-client.crt
  - --key=/etc/kubernetes/pki/etcd/healthcheck-client.key
  - member
  - list
  delta: '0:00:00.028714'
  end: '2025-08-19 15:41:28.462638'
  msg: ''
  rc: 0
  start: '2025-08-19 15:41:28.433924'
  stderr: ''
  stderr_lines: <omitted>
  stdout: |-
    8adc34f2f139fc91, started, k8s01, https://192.168.0.50:2380, https://192.168.0.50:2379, false
    ac5d322f7c760201, started, k8s02, https://192.168.0.51:2380, https://192.168.0.51:2379, false
    f835c0e4a6f0bb6c, started, k8s03, https://192.168.0.52:2380, https://192.168.0.52:2379, false
  stdout_lines: <omitted>
2025-08-19 11:41:29,629 p=2551 u=ollama n=ansible | TASK [VALIDATION | Check certificate expiration] *******************************
2025-08-19 11:41:29,630 p=2551 u=ollama n=ansible | ok: [k8s01] => changed=false 
  cmd:
  - kubeadm
  - certs
  - check-expiration
  delta: '0:00:00.079051'
  end: '2025-08-19 15:41:28.786971'
  msg: ''
  rc: 0
  start: '2025-08-19 15:41:28.707920'
  stderr: ''
  stderr_lines: <omitted>
  stdout: |-
    [check-expiration] Reading configuration from the "kubeadm-config" ConfigMap in namespace "kube-system"...
    [check-expiration] Use 'kubeadm init phase upload-config --config your-config.yaml' to re-upload it.
  
    CERTIFICATE                EXPIRES                  RESIDUAL TIME   CERTIFICATE AUTHORITY   EXTERNALLY MANAGED
    admin.conf                 Aug 19, 2026 13:20 UTC   364d            ca                      no
    apiserver                  Aug 19, 2026 13:20 UTC   364d            ca                      no
    apiserver-etcd-client      Aug 19, 2026 13:20 UTC   364d            etcd-ca                 no
    apiserver-kubelet-client   Aug 19, 2026 13:20 UTC   364d            ca                      no
    controller-manager.conf    Aug 19, 2026 13:20 UTC   364d            ca                      no
    etcd-healthcheck-client    Aug 19, 2026 13:20 UTC   364d            etcd-ca                 no
    etcd-peer                  Aug 19, 2026 13:20 UTC   364d            etcd-ca                 no
    etcd-server                Aug 19, 2026 13:20 UTC   364d            etcd-ca                 no
    front-proxy-client         Aug 19, 2026 13:20 UTC   364d            front-proxy-ca          no
    scheduler.conf             Aug 19, 2026 13:20 UTC   364d            ca                      no
    super-admin.conf           Aug 19, 2026 13:20 UTC   364d            ca                      no
  
    CERTIFICATE AUTHORITY   EXPIRES                  RESIDUAL TIME   EXTERNALLY MANAGED
    ca                      Jul 04, 2035 14:06 UTC   9y              no
    etcd-ca                 Jul 04, 2035 14:06 UTC   9y              no
    front-proxy-ca          Jul 04, 2035 14:06 UTC   9y              no
  stdout_lines: <omitted>
2025-08-19 11:41:29,649 p=2551 u=ollama n=ansible | TASK [VALIDATION | Verify certificates not expiring soon] **********************
2025-08-19 11:41:29,649 p=2551 u=ollama n=ansible | ok: [k8s01] => changed=false 
  msg: All certificates are valid
2025-08-19 11:41:30,017 p=2551 u=ollama n=ansible | TASK [VALIDATION | Check for pending pods] *************************************
2025-08-19 11:41:30,019 p=2551 u=ollama n=ansible | ok: [k8s01] => changed=false 
  cmd:
  - kubectl
  - get
  - pods
  - --all-namespaces
  - --field-selector=status.phase=Pending
  - -o
  - json
  delta: '0:00:00.101308'
  end: '2025-08-19 15:41:29.156616'
  msg: ''
  rc: 0
  start: '2025-08-19 15:41:29.055308'
  stderr: ''
  stderr_lines: <omitted>
  stdout: |-
    {
        "apiVersion": "v1",
        "items": [
            {
                "apiVersion": "v1",
                "kind": "Pod",
                "metadata": {
                    "annotations": {
                        "longhorn.io/last-applied-tolerations": "[]"
                    },
                    "creationTimestamp": "2025-08-19T15:35:47Z",
                    "labels": {
                        "longhorn.io/component": "instance-manager",
                        "longhorn.io/data-engine": "v1",
                        "longhorn.io/instance-manager-image": "imi-0dcdaa66",
                        "longhorn.io/instance-manager-type": "aio",
                        "longhorn.io/managed-by": "longhorn-manager",
                        "longhorn.io/node": "k8s04"
                    },
                    "name": "instance-manager-21071198d40f98b538580ddca94266df",
                    "namespace": "longhorn-system",
                    "ownerReferences": [
                        {
                            "apiVersion": "longhorn.io/v1beta2",
                            "blockOwnerDeletion": true,
                            "controller": true,
                            "kind": "InstanceManager",
                            "name": "instance-manager-21071198d40f98b538580ddca94266df",
                            "uid": "d84a8a7c-344f-4039-ac45-106a9c634cf4"
                        }
                    ],
                    "resourceVersion": "28258147",
                    "uid": "b1c3b270-ce6d-4b59-a704-a792855af5c1"
                },
                "spec": {
                    "containers": [
                        {
                            "args": [
                                "instance-manager",
                                "--debug",
                                "daemon",
                                "--listen",
                                "0.0.0.0:8500"
                            ],
                            "env": [
                                {
                                    "name": "TLS_DIR",
                                    "value": "/tls-files/"
                                },
                                {
                                    "name": "POD_IP",
                                    "valueFrom": {
                                        "fieldRef": {
                                            "apiVersion": "v1",
                                            "fieldPath": "status.podIP"
                                        }
                                    }
                                }
                            ],
                            "image": "longhornio/longhorn-instance-manager:v1.7.2",
                            "imagePullPolicy": "IfNotPresent",
                            "livenessProbe": {
                                "exec": {
                                    "command": [
                                        "/bin/sh",
                                        "-c",
                                        "test $(nc -zv localhost 8500 \u003e /dev/null 2\u003e\u00261 \u0026\u0026 nc -zv localhost 8501 \u003e /dev/null 2\u003e\u00261 \u0026\u0026 nc -zv localhost 8502 \u003e /dev/null 2\u003e\u00261 \u0026\u0026 nc -zv localhost 8503 \u003e /dev/null 2\u003e\u00261; echo $?) -eq 0"
                                    ]
                                },
                                "failureThreshold": 3,
                                "initialDelaySeconds": 3,
                                "periodSeconds": 5,
                                "successThreshold": 1,
                                "timeoutSeconds": 4
                            },
                            "name": "instance-manager",
                            "resources": {
                                "requests": {
                                    "cpu": "480m"
                                }
                            },
                            "securityContext": {
                                "privileged": true
                            },
                            "terminationMessagePath": "/dev/termination-log",
                            "terminationMessagePolicy": "File",
                            "volumeMounts": [
                                {
                                    "mountPath": "/host",
                                    "mountPropagation": "HostToContainer",
                                    "name": "host"
                                },
                                {
                                    "mountPath": "/engine-binaries/",
                                    "mountPropagation": "HostToContainer",
                                    "name": "engine-binaries"
                                },
                                {
                                    "mountPath": "/host/var/lib/longhorn/unix-domain-socket/",
                                    "name": "unix-domain-socket"
                                },
                                {
                                    "mountPath": "/tls-files/",
                                    "name": "longhorn-grpc-tls"
                                },
                                {
                                    "mountPath": "/var/run/secrets/kubernetes.io/serviceaccount",
                                    "name": "kube-api-access-drgdk",
                                    "readOnly": true
                                }
                            ]
                        }
                    ],
                    "dnsPolicy": "ClusterFirst",
                    "enableServiceLinks": true,
                    "nodeName": "k8s04",
                    "preemptionPolicy": "PreemptLowerPriority",
                    "priority": 1000000000,
                    "priorityClassName": "longhorn-critical",
                    "restartPolicy": "Never",
                    "schedulerName": "default-scheduler",
                    "securityContext": {},
                    "serviceAccount": "longhorn-service-account",
                    "serviceAccountName": "longhorn-service-account",
                    "terminationGracePeriodSeconds": 30,
                    "tolerations": [
                        {
                            "effect": "NoExecute",
                            "key": "node.kubernetes.io/not-ready",
                            "operator": "Exists",
                            "tolerationSeconds": 300
                        },
                        {
                            "effect": "NoExecute",
                            "key": "node.kubernetes.io/unreachable",
                            "operator": "Exists",
                            "tolerationSeconds": 300
                        }
                    ],
                    "volumes": [
                        {
                            "hostPath": {
                                "path": "/",
                                "type": ""
                            },
                            "name": "host"
                        },
                        {
                            "hostPath": {
                                "path": "/var/lib/longhorn/engine-binaries/",
                                "type": ""
                            },
                            "name": "engine-binaries"
                        },
                        {
                            "hostPath": {
                                "path": "/var/lib/longhorn/unix-domain-socket/",
                                "type": ""
                            },
                            "name": "unix-domain-socket"
                        },
                        {
                            "name": "longhorn-grpc-tls",
                            "secret": {
                                "defaultMode": 420,
                                "optional": true,
                                "secretName": "longhorn-grpc-tls"
                            }
                        },
                        {
                            "name": "kube-api-access-drgdk",
                            "projected": {
                                "defaultMode": 420,
                                "sources": [
                                    {
                                        "serviceAccountToken": {
                                            "expirationSeconds": 3607,
                                            "path": "token"
                                        }
                                    },
                                    {
                                        "configMap": {
                                            "items": [
                                                {
                                                    "key": "ca.crt",
                                                    "path": "ca.crt"
                                                }
                                            ],
                                            "name": "kube-root-ca.crt"
                                        }
                                    },
                                    {
                                        "downwardAPI": {
                                            "items": [
                                                {
                                                    "fieldRef": {
                                                        "apiVersion": "v1",
                                                        "fieldPath": "metadata.namespace"
                                                    },
                                                    "path": "namespace"
                                                }
                                            ]
                                        }
                                    }
                                ]
                            }
                        }
                    ]
                },
                "status": {
                    "conditions": [
                        {
                            "lastProbeTime": null,
                            "lastTransitionTime": "2025-08-19T15:35:47Z",
                            "status": "False",
                            "type": "PodReadyToStartContainers"
                        },
                        {
                            "lastProbeTime": null,
                            "lastTransitionTime": "2025-08-19T15:35:47Z",
                            "status": "True",
                            "type": "Initialized"
                        },
                        {
                            "lastProbeTime": null,
                            "lastTransitionTime": "2025-08-19T15:35:47Z",
                            "message": "containers with unready status: [instance-manager]",
                            "reason": "ContainersNotReady",
                            "status": "False",
                            "type": "Ready"
                        },
                        {
                            "lastProbeTime": null,
                            "lastTransitionTime": "2025-08-19T15:35:47Z",
                            "message": "containers with unready status: [instance-manager]",
                            "reason": "ContainersNotReady",
                            "status": "False",
                            "type": "ContainersReady"
                        },
                        {
                            "lastProbeTime": null,
                            "lastTransitionTime": "2025-08-19T15:35:47Z",
                            "status": "True",
                            "type": "PodScheduled"
                        }
                    ],
                    "containerStatuses": [
                        {
                            "image": "longhornio/longhorn-instance-manager:v1.7.2",
                            "imageID": "",
                            "lastState": {},
                            "name": "instance-manager",
                            "ready": false,
                            "restartCount": 0,
                            "started": false,
                            "state": {
                                "waiting": {
                                    "reason": "ContainerCreating"
                                }
                            },
                            "volumeMounts": [
                                {
                                    "mountPath": "/host",
                                    "name": "host"
                                },
                                {
                                    "mountPath": "/engine-binaries/",
                                    "name": "engine-binaries"
                                },
                                {
                                    "mountPath": "/host/var/lib/longhorn/unix-domain-socket/",
                                    "name": "unix-domain-socket"
                                },
                                {
                                    "mountPath": "/tls-files/",
                                    "name": "longhorn-grpc-tls"
                                },
                                {
                                    "mountPath": "/var/run/secrets/kubernetes.io/serviceaccount",
                                    "name": "kube-api-access-drgdk",
                                    "readOnly": true,
                                    "recursiveReadOnly": "Disabled"
                                }
                            ]
                        }
                    ],
                    "hostIP": "192.168.0.53",
                    "hostIPs": [
                        {
                            "ip": "192.168.0.53"
                        }
                    ],
                    "phase": "Pending",
                    "qosClass": "Burstable",
                    "startTime": "2025-08-19T15:35:47Z"
                }
            }
        ],
        "kind": "List",
        "metadata": {
            "resourceVersion": ""
        }
    }
  stdout_lines: <omitted>
2025-08-19 11:41:30,042 p=2551 u=ollama n=ansible | TASK [VALIDATION | Parse pending pods] *****************************************
2025-08-19 11:41:30,043 p=2551 u=ollama n=ansible | fatal: [k8s01]: FAILED! => 
  msg: 'Unexpected templating type error occurred on ({{ (pending_pods.stdout | from_json).items | length }}): object of type ''builtin_function_or_method'' has no len(). object of type ''builtin_function_or_method'' has no len()'
2025-08-19 11:41:30,053 p=2551 u=ollama n=ansible | 	to retry, use: --limit @/home/ollama/me/Zenitsu_mforrester-home-lab/kubernetes-upgrade/.ansible-retry/00-pre-upgrade-validation.retry

2025-08-19 11:41:30,053 p=2551 u=ollama n=ansible | PLAY RECAP *********************************************************************
2025-08-19 11:41:30,053 p=2551 u=ollama n=ansible | k8s01                      : ok=30   changed=2    unreachable=0    failed=1    skipped=0    rescued=0    ignored=0   
2025-08-19 11:41:36,261 p=3223 u=ollama n=ansible | Using /home/ollama/me/Zenitsu_mforrester-home-lab/kubernetes-upgrade/ansible.cfg as config file
2025-08-19 11:41:36,886 p=3223 u=ollama n=ansible | k8s01 | CHANGED | rc=0 >>
NAME    STATUS   ROLES           AGE   VERSION
k8s01   Ready    control-plane   44d   v1.32.8
k8s02   Ready    control-plane   44d   v1.32.8
k8s03   Ready    control-plane   44d   v1.32.8
k8s04   Ready    worker          44d   v1.32.8
k8s05   Ready    worker          44d   v1.32.8
k8s06   Ready    worker          44d   v1.32.8
k8s07   Ready    worker          44d   v1.32.8
k8s08   Ready    worker          44d   v1.32.8
k8s09   Ready    worker          44d   v1.32.8

2025-08-19 11:41:44,426 p=3533 u=ollama n=ansible | Using /home/ollama/me/Zenitsu_mforrester-home-lab/kubernetes-upgrade/ansible.cfg as config file
2025-08-19 11:41:44,564 p=3533 u=ollama n=ansible | PLAY [Configure Kubernetes 1.33 Repository] ************************************
2025-08-19 11:41:45,195 p=3533 u=ollama n=ansible | TASK [Add Kubernetes 1.33 apt repository] **************************************
2025-08-19 11:41:45,196 p=3533 u=ollama n=ansible | changed: [k8s09] => changed=true 
  checksum: daf81f585f74396e4f5a3023957a44f61a94e977
  dest: /etc/apt/sources.list.d/kubernetes-v1.33.list
  gid: 0
  group: root
  md5sum: d58aff18410deab36a6cbe2ee40d34c7
  mode: '0644'
  owner: root
  size: 108
  src: /root/.ansible/tmp/ansible-tmp-1755618104.7092788-3602-146847205398905/.source.list
  state: file
  uid: 0
2025-08-19 11:41:45,243 p=3533 u=ollama n=ansible | changed: [k8s05] => changed=true 
  checksum: daf81f585f74396e4f5a3023957a44f61a94e977
  dest: /etc/apt/sources.list.d/kubernetes-v1.33.list
  gid: 0
  group: root
  md5sum: d58aff18410deab36a6cbe2ee40d34c7
  mode: '0644'
  owner: root
  size: 108
  src: /root/.ansible/tmp/ansible-tmp-1755618104.6756601-3593-76543091694608/.source.list
  state: file
  uid: 0
2025-08-19 11:41:45,303 p=3533 u=ollama n=ansible | changed: [k8s01] => changed=true 
  checksum: daf81f585f74396e4f5a3023957a44f61a94e977
  dest: /etc/apt/sources.list.d/kubernetes-v1.33.list
  gid: 0
  group: root
  md5sum: d58aff18410deab36a6cbe2ee40d34c7
  mode: '0644'
  owner: root
  size: 108
  src: /root/.ansible/tmp/ansible-tmp-1755618104.6420543-3585-30711156301744/.source.list
  state: file
  uid: 0
2025-08-19 11:41:46,413 p=3533 u=ollama n=ansible | changed: [k8s07] => changed=true 
  checksum: daf81f585f74396e4f5a3023957a44f61a94e977
  dest: /etc/apt/sources.list.d/kubernetes-v1.33.list
  gid: 0
  group: root
  md5sum: d58aff18410deab36a6cbe2ee40d34c7
  mode: '0644'
  owner: root
  size: 108
  src: /root/.ansible/tmp/ansible-tmp-1755618106.1007152-3597-247835490228293/.source.list
  state: file
  uid: 0
2025-08-19 11:41:46,462 p=3533 u=ollama n=ansible | changed: [k8s03] => changed=true 
  checksum: daf81f585f74396e4f5a3023957a44f61a94e977
  dest: /etc/apt/sources.list.d/kubernetes-v1.33.list
  gid: 0
  group: root
  md5sum: d58aff18410deab36a6cbe2ee40d34c7
  mode: '0644'
  owner: root
  size: 108
  src: /root/.ansible/tmp/ansible-tmp-1755618106.0500834-3588-44612192167792/.source.list
  state: file
  uid: 0
2025-08-19 11:41:46,462 p=3533 u=ollama n=ansible | changed: [k8s04] => changed=true 
  checksum: daf81f585f74396e4f5a3023957a44f61a94e977
  dest: /etc/apt/sources.list.d/kubernetes-v1.33.list
  gid: 0
  group: root
  md5sum: d58aff18410deab36a6cbe2ee40d34c7
  mode: '0644'
  owner: root
  size: 108
  src: /root/.ansible/tmp/ansible-tmp-1755618106.079653-3591-201002908040375/.source.list
  state: file
  uid: 0
2025-08-19 11:41:46,633 p=3533 u=ollama n=ansible | changed: [k8s02] => changed=true 
  checksum: daf81f585f74396e4f5a3023957a44f61a94e977
  dest: /etc/apt/sources.list.d/kubernetes-v1.33.list
  gid: 0
  group: root
  md5sum: d58aff18410deab36a6cbe2ee40d34c7
  mode: '0644'
  owner: root
  size: 108
  src: /root/.ansible/tmp/ansible-tmp-1755618106.0964828-3586-241476670594163/.source.list
  state: file
  uid: 0
2025-08-19 11:41:46,760 p=3533 u=ollama n=ansible | changed: [k8s08] => changed=true 
  checksum: daf81f585f74396e4f5a3023957a44f61a94e977
  dest: /etc/apt/sources.list.d/kubernetes-v1.33.list
  gid: 0
  group: root
  md5sum: d58aff18410deab36a6cbe2ee40d34c7
  mode: '0644'
  owner: root
  size: 108
  src: /root/.ansible/tmp/ansible-tmp-1755618106.2666411-3599-139506795179407/.source.list
  state: file
  uid: 0
2025-08-19 11:41:46,846 p=3533 u=ollama n=ansible | changed: [k8s06] => changed=true 
  checksum: daf81f585f74396e4f5a3023957a44f61a94e977
  dest: /etc/apt/sources.list.d/kubernetes-v1.33.list
  gid: 0
  group: root
  md5sum: d58aff18410deab36a6cbe2ee40d34c7
  mode: '0644'
  owner: root
  size: 108
  src: /root/.ansible/tmp/ansible-tmp-1755618106.2592525-3595-166918738418242/.source.list
  state: file
  uid: 0
2025-08-19 11:41:56,363 p=3533 u=ollama n=ansible | TASK [Update apt cache] ********************************************************
2025-08-19 11:41:56,364 p=3533 u=ollama n=ansible | ok: [k8s01] => changed=false 
  cache_update_time: 1755618113
  cache_updated: true
2025-08-19 11:41:56,765 p=3533 u=ollama n=ansible | TASK [Check available 1.33 versions] *******************************************
2025-08-19 11:41:56,765 p=3533 u=ollama n=ansible | ok: [k8s01] => changed=false 
  cmd: apt-cache madison kubeadm | grep '1.33' | head -5
  delta: '0:00:00.046217'
  end: '2025-08-19 15:41:55.951935'
  msg: ''
  rc: 0
  start: '2025-08-19 15:41:55.905718'
  stderr: ''
  stderr_lines: <omitted>
  stdout: |2-
       kubeadm | 1.33.4-1.1 | https://pkgs.k8s.io/core:/stable:/v1.33/deb  Packages
       kubeadm | 1.33.3-1.1 | https://pkgs.k8s.io/core:/stable:/v1.33/deb  Packages
       kubeadm | 1.33.2-1.1 | https://pkgs.k8s.io/core:/stable:/v1.33/deb  Packages
       kubeadm | 1.33.1-1.1 | https://pkgs.k8s.io/core:/stable:/v1.33/deb  Packages
       kubeadm | 1.33.0-1.1 | https://pkgs.k8s.io/core:/stable:/v1.33/deb  Packages
  stdout_lines: <omitted>
2025-08-19 11:41:56,789 p=3533 u=ollama n=ansible | TASK [Display available 1.33 versions] *****************************************
2025-08-19 11:41:56,790 p=3533 u=ollama n=ansible | ok: [k8s01] => 
  available_versions.stdout_lines:
  - '   kubeadm | 1.33.4-1.1 | https://pkgs.k8s.io/core:/stable:/v1.33/deb  Packages'
  - '   kubeadm | 1.33.3-1.1 | https://pkgs.k8s.io/core:/stable:/v1.33/deb  Packages'
  - '   kubeadm | 1.33.2-1.1 | https://pkgs.k8s.io/core:/stable:/v1.33/deb  Packages'
  - '   kubeadm | 1.33.1-1.1 | https://pkgs.k8s.io/core:/stable:/v1.33/deb  Packages'
  - '   kubeadm | 1.33.0-1.1 | https://pkgs.k8s.io/core:/stable:/v1.33/deb  Packages'
2025-08-19 11:42:07,566 p=3533 u=ollama n=ansible | TASK [Update apt cache] ********************************************************
2025-08-19 11:42:07,567 p=3533 u=ollama n=ansible | ok: [k8s09] => changed=false 
  cache_update_time: 1755618126
  cache_updated: true
2025-08-19 11:42:07,763 p=3533 u=ollama n=ansible | TASK [Check available 1.33 versions] *******************************************
2025-08-19 11:42:07,764 p=3533 u=ollama n=ansible | ok: [k8s09] => changed=false 
  cmd: apt-cache madison kubeadm | grep '1.33' | head -5
  delta: '0:00:00.032729'
  end: '2025-08-19 15:42:07.484053'
  msg: ''
  rc: 0
  start: '2025-08-19 15:42:07.451324'
  stderr: ''
  stderr_lines: <omitted>
  stdout: |2-
       kubeadm | 1.33.4-1.1 | https://pkgs.k8s.io/core:/stable:/v1.33/deb  Packages
       kubeadm | 1.33.3-1.1 | https://pkgs.k8s.io/core:/stable:/v1.33/deb  Packages
       kubeadm | 1.33.2-1.1 | https://pkgs.k8s.io/core:/stable:/v1.33/deb  Packages
       kubeadm | 1.33.1-1.1 | https://pkgs.k8s.io/core:/stable:/v1.33/deb  Packages
       kubeadm | 1.33.0-1.1 | https://pkgs.k8s.io/core:/stable:/v1.33/deb  Packages
  stdout_lines: <omitted>
2025-08-19 11:42:07,783 p=3533 u=ollama n=ansible | TASK [Display available 1.33 versions] *****************************************
2025-08-19 11:42:07,784 p=3533 u=ollama n=ansible | ok: [k8s09] => 
  available_versions.stdout_lines:
  - '   kubeadm | 1.33.4-1.1 | https://pkgs.k8s.io/core:/stable:/v1.33/deb  Packages'
  - '   kubeadm | 1.33.3-1.1 | https://pkgs.k8s.io/core:/stable:/v1.33/deb  Packages'
  - '   kubeadm | 1.33.2-1.1 | https://pkgs.k8s.io/core:/stable:/v1.33/deb  Packages'
  - '   kubeadm | 1.33.1-1.1 | https://pkgs.k8s.io/core:/stable:/v1.33/deb  Packages'
  - '   kubeadm | 1.33.0-1.1 | https://pkgs.k8s.io/core:/stable:/v1.33/deb  Packages'
2025-08-19 11:42:08,550 p=3533 u=ollama n=ansible | TASK [Update apt cache] ********************************************************
2025-08-19 11:42:08,550 p=3533 u=ollama n=ansible | ok: [k8s05] => changed=false 
  cache_update_time: 1755618126
  cache_updated: true
2025-08-19 11:42:08,781 p=3533 u=ollama n=ansible | TASK [Check available 1.33 versions] *******************************************
2025-08-19 11:42:08,781 p=3533 u=ollama n=ansible | ok: [k8s05] => changed=false 
  cmd: apt-cache madison kubeadm | grep '1.33' | head -5
  delta: '0:00:00.033778'
  end: '2025-08-19 15:42:08.468683'
  msg: ''
  rc: 0
  start: '2025-08-19 15:42:08.434905'
  stderr: ''
  stderr_lines: <omitted>
  stdout: |2-
       kubeadm | 1.33.4-1.1 | https://pkgs.k8s.io/core:/stable:/v1.33/deb  Packages
       kubeadm | 1.33.3-1.1 | https://pkgs.k8s.io/core:/stable:/v1.33/deb  Packages
       kubeadm | 1.33.2-1.1 | https://pkgs.k8s.io/core:/stable:/v1.33/deb  Packages
       kubeadm | 1.33.1-1.1 | https://pkgs.k8s.io/core:/stable:/v1.33/deb  Packages
       kubeadm | 1.33.0-1.1 | https://pkgs.k8s.io/core:/stable:/v1.33/deb  Packages
  stdout_lines: <omitted>
2025-08-19 11:42:08,799 p=3533 u=ollama n=ansible | TASK [Display available 1.33 versions] *****************************************
2025-08-19 11:42:08,800 p=3533 u=ollama n=ansible | ok: [k8s05] => 
  available_versions.stdout_lines:
  - '   kubeadm | 1.33.4-1.1 | https://pkgs.k8s.io/core:/stable:/v1.33/deb  Packages'
  - '   kubeadm | 1.33.3-1.1 | https://pkgs.k8s.io/core:/stable:/v1.33/deb  Packages'
  - '   kubeadm | 1.33.2-1.1 | https://pkgs.k8s.io/core:/stable:/v1.33/deb  Packages'
  - '   kubeadm | 1.33.1-1.1 | https://pkgs.k8s.io/core:/stable:/v1.33/deb  Packages'
  - '   kubeadm | 1.33.0-1.1 | https://pkgs.k8s.io/core:/stable:/v1.33/deb  Packages'
2025-08-19 11:42:08,817 p=3533 u=ollama n=ansible | TASK [Update apt cache] ********************************************************
2025-08-19 11:42:08,817 p=3533 u=ollama n=ansible | ok: [k8s07] => changed=false 
  cache_update_time: 1755618127
  cache_updated: true
2025-08-19 11:42:08,990 p=3533 u=ollama n=ansible | TASK [Check available 1.33 versions] *******************************************
2025-08-19 11:42:08,991 p=3533 u=ollama n=ansible | ok: [k8s07] => changed=false 
  cmd: apt-cache madison kubeadm | grep '1.33' | head -5
  delta: '0:00:00.023960'
  end: '2025-08-19 15:42:08.673133'
  msg: ''
  rc: 0
  start: '2025-08-19 15:42:08.649173'
  stderr: ''
  stderr_lines: <omitted>
  stdout: |2-
       kubeadm | 1.33.4-1.1 | https://pkgs.k8s.io/core:/stable:/v1.33/deb  Packages
       kubeadm | 1.33.3-1.1 | https://pkgs.k8s.io/core:/stable:/v1.33/deb  Packages
       kubeadm | 1.33.2-1.1 | https://pkgs.k8s.io/core:/stable:/v1.33/deb  Packages
       kubeadm | 1.33.1-1.1 | https://pkgs.k8s.io/core:/stable:/v1.33/deb  Packages
       kubeadm | 1.33.0-1.1 | https://pkgs.k8s.io/core:/stable:/v1.33/deb  Packages
  stdout_lines: <omitted>
2025-08-19 11:42:09,007 p=3533 u=ollama n=ansible | TASK [Display available 1.33 versions] *****************************************
2025-08-19 11:42:09,007 p=3533 u=ollama n=ansible | ok: [k8s07] => 
  available_versions.stdout_lines:
  - '   kubeadm | 1.33.4-1.1 | https://pkgs.k8s.io/core:/stable:/v1.33/deb  Packages'
  - '   kubeadm | 1.33.3-1.1 | https://pkgs.k8s.io/core:/stable:/v1.33/deb  Packages'
  - '   kubeadm | 1.33.2-1.1 | https://pkgs.k8s.io/core:/stable:/v1.33/deb  Packages'
  - '   kubeadm | 1.33.1-1.1 | https://pkgs.k8s.io/core:/stable:/v1.33/deb  Packages'
  - '   kubeadm | 1.33.0-1.1 | https://pkgs.k8s.io/core:/stable:/v1.33/deb  Packages'
2025-08-19 11:42:09,731 p=3533 u=ollama n=ansible | TASK [Update apt cache] ********************************************************
2025-08-19 11:42:09,731 p=3533 u=ollama n=ansible | ok: [k8s03] => changed=false 
  cache_update_time: 1755618127
  cache_updated: true
2025-08-19 11:42:09,753 p=3533 u=ollama n=ansible | ok: [k8s04] => changed=false 
  cache_update_time: 1755618127
  cache_updated: true
2025-08-19 11:42:09,945 p=3533 u=ollama n=ansible | ok: [k8s08] => changed=false 
  cache_update_time: 1755618128
  cache_updated: true
2025-08-19 11:42:09,961 p=3533 u=ollama n=ansible | TASK [Check available 1.33 versions] *******************************************
2025-08-19 11:42:09,961 p=3533 u=ollama n=ansible | ok: [k8s03] => changed=false 
  cmd: apt-cache madison kubeadm | grep '1.33' | head -5
  delta: '0:00:00.032570'
  end: '2025-08-19 15:42:09.613721'
  msg: ''
  rc: 0
  start: '2025-08-19 15:42:09.581151'
  stderr: ''
  stderr_lines: <omitted>
  stdout: |2-
       kubeadm | 1.33.4-1.1 | https://pkgs.k8s.io/core:/stable:/v1.33/deb  Packages
       kubeadm | 1.33.3-1.1 | https://pkgs.k8s.io/core:/stable:/v1.33/deb  Packages
       kubeadm | 1.33.2-1.1 | https://pkgs.k8s.io/core:/stable:/v1.33/deb  Packages
       kubeadm | 1.33.1-1.1 | https://pkgs.k8s.io/core:/stable:/v1.33/deb  Packages
       kubeadm | 1.33.0-1.1 | https://pkgs.k8s.io/core:/stable:/v1.33/deb  Packages
  stdout_lines: <omitted>
2025-08-19 11:42:09,979 p=3533 u=ollama n=ansible | TASK [Display available 1.33 versions] *****************************************
2025-08-19 11:42:09,979 p=3533 u=ollama n=ansible | ok: [k8s03] => 
  available_versions.stdout_lines:
  - '   kubeadm | 1.33.4-1.1 | https://pkgs.k8s.io/core:/stable:/v1.33/deb  Packages'
  - '   kubeadm | 1.33.3-1.1 | https://pkgs.k8s.io/core:/stable:/v1.33/deb  Packages'
  - '   kubeadm | 1.33.2-1.1 | https://pkgs.k8s.io/core:/stable:/v1.33/deb  Packages'
  - '   kubeadm | 1.33.1-1.1 | https://pkgs.k8s.io/core:/stable:/v1.33/deb  Packages'
  - '   kubeadm | 1.33.0-1.1 | https://pkgs.k8s.io/core:/stable:/v1.33/deb  Packages'
2025-08-19 11:42:09,993 p=3533 u=ollama n=ansible | TASK [Check available 1.33 versions] *******************************************
2025-08-19 11:42:09,993 p=3533 u=ollama n=ansible | ok: [k8s04] => changed=false 
  cmd: apt-cache madison kubeadm | grep '1.33' | head -5
  delta: '0:00:00.034938'
  end: '2025-08-19 15:42:09.646352'
  msg: ''
  rc: 0
  start: '2025-08-19 15:42:09.611414'
  stderr: ''
  stderr_lines: <omitted>
  stdout: |2-
       kubeadm | 1.33.4-1.1 | https://pkgs.k8s.io/core:/stable:/v1.33/deb  Packages
       kubeadm | 1.33.3-1.1 | https://pkgs.k8s.io/core:/stable:/v1.33/deb  Packages
       kubeadm | 1.33.2-1.1 | https://pkgs.k8s.io/core:/stable:/v1.33/deb  Packages
       kubeadm | 1.33.1-1.1 | https://pkgs.k8s.io/core:/stable:/v1.33/deb  Packages
       kubeadm | 1.33.0-1.1 | https://pkgs.k8s.io/core:/stable:/v1.33/deb  Packages
  stdout_lines: <omitted>
2025-08-19 11:42:10,056 p=3533 u=ollama n=ansible | TASK [Display available 1.33 versions] *****************************************
2025-08-19 11:42:10,057 p=3533 u=ollama n=ansible | ok: [k8s04] => 
  available_versions.stdout_lines:
  - '   kubeadm | 1.33.4-1.1 | https://pkgs.k8s.io/core:/stable:/v1.33/deb  Packages'
  - '   kubeadm | 1.33.3-1.1 | https://pkgs.k8s.io/core:/stable:/v1.33/deb  Packages'
  - '   kubeadm | 1.33.2-1.1 | https://pkgs.k8s.io/core:/stable:/v1.33/deb  Packages'
  - '   kubeadm | 1.33.1-1.1 | https://pkgs.k8s.io/core:/stable:/v1.33/deb  Packages'
  - '   kubeadm | 1.33.0-1.1 | https://pkgs.k8s.io/core:/stable:/v1.33/deb  Packages'
2025-08-19 11:42:10,187 p=3533 u=ollama n=ansible | TASK [Check available 1.33 versions] *******************************************
2025-08-19 11:42:10,187 p=3533 u=ollama n=ansible | ok: [k8s08] => changed=false 
  cmd: apt-cache madison kubeadm | grep '1.33' | head -5
  delta: '0:00:00.038611'
  end: '2025-08-19 15:42:09.832824'
  msg: ''
  rc: 0
  start: '2025-08-19 15:42:09.794213'
  stderr: ''
  stderr_lines: <omitted>
  stdout: |2-
       kubeadm | 1.33.4-1.1 | https://pkgs.k8s.io/core:/stable:/v1.33/deb  Packages
       kubeadm | 1.33.3-1.1 | https://pkgs.k8s.io/core:/stable:/v1.33/deb  Packages
       kubeadm | 1.33.2-1.1 | https://pkgs.k8s.io/core:/stable:/v1.33/deb  Packages
       kubeadm | 1.33.1-1.1 | https://pkgs.k8s.io/core:/stable:/v1.33/deb  Packages
       kubeadm | 1.33.0-1.1 | https://pkgs.k8s.io/core:/stable:/v1.33/deb  Packages
  stdout_lines: <omitted>
2025-08-19 11:42:10,204 p=3533 u=ollama n=ansible | TASK [Display available 1.33 versions] *****************************************
2025-08-19 11:42:10,205 p=3533 u=ollama n=ansible | ok: [k8s08] => 
  available_versions.stdout_lines:
  - '   kubeadm | 1.33.4-1.1 | https://pkgs.k8s.io/core:/stable:/v1.33/deb  Packages'
  - '   kubeadm | 1.33.3-1.1 | https://pkgs.k8s.io/core:/stable:/v1.33/deb  Packages'
  - '   kubeadm | 1.33.2-1.1 | https://pkgs.k8s.io/core:/stable:/v1.33/deb  Packages'
  - '   kubeadm | 1.33.1-1.1 | https://pkgs.k8s.io/core:/stable:/v1.33/deb  Packages'
  - '   kubeadm | 1.33.0-1.1 | https://pkgs.k8s.io/core:/stable:/v1.33/deb  Packages'
2025-08-19 11:42:11,375 p=3533 u=ollama n=ansible | TASK [Update apt cache] ********************************************************
2025-08-19 11:42:11,376 p=3533 u=ollama n=ansible | ok: [k8s02] => changed=false 
  cache_update_time: 1755618128
  cache_updated: true
2025-08-19 11:42:11,685 p=3533 u=ollama n=ansible | TASK [Check available 1.33 versions] *******************************************
2025-08-19 11:42:11,685 p=3533 u=ollama n=ansible | ok: [k8s02] => changed=false 
  cmd: apt-cache madison kubeadm | grep '1.33' | head -5
  delta: '0:00:00.051092'
  end: '2025-08-19 15:42:11.278245'
  msg: ''
  rc: 0
  start: '2025-08-19 15:42:11.227153'
  stderr: ''
  stderr_lines: <omitted>
  stdout: |2-
       kubeadm | 1.33.4-1.1 | https://pkgs.k8s.io/core:/stable:/v1.33/deb  Packages
       kubeadm | 1.33.3-1.1 | https://pkgs.k8s.io/core:/stable:/v1.33/deb  Packages
       kubeadm | 1.33.2-1.1 | https://pkgs.k8s.io/core:/stable:/v1.33/deb  Packages
       kubeadm | 1.33.1-1.1 | https://pkgs.k8s.io/core:/stable:/v1.33/deb  Packages
       kubeadm | 1.33.0-1.1 | https://pkgs.k8s.io/core:/stable:/v1.33/deb  Packages
  stdout_lines: <omitted>
2025-08-19 11:42:11,703 p=3533 u=ollama n=ansible | TASK [Display available 1.33 versions] *****************************************
2025-08-19 11:42:11,703 p=3533 u=ollama n=ansible | ok: [k8s02] => 
  available_versions.stdout_lines:
  - '   kubeadm | 1.33.4-1.1 | https://pkgs.k8s.io/core:/stable:/v1.33/deb  Packages'
  - '   kubeadm | 1.33.3-1.1 | https://pkgs.k8s.io/core:/stable:/v1.33/deb  Packages'
  - '   kubeadm | 1.33.2-1.1 | https://pkgs.k8s.io/core:/stable:/v1.33/deb  Packages'
  - '   kubeadm | 1.33.1-1.1 | https://pkgs.k8s.io/core:/stable:/v1.33/deb  Packages'
  - '   kubeadm | 1.33.0-1.1 | https://pkgs.k8s.io/core:/stable:/v1.33/deb  Packages'
2025-08-19 11:42:11,778 p=3533 u=ollama n=ansible | TASK [Update apt cache] ********************************************************
2025-08-19 11:42:11,779 p=3533 u=ollama n=ansible | ok: [k8s06] => changed=false 
  cache_update_time: 1755618129
  cache_updated: true
2025-08-19 11:42:12,111 p=3533 u=ollama n=ansible | TASK [Check available 1.33 versions] *******************************************
2025-08-19 11:42:12,111 p=3533 u=ollama n=ansible | ok: [k8s06] => changed=false 
  cmd: apt-cache madison kubeadm | grep '1.33' | head -5
  delta: '0:00:00.052995'
  end: '2025-08-19 15:42:11.691818'
  msg: ''
  rc: 0
  start: '2025-08-19 15:42:11.638823'
  stderr: ''
  stderr_lines: <omitted>
  stdout: |2-
       kubeadm | 1.33.4-1.1 | https://pkgs.k8s.io/core:/stable:/v1.33/deb  Packages
       kubeadm | 1.33.3-1.1 | https://pkgs.k8s.io/core:/stable:/v1.33/deb  Packages
       kubeadm | 1.33.2-1.1 | https://pkgs.k8s.io/core:/stable:/v1.33/deb  Packages
       kubeadm | 1.33.1-1.1 | https://pkgs.k8s.io/core:/stable:/v1.33/deb  Packages
       kubeadm | 1.33.0-1.1 | https://pkgs.k8s.io/core:/stable:/v1.33/deb  Packages
  stdout_lines: <omitted>
2025-08-19 11:42:12,129 p=3533 u=ollama n=ansible | TASK [Display available 1.33 versions] *****************************************
2025-08-19 11:42:12,129 p=3533 u=ollama n=ansible | ok: [k8s06] => 
  available_versions.stdout_lines:
  - '   kubeadm | 1.33.4-1.1 | https://pkgs.k8s.io/core:/stable:/v1.33/deb  Packages'
  - '   kubeadm | 1.33.3-1.1 | https://pkgs.k8s.io/core:/stable:/v1.33/deb  Packages'
  - '   kubeadm | 1.33.2-1.1 | https://pkgs.k8s.io/core:/stable:/v1.33/deb  Packages'
  - '   kubeadm | 1.33.1-1.1 | https://pkgs.k8s.io/core:/stable:/v1.33/deb  Packages'
  - '   kubeadm | 1.33.0-1.1 | https://pkgs.k8s.io/core:/stable:/v1.33/deb  Packages'
2025-08-19 11:42:12,139 p=3533 u=ollama n=ansible | PLAY RECAP *********************************************************************
2025-08-19 11:42:12,139 p=3533 u=ollama n=ansible | k8s01                      : ok=4    changed=1    unreachable=0    failed=0    skipped=0    rescued=0    ignored=0   
2025-08-19 11:42:12,139 p=3533 u=ollama n=ansible | k8s02                      : ok=4    changed=1    unreachable=0    failed=0    skipped=0    rescued=0    ignored=0   
2025-08-19 11:42:12,139 p=3533 u=ollama n=ansible | k8s03                      : ok=4    changed=1    unreachable=0    failed=0    skipped=0    rescued=0    ignored=0   
2025-08-19 11:42:12,139 p=3533 u=ollama n=ansible | k8s04                      : ok=4    changed=1    unreachable=0    failed=0    skipped=0    rescued=0    ignored=0   
2025-08-19 11:42:12,139 p=3533 u=ollama n=ansible | k8s05                      : ok=4    changed=1    unreachable=0    failed=0    skipped=0    rescued=0    ignored=0   
2025-08-19 11:42:12,140 p=3533 u=ollama n=ansible | k8s06                      : ok=4    changed=1    unreachable=0    failed=0    skipped=0    rescued=0    ignored=0   
2025-08-19 11:42:12,140 p=3533 u=ollama n=ansible | k8s07                      : ok=4    changed=1    unreachable=0    failed=0    skipped=0    rescued=0    ignored=0   
2025-08-19 11:42:12,140 p=3533 u=ollama n=ansible | k8s08                      : ok=4    changed=1    unreachable=0    failed=0    skipped=0    rescued=0    ignored=0   
2025-08-19 11:42:12,140 p=3533 u=ollama n=ansible | k8s09                      : ok=4    changed=1    unreachable=0    failed=0    skipped=0    rescued=0    ignored=0   
2025-08-19 11:42:27,842 p=4834 u=ollama n=ansible | Using /home/ollama/me/Zenitsu_mforrester-home-lab/kubernetes-upgrade/ansible.cfg as config file
2025-08-19 11:42:27,993 p=4834 u=ollama n=ansible | PLAY [Upgrade Kubernetes Control Plane Nodes] **********************************
2025-08-19 11:42:27,997 p=4834 u=ollama n=ansible | [WARNING]: Using max_fail_percentage with the free strategy is not supported,
as tasks are executed independently on each host

2025-08-19 11:42:28,020 p=4834 u=ollama n=ansible | TASK [Validate target node] ****************************************************
2025-08-19 11:42:28,021 p=4834 u=ollama n=ansible | ok: [k8s01] => changed=false 
  msg: All assertions passed
2025-08-19 11:42:27,928 p=4834 u=ollama n=ansible | TASK [Create upgrade state file] ***********************************************
2025-08-19 11:42:27,928 p=4834 u=ollama n=ansible | changed: [k8s01] => changed=true 
  checksum: a2480ff87ce71882a8253e53d063582dc551f1fe
  dest: /etc/kubernetes/upgrade.state
  gid: 0
  group: root
  md5sum: 4a277b2725aa875cbe69cfef74c9b07d
  mode: '0644'
  owner: root
  size: 102
  src: /root/.ansible/tmp/ansible-tmp-1755618148.048703-4885-184606315737159/.source.state
  state: file
  uid: 0
2025-08-19 11:42:28,248 p=4834 u=ollama n=ansible | TASK [Start upgrade logging] ***************************************************
2025-08-19 11:42:28,248 p=4834 u=ollama n=ansible | changed: [k8s01] => changed=true 
  cmd: |-
    echo "=== Control Plane Upgrade Started ===" >> /var/log/kubernetes-upgrade-1.33.4-1755618078.log
    echo "Node: k8s01" >> /var/log/kubernetes-upgrade-1.33.4-1755618078.log
    echo "Time: 2025-08-19T15:41:18Z" >> /var/log/kubernetes-upgrade-1.33.4-1755618078.log
    echo "Current Version: 1.32.8" >> /var/log/kubernetes-upgrade-1.33.4-1755618078.log
    echo "Target Version: 1.33.4" >> /var/log/kubernetes-upgrade-1.33.4-1755618078.log
  delta: '0:00:00.004252'
  end: '2025-08-19 15:42:28.207866'
  msg: ''
  rc: 0
  start: '2025-08-19 15:42:28.203614'
  stderr: ''
  stderr_lines: <omitted>
  stdout: ''
  stdout_lines: <omitted>
2025-08-19 11:42:28,628 p=4834 u=ollama n=ansible | TASK [PRE-UPGRADE | Check node health] *****************************************
2025-08-19 11:42:28,629 p=4834 u=ollama n=ansible | changed: [k8s01] => changed=true 
  cmd:
  - kubectl
  - get
  - node
  - k8s01
  - -o
  - json
  delta: '0:00:00.088112'
  end: '2025-08-19 15:42:28.578067'
  msg: ''
  rc: 0
  start: '2025-08-19 15:42:28.489955'
  stderr: ''
  stderr_lines: <omitted>
  stdout: |-
    {
        "apiVersion": "v1",
        "kind": "Node",
        "metadata": {
            "annotations": {
                "kubeadm.alpha.kubernetes.io/cri-socket": "unix:///var/run/containerd/containerd.sock",
                "node.alpha.kubernetes.io/ttl": "0",
                "volumes.kubernetes.io/controller-managed-attach-detach": "true"
            },
            "creationTimestamp": "2025-07-06T14:07:10Z",
            "labels": {
                "beta.kubernetes.io/arch": "amd64",
                "beta.kubernetes.io/os": "linux",
                "kubernetes.io/arch": "amd64",
                "kubernetes.io/hostname": "k8s01",
                "kubernetes.io/os": "linux",
                "node-role.kubernetes.io/control-plane": "",
                "node.kubernetes.io/exclude-from-external-load-balancers": ""
            },
            "name": "k8s01",
            "resourceVersion": "28259142",
            "uid": "8b956cf0-9e38-46a5-a331-e949e55d29ac"
        },
        "spec": {
            "podCIDR": "10.244.0.0/24",
            "podCIDRs": [
                "10.244.0.0/24"
            ],
            "taints": [
                {
                    "effect": "NoSchedule",
                    "key": "node-role.kubernetes.io/control-plane"
                }
            ]
        },
        "status": {
            "addresses": [
                {
                    "address": "192.168.0.50",
                    "type": "InternalIP"
                },
                {
                    "address": "k8s01",
                    "type": "Hostname"
                }
            ],
            "allocatable": {
                "cpu": "4",
                "ephemeral-storage": "451628671048",
                "hugepages-2Mi": "0",
                "memory": "16049268Ki",
                "pods": "110"
            },
            "capacity": {
                "cpu": "4",
                "ephemeral-storage": "490048472Ki",
                "hugepages-2Mi": "0",
                "memory": "16151668Ki",
                "pods": "110"
            },
            "conditions": [
                {
                    "lastHeartbeatTime": "2025-07-06T14:18:07Z",
                    "lastTransitionTime": "2025-07-06T14:18:07Z",
                    "message": "Cilium is running on this node",
                    "reason": "CiliumIsUp",
                    "status": "False",
                    "type": "NetworkUnavailable"
                },
                {
                    "lastHeartbeatTime": "2025-08-19T15:37:47Z",
                    "lastTransitionTime": "2025-08-19T13:22:55Z",
                    "message": "kubelet has sufficient memory available",
                    "reason": "KubeletHasSufficientMemory",
                    "status": "False",
                    "type": "MemoryPressure"
                },
                {
                    "lastHeartbeatTime": "2025-08-19T15:37:47Z",
                    "lastTransitionTime": "2025-08-19T13:22:55Z",
                    "message": "kubelet has no disk pressure",
                    "reason": "KubeletHasNoDiskPressure",
                    "status": "False",
                    "type": "DiskPressure"
                },
                {
                    "lastHeartbeatTime": "2025-08-19T15:37:47Z",
                    "lastTransitionTime": "2025-08-19T13:22:55Z",
                    "message": "kubelet has sufficient PID available",
                    "reason": "KubeletHasSufficientPID",
                    "status": "False",
                    "type": "PIDPressure"
                },
                {
                    "lastHeartbeatTime": "2025-08-19T15:37:47Z",
                    "lastTransitionTime": "2025-08-19T13:22:55Z",
                    "message": "kubelet is posting ready status",
                    "reason": "KubeletReady",
                    "status": "True",
                    "type": "Ready"
                }
            ],
            "daemonEndpoints": {
                "kubeletEndpoint": {
                    "Port": 10250
                }
            },
            "images": [
                {
                    "names": [
                        "quay.io/cilium/cilium@sha256:4386a8580d8d86934908eea022b0523f812e6a542f30a86a47edd8bed90d51ea"
                    ],
                    "sizeBytes": 223118854
                },
                {
                    "names": [
                        "ghcr.io/k8snetworkplumbingwg/multus-cni@sha256:81703ef8019866733bcb997d57bc61ef57d530754bd2070eed8496ae062ca212",
                        "ghcr.io/k8snetworkplumbingwg/multus-cni:snapshot"
                    ],
                    "sizeBytes": 209029410
                },
                {
                    "names": [
                        "ghcr.io/k8snetworkplumbingwg/multus-cni@sha256:96dac83cb473da08987abbf2194efe33261c6f577ed42eff1f6e663aa3a22cbe",
                        "ghcr.io/k8snetworkplumbingwg/multus-cni:snapshot-thick"
                    ],
                    "sizeBytes": 195665995
                },
                {
                    "names": [
                        "docker.io/falcosecurity/falco@sha256:5f6f325327c970430b1a73704160b2fd5b2c1396f2dc0b343b2544638b6b569c",
                        "docker.io/falcosecurity/falco:0.41.3"
                    ],
                    "sizeBytes": 76366252
                },
                {
                    "names": [
                        "docker.io/grafana/promtail@sha256:b338a29de45ef8ffa96f882f3a36306b1e61262b2a560ff523e0e2633cccbbc4",
                        "docker.io/grafana/promtail:2.9.3"
                    ],
                    "sizeBytes": 75094050
                },
                {
                    "names": [
                        "quay.io/cilium/cilium-envoy@sha256:9762041c3760de226a8b00cc12f27dacc28b7691ea926748f9b5c18862db503f"
                    ],
                    "sizeBytes": 62171534
                },
                {
                    "names": [
                        "registry.k8s.io/etcd@sha256:c6a9d11cc5c04b114ccdef39a9265eeef818e3d02f5359be035ae784097fdec5",
                        "registry.k8s.io/etcd:3.5.16-0"
                    ],
                    "sizeBytes": 57680541
                },
                {
                    "names": [
                        "registry.k8s.io/etcd@sha256:a6dc63e6e8cfa0307d7851762fa6b629afb18f28d8aa3fab5a6e91b4af60026a",
                        "registry.k8s.io/etcd:3.5.15-0"
                    ],
                    "sizeBytes": 56909194
                },
                {
                    "names": [
                        "quay.io/metallb/speaker@sha256:34e9cc2db6d83ca3ad4d92a6e2eadaf6b78be65621798e90827041749898acc0",
                        "quay.io/metallb/speaker:v0.14.5"
                    ],
                    "sizeBytes": 52754428
                },
                {
                    "names": [
                        "quay.io/kubevirt/virt-operator@sha256:d5fce85dd4232745408daebfbf70c2bc879a06f8340d1f7448b141d5ba3f1821",
                        "quay.io/kubevirt/virt-operator:v1.4.0"
                    ],
                    "sizeBytes": 42216414
                },
                {
                    "names": [
                        "docker.io/falcosecurity/falcoctl@sha256:8e02bfd0c44a954495a5c7f980693f603d47c1bec2e55c86319c55134b9a5b6e",
                        "docker.io/falcosecurity/falcoctl:0.11.2"
                    ],
                    "sizeBytes": 31964684
                },
                {
                    "names": [
                        "quay.io/cilium/operator-generic@sha256:cccfd3b886d52cb132c06acca8ca559f0fce91a6bd99016219b1a81fdbc4813a"
                    ],
                    "sizeBytes": 31097439
                },
                {
                    "names": [
                        "registry.k8s.io/kube-proxy@sha256:adc1335b480ddd833aac3b0bd20f68ff0f3c3cf7a0bd337933b006d9f5cec40a",
                        "registry.k8s.io/kube-proxy:v1.32.8"
                    ],
                    "sizeBytes": 30896189
                },
                {
                    "names": [
                        "registry.k8s.io/kube-proxy@sha256:bcbb293812bdf587b28ea98369a8c347ca84884160046296761acdf12b27029d",
                        "registry.k8s.io/kube-proxy:v1.31.10"
                    ],
                    "sizeBytes": 30382962
                },
                {
                    "names": [
                        "registry.k8s.io/kube-apiserver@sha256:6e1a2f9b24f69ee77d0c0edaf32b31fdbb5e1a613f4476272197e6e1e239050b",
                        "registry.k8s.io/kube-apiserver:v1.32.8"
                    ],
                    "sizeBytes": 28797487
                },
                {
                    "names": [
                        "quay.io/kubevirt/virt-api@sha256:d92c78b3048756fd11d3c6f1a48f4ce8555dd39e866039313dc23bfa70668443",
                        "quay.io/kubevirt/virt-api:v1.4.0"
                    ],
                    "sizeBytes": 28619715
                },
                {
                    "names": [
                        "registry.k8s.io/kube-apiserver@sha256:083d7d64af31cd090f870eb49fb815e6bb42c175fc602ee9dae2f28f082bd4dc",
                        "registry.k8s.io/kube-apiserver:v1.31.10"
                    ],
                    "sizeBytes": 28074544
                },
                {
                    "names": [
                        "quay.io/kubevirt/virt-controller@sha256:68a4967ef5925d4c24fb5eab0aa5acf0a82946beb7f1139bd45c85efe3653cec",
                        "quay.io/kubevirt/virt-controller:v1.4.0"
                    ],
                    "sizeBytes": 27715829
                },
                {
                    "names": [
                        "registry.k8s.io/kube-controller-manager@sha256:8788ccd28ceed9e2e5f8fc31375ef5771df8ea6e518b362c9a06f3cc709cd6c7",
                        "registry.k8s.io/kube-controller-manager:v1.32.8"
                    ],
                    "sizeBytes": 26387322
                },
                {
                    "names": [
                        "registry.k8s.io/kube-controller-manager@sha256:3c67387d023c6114879f1e817669fd641797d30f117230682faf3930ecaaf0fe",
                        "registry.k8s.io/kube-controller-manager:v1.31.10"
                    ],
                    "sizeBytes": 26315128
                },
                {
                    "names": [
                        "registry.k8s.io/kube-scheduler@sha256:43c58bcbd1c7812dd19f8bfa5ae11093ebefd28699453ce86fc710869e155cd4",
                        "registry.k8s.io/kube-scheduler:v1.32.8"
                    ],
                    "sizeBytes": 20778248
                },
                {
                    "names": [
                        "registry.k8s.io/kube-scheduler@sha256:284dc2a5cf6afc9b76e39ad4b79c680c23d289488517643b28784a06d0141272",
                        "registry.k8s.io/kube-scheduler:v1.31.10"
                    ],
                    "sizeBytes": 20385523
                },
                {
                    "names": [
                        "registry.k8s.io/coredns/coredns@sha256:9caabbf6238b189a65d0d6e6ac138de60d6a1c419e5a341fbbb7c78382559c6e",
                        "registry.k8s.io/coredns/coredns:v1.11.3"
                    ],
                    "sizeBytes": 18562039
                },
                {
                    "names": [
                        "quay.io/prometheus/node-exporter@sha256:d00a542e409ee618a4edc67da14dd48c5da66726bbd5537ab2af9c1dfc442c8a",
                        "quay.io/prometheus/node-exporter:v1.9.1"
                    ],
                    "sizeBytes": 12955907
                },
                {
                    "names": [
                        "docker.io/library/busybox@sha256:98ad9d1a2be345201bb0709b0d38655eb1b370145c7d94ca1fe9c421f76e245a",
                        "docker.io/library/busybox:1.35"
                    ],
                    "sizeBytes": 2159953
                },
                {
                    "names": [
                        "docker.io/library/busybox@sha256:f85340bf132ae937d2c2a763b8335c9bab35d6e8293f70f606b9c6178d84f42b",
                        "docker.io/library/busybox:latest"
                    ],
                    "sizeBytes": 2156518
                },
                {
                    "names": [
                        "docker.io/library/busybox@sha256:141c253bc4c3fd0a201d32dc1f493bcf3fff003b6df416dea4f41046e0f37d47",
                        "docker.io/library/busybox:1.28"
                    ],
                    "sizeBytes": 727869
                },
                {
                    "names": [
                        "registry.k8s.io/pause@sha256:ee6521f290b2168b6e0935a181d4cff9be1ac3f505666ef0e3c98fae8199917a",
                        "registry.k8s.io/pause:3.10"
                    ],
                    "sizeBytes": 320368
                },
                {
                    "names": [
                        "registry.k8s.io/pause@sha256:9001185023633d17a2f98ff69b6ff2615b8ea02a825adffa40422f51dfdcde9d",
                        "registry.k8s.io/pause:3.8"
                    ],
                    "sizeBytes": 311286
                },
                {
                    "names": [
                        "gcr.io/google_containers/pause@sha256:927d98197ec1141a368550822d18fa1c60bdae27b78b0c004f705f548c07814f",
                        "gcr.io/google_containers/pause:3.2"
                    ],
                    "sizeBytes": 299513
                }
            ],
            "nodeInfo": {
                "architecture": "amd64",
                "bootID": "c68ea5f9-8ddd-422b-977d-1f77a05b06e4",
                "containerRuntimeVersion": "containerd://1.7.27",
                "kernelVersion": "6.8.0-63-generic",
                "kubeProxyVersion": "v1.32.8",
                "kubeletVersion": "v1.32.8",
                "machineID": "27af2eb77ea54afdaba615ceb88b790e",
                "operatingSystem": "linux",
                "osImage": "Ubuntu 24.04.2 LTS",
                "systemUUID": "03000200-0400-0500-0006-000700080009"
            }
        }
    }
  stdout_lines: <omitted>
2025-08-19 11:42:28,655 p=4834 u=ollama n=ansible | TASK [PRE-UPGRADE | Verify node is Ready] **************************************
2025-08-19 11:42:28,655 p=4834 u=ollama n=ansible | ok: [k8s01] => changed=false 
  msg: All assertions passed
2025-08-19 11:42:28,936 p=4834 u=ollama n=ansible | TASK [PRE-UPGRADE | Check etcd health] *****************************************
2025-08-19 11:42:28,936 p=4834 u=ollama n=ansible | changed: [k8s01] => changed=true 
  cmd: |-
    ETCDCTL_API=3 etcdctl  --endpoints=https://127.0.0.1:2379  --cacert=/etc/kubernetes/pki/etcd/ca.crt  --cert=/etc/kubernetes/pki/etcd/healthcheck-client.crt  --key=/etc/kubernetes/pki/etcd/healthcheck-client.key  endpoint health
  delta: '0:00:00.032567'
  end: '2025-08-19 15:42:28.879417'
  msg: ''
  rc: 0
  start: '2025-08-19 15:42:28.846850'
  stderr: ''
  stderr_lines: <omitted>
  stdout: 'https://127.0.0.1:2379 is healthy: successfully committed proposal: took = 14.358561ms'
  stdout_lines: <omitted>
2025-08-19 11:42:29,821 p=4834 u=ollama n=ansible | TASK [PREPARE | Update apt cache] **********************************************
2025-08-19 11:42:29,822 p=4834 u=ollama n=ansible | ok: [k8s01] => changed=false 
  cache_update_time: 1755618113
  cache_updated: false
2025-08-19 11:42:31,008 p=4834 u=ollama n=ansible | TASK [PREPARE | Add Kubernetes apt key] ****************************************
2025-08-19 11:42:31,008 p=4834 u=ollama n=ansible | changed: [k8s01] => changed=true 
  after:
  - 234654DA9A296436
  - D94AA3F0EFE21092
  - 871920D1991BC93C
  before:
  - D94AA3F0EFE21092
  - 871920D1991BC93C
  fp: 234654DA9A296436
  id: 234654DA9A296436
  key_id: 234654DA9A296436
  short_id: 9A296436
2025-08-19 11:42:31,496 p=4834 u=ollama n=ansible | TASK [PREPARE | Add Kubernetes repository] *************************************
2025-08-19 11:42:31,496 p=4834 u=ollama n=ansible | ok: [k8s01] => changed=false 
  repo: deb [signed-by=/etc/apt/keyrings/kubernetes-apt-keyring.gpg] https://pkgs.k8s.io/core:/stable:/v1.32/deb/ /
  sources_added: []
  sources_removed: []
  state: present
2025-08-19 11:42:31,833 p=4834 u=ollama n=ansible | TASK [UPGRADE | Unhold kubeadm package] ****************************************
2025-08-19 11:42:31,833 p=4834 u=ollama n=ansible | ok: [k8s01] => changed=false 
  after: install
  before: install
2025-08-19 11:42:42,422 p=4834 u=ollama n=ansible | TASK [UPGRADE | Install target kubeadm version] ********************************
2025-08-19 11:42:42,423 p=4834 u=ollama n=ansible | changed: [k8s01] => changed=true 
  cache_update_time: 1755618113
  cache_updated: false
  stderr: |-
    debconf: delaying package configuration, since apt-utils is not installed
  
    Running kernel seems to be up-to-date.
  
    The processor microcode seems to be up-to-date.
  
    No services need to be restarted.
  
    No containers need to be restarted.
  
    User sessions running outdated binaries:
     root @ session #40: kubectl[202110]
  
    No VM guests are running outdated hypervisor (qemu) binaries on this host.
  stderr_lines: <omitted>
  stdout: |-
    Reading package lists...
    Building dependency tree...
    Reading state information...
    The following packages were automatically installed and are no longer required:
      amd64-microcode bpfcc-tools bpftrace fontconfig-config fonts-dejavu-core
      fonts-dejavu-mono hwdata ieee-data libaom3 libbpfcc libc-dev-bin
      libc-devtools libc6-dev libclang-cpp18 libclang1-18 libcrypt-dev
      libdbus-glib-1-2 libde265-0 libdeflate0 libfontconfig1 libgd3 libgudev-1.0-0
      libheif-plugin-aomdec libheif-plugin-aomenc libheif-plugin-libde265 libheif1
      libimobiledevice6 libjbig0 libjpeg-turbo8 libjpeg8 liblerc4 libllvm18
      libplist-2.0-4 libsharpyuv0 libtiff6 libupower-glib3 libusbmuxd6 libwebp7
      libxpm4 linux-headers-6.14.0-24-generic linux-headers-6.14.0-27-generic
      linux-headers-generic-hwe-24.04 linux-hwe-6.14-headers-6.14.0-24
      linux-hwe-6.14-headers-6.14.0-27 linux-libc-dev linux-tools-common
      manpages-dev python3-bpfcc python3-netaddr rpcsvc-proto thermald
      ubuntu-kernel-accessories upower usb.ids usbmuxd
    Use 'apt autoremove' to remove them.
    The following packages will be upgraded:
      kubeadm
    1 upgraded, 0 newly installed, 0 to remove and 76 not upgraded.
    Need to get 12.7 MB of archives.
    After this operation, 3592 kB of additional disk space will be used.
    Get:1 https://prod-cdn.packages.k8s.io/repositories/isv:/kubernetes:/core:/stable:/v1.33/deb  kubeadm 1.33.4-1.1 [12.7 MB]
    Fetched 12.7 MB in 6s (2013 kB/s)
    (Reading database ... (Reading database ... 5%(Reading database ... 10%(Reading database ... 15%(Reading database ... 20%(Reading database ... 25%(Reading database ... 30%(Reading database ... 35%(Reading database ... 40%(Reading database ... 45%(Reading database ... 50%(Reading database ... 55%(Reading database ... 60%(Reading database ... 65%(Reading database ... 70%(Reading database ... 75%(Reading database ... 80%(Reading database ... 85%(Reading database ... 90%(Reading database ... 95%(Reading database ... 100%(Reading database ... 108226 files and directories currently installed.)
    Preparing to unpack .../kubeadm_1.33.4-1.1_amd64.deb ...
    Unpacking kubeadm (1.33.4-1.1) over (1.32.8-1.1) ...
    Setting up kubeadm (1.33.4-1.1) ...
  stdout_lines: <omitted>
2025-08-19 11:42:42,696 p=4834 u=ollama n=ansible | TASK [UPGRADE | Verify kubeadm version] ****************************************
2025-08-19 11:42:42,697 p=4834 u=ollama n=ansible | ok: [k8s01] => changed=false 
  cmd:
  - kubeadm
  - version
  - -o
  - short
  delta: '0:00:00.028709'
  end: '2025-08-19 15:42:42.246163'
  msg: ''
  rc: 0
  start: '2025-08-19 15:42:42.217454'
  stderr: ''
  stderr_lines: <omitted>
  stdout: v1.33.4
  stdout_lines: <omitted>
2025-08-19 11:42:42,973 p=4834 u=ollama n=ansible | TASK [UPGRADE | Hold kubeadm package] ******************************************
2025-08-19 11:42:42,973 p=4834 u=ollama n=ansible | changed: [k8s01] => changed=true 
  after: hold
  before: install
2025-08-19 11:42:48,986 p=4834 u=ollama n=ansible | TASK [UPGRADE | Run kubeadm upgrade plan] **************************************
2025-08-19 11:42:48,987 p=4834 u=ollama n=ansible | changed: [k8s01] => changed=true 
  cmd:
  - kubeadm
  - upgrade
  - plan
  delta: '0:00:05.578012'
  end: '2025-08-19 15:42:48.352724'
  msg: ''
  rc: 0
  start: '2025-08-19 15:42:42.774712'
  stderr: 'W0819 15:42:46.883582  237252 compute.go:93] Different API server versions in the cluster were discovered: v1.32.8 on nodes [k8s01], v1.31.10 on nodes [k8s02 k8s03]. Please upgrade your control plane nodes to the same version of Kubernetes'
  stderr_lines: <omitted>
  stdout: |-
    [preflight] Running pre-flight checks.
    [upgrade/config] Reading configuration from the "kubeadm-config" ConfigMap in namespace "kube-system"...
    [upgrade/config] Use 'kubeadm init phase upload-config --config your-config-file' to re-upload it.
    [upgrade] Running cluster health checks
    [upgrade] Fetching available versions to upgrade to
    [upgrade/versions] Cluster version: 1.32.8
    [upgrade/versions] kubeadm version: v1.33.4
    [upgrade/versions] Target version: v1.33.4
    [upgrade/versions] Latest version in the v1.32 series: v1.32.8
  
    Components that must be upgraded manually after you have upgraded the control plane with 'kubeadm upgrade apply':
    COMPONENT   NODE      CURRENT   TARGET
    kubelet     k8s01     v1.32.8   v1.33.4
    kubelet     k8s02     v1.32.8   v1.33.4
    kubelet     k8s03     v1.32.8   v1.33.4
    kubelet     k8s04     v1.32.8   v1.33.4
    kubelet     k8s05     v1.32.8   v1.33.4
    kubelet     k8s06     v1.32.8   v1.33.4
    kubelet     k8s07     v1.32.8   v1.33.4
    kubelet     k8s08     v1.32.8   v1.33.4
    kubelet     k8s09     v1.32.8   v1.33.4
  
    Upgrade to the latest stable version:
  
    COMPONENT                 NODE      CURRENT    TARGET
    kube-apiserver            k8s02     v1.31.10   v1.33.4
    kube-apiserver            k8s03     v1.31.10   v1.33.4
    kube-apiserver            k8s01     v1.32.8    v1.33.4
    kube-controller-manager   k8s02     v1.31.10   v1.33.4
    kube-controller-manager   k8s03     v1.31.10   v1.33.4
    kube-controller-manager   k8s01     v1.32.8    v1.33.4
    kube-scheduler            k8s02     v1.31.10   v1.33.4
    kube-scheduler            k8s03     v1.31.10   v1.33.4
    kube-scheduler            k8s01     v1.32.8    v1.33.4
    kube-proxy                          1.32.8     v1.33.4
    CoreDNS                             v1.11.3    v1.12.0
    etcd                      k8s02     3.5.15-0   3.5.21-0
    etcd                      k8s03     3.5.15-0   3.5.21-0
    etcd                      k8s01     3.5.16-0   3.5.21-0
  
    You can now apply the upgrade by executing the following command:
  
            kubeadm upgrade apply v1.33.4
  
    _____________________________________________________________________
  
  
    The table below shows the current state of component configs as understood by this version of kubeadm.
    Configs that have a "yes" mark in the "MANUAL UPGRADE REQUIRED" column require manual config upgrade or
    resetting to kubeadm defaults before a successful upgrade can be performed. The version to manually
    upgrade to is denoted in the "PREFERRED VERSION" column.
  
    API GROUP                 CURRENT VERSION   PREFERRED VERSION   MANUAL UPGRADE REQUIRED
    kubeproxy.config.k8s.io   v1alpha1          v1alpha1            no
    kubelet.config.k8s.io     v1beta1           v1beta1             no
    _____________________________________________________________________
  stdout_lines: <omitted>
2025-08-19 11:46:15,515 p=4834 u=ollama n=ansible | TASK [UPGRADE | Apply upgrade on first master] *********************************
2025-08-19 11:46:15,516 p=4834 u=ollama n=ansible | changed: [k8s01] => changed=true 
  ansible_job_id: j970654682250.237278
  cmd:
  - kubeadm
  - upgrade
  - apply
  - 1.33.4
  - --yes
  delta: '0:02:58.974854'
  end: '2025-08-19 15:45:47.942213'
  finished: 1
  msg: ''
  rc: 0
  results_file: /root/.ansible_async/j970654682250.237278
  start: '2025-08-19 15:42:48.967359'
  started: 1
  stderr: W0819 15:45:45.608489  237285 postupgrade.go:117] Using temporary directory /etc/kubernetes/tmp/kubeadm-kubelet-config548889252 for kubelet config. To override it set the environment variable KUBEADM_UPGRADE_DRYRUN_DIR
  stderr_lines: <omitted>
  stdout: |-
    [upgrade] Reading configuration from the "kubeadm-config" ConfigMap in namespace "kube-system"...
    [upgrade] Use 'kubeadm init phase upload-config --config your-config-file' to re-upload it.
    [upgrade/preflight] Running preflight checks
    [upgrade] Running cluster health checks
    [upgrade/preflight] You have chosen to upgrade the cluster version to "v1.33.4"
    [upgrade/versions] Cluster version: v1.32.8
    [upgrade/versions] kubeadm version: v1.33.4
    [upgrade/preflight] Pulling images required for setting up a Kubernetes cluster
    [upgrade/preflight] This might take a minute or two, depending on the speed of your internet connection
    [upgrade/preflight] You can also perform this action beforehand using 'kubeadm config images pull'
    [upgrade/control-plane] Upgrading your static Pod-hosted control plane to version "v1.33.4" (timeout: 5m0s)...
    [upgrade/staticpods] Writing new Static Pod manifests to "/etc/kubernetes/tmp/kubeadm-upgraded-manifests3228204509"
    [upgrade/staticpods] Preparing for "etcd" upgrade
    [upgrade/staticpods] Renewing etcd-server certificate
    [upgrade/staticpods] Renewing etcd-peer certificate
    [upgrade/staticpods] Renewing etcd-healthcheck-client certificate
    [upgrade/staticpods] Moving new manifest to "/etc/kubernetes/manifests/etcd.yaml" and backing up old manifest to "/etc/kubernetes/tmp/kubeadm-backup-manifests-2025-08-19-15-43-06/etcd.yaml"
    [upgrade/staticpods] Waiting for the kubelet to restart the component
    [upgrade/staticpods] This can take up to 5m0s
    [apiclient] Found 3 Pods for label selector component=etcd
    [upgrade/staticpods] Component "etcd" upgraded successfully!
    [upgrade/etcd] Waiting for etcd to become available
    [upgrade/staticpods] Preparing for "kube-apiserver" upgrade
    [upgrade/staticpods] Renewing apiserver certificate
    [upgrade/staticpods] Renewing apiserver-kubelet-client certificate
    [upgrade/staticpods] Renewing front-proxy-client certificate
    [upgrade/staticpods] Renewing apiserver-etcd-client certificate
    [upgrade/staticpods] Moving new manifest to "/etc/kubernetes/manifests/kube-apiserver.yaml" and backing up old manifest to "/etc/kubernetes/tmp/kubeadm-backup-manifests-2025-08-19-15-43-06/kube-apiserver.yaml"
    [upgrade/staticpods] Waiting for the kubelet to restart the component
    [upgrade/staticpods] This can take up to 5m0s
    [apiclient] Found 3 Pods for label selector component=kube-apiserver
    [upgrade/staticpods] Component "kube-apiserver" upgraded successfully!
    [upgrade/staticpods] Preparing for "kube-controller-manager" upgrade
    [upgrade/staticpods] Renewing controller-manager.conf certificate
    [upgrade/staticpods] Moving new manifest to "/etc/kubernetes/manifests/kube-controller-manager.yaml" and backing up old manifest to "/etc/kubernetes/tmp/kubeadm-backup-manifests-2025-08-19-15-43-06/kube-controller-manager.yaml"
    [upgrade/staticpods] Waiting for the kubelet to restart the component
    [upgrade/staticpods] This can take up to 5m0s
    [apiclient] Found 3 Pods for label selector component=kube-controller-manager
    [upgrade/staticpods] Component "kube-controller-manager" upgraded successfully!
    [upgrade/staticpods] Preparing for "kube-scheduler" upgrade
    [upgrade/staticpods] Renewing scheduler.conf certificate
    [upgrade/staticpods] Moving new manifest to "/etc/kubernetes/manifests/kube-scheduler.yaml" and backing up old manifest to "/etc/kubernetes/tmp/kubeadm-backup-manifests-2025-08-19-15-43-06/kube-scheduler.yaml"
    [upgrade/staticpods] Waiting for the kubelet to restart the component
    [upgrade/staticpods] This can take up to 5m0s
    [apiclient] Found 3 Pods for label selector component=kube-scheduler
    [upgrade/staticpods] Component "kube-scheduler" upgraded successfully!
    [upgrade/control-plane] The control plane instance for this node was successfully upgraded!
    [upload-config] Storing the configuration used in ConfigMap "kubeadm-config" in the "kube-system" Namespace
    [kubelet] Creating a ConfigMap "kubelet-config" in namespace kube-system with the configuration for the kubelets in the cluster
    [upgrade/kubeconfig] The kubeconfig files for this node were successfully upgraded!
    [upgrade] Backing up kubelet config file to /etc/kubernetes/tmp/kubeadm-kubelet-config548889252/config.yaml
    [kubelet-start] Writing kubelet configuration to file "/var/lib/kubelet/config.yaml"
    [upgrade/kubelet-config] The kubelet configuration for this node was successfully upgraded!
    [upgrade/bootstrap-token] Configuring bootstrap token and cluster-info RBAC rules
    [bootstrap-token] Configured RBAC rules to allow Node Bootstrap tokens to get nodes
    [bootstrap-token] Configured RBAC rules to allow Node Bootstrap tokens to post CSRs in order for nodes to get long term certificate credentials
    [bootstrap-token] Configured RBAC rules to allow the csrapprover controller automatically approve CSRs from a Node Bootstrap Token
    [bootstrap-token] Configured RBAC rules to allow certificate rotation for all node client certificates in the cluster
    [upgrade/addon] Skipping upgrade of addons because control plane instances [k8s02 k8s03] have not been upgraded
    [upgrade/addon] Skipping upgrade of addons because control plane instances [k8s02 k8s03] have not been upgraded
  
    [upgrade] SUCCESS! A control plane node of your cluster was upgraded to "v1.33.4".
  
    [upgrade] Now please proceed with upgrading the rest of the nodes by following the right order.
  stdout_lines: <omitted>
2025-08-19 11:46:15,817 p=4834 u=ollama n=ansible | TASK [UPGRADE | Unhold kubelet and kubectl] ************************************
2025-08-19 11:46:15,818 p=4834 u=ollama n=ansible | ok: [k8s01] => (item=kubelet) => changed=false 
  after: install
  ansible_loop_var: item
  before: install
  item: kubelet
2025-08-19 11:46:16,067 p=4834 u=ollama n=ansible | ok: [k8s01] => (item=kubectl) => changed=false 
  after: install
  ansible_loop_var: item
  before: install
  item: kubectl
2025-08-19 11:46:27,855 p=4834 u=ollama n=ansible | TASK [UPGRADE | Upgrade kubelet and kubectl] ***********************************
2025-08-19 11:46:27,856 p=4834 u=ollama n=ansible | changed: [k8s01] => changed=true 
  cache_update_time: 1755618113
  cache_updated: false
  stderr: |-
    debconf: delaying package configuration, since apt-utils is not installed
  
    Running kernel seems to be up-to-date.
  
    The processor microcode seems to be up-to-date.
  
    Restarting services...
     systemctl restart kubelet.service
  
    No containers need to be restarted.
  
    User sessions running outdated binaries:
     root @ session #40: kubectl[202110]
  
    No VM guests are running outdated hypervisor (qemu) binaries on this host.
  stderr_lines: <omitted>
  stdout: |-
    Reading package lists...
    Building dependency tree...
    Reading state information...
    The following packages were automatically installed and are no longer required:
      amd64-microcode bpfcc-tools bpftrace fontconfig-config fonts-dejavu-core
      fonts-dejavu-mono hwdata ieee-data libaom3 libbpfcc libc-dev-bin
      libc-devtools libc6-dev libclang-cpp18 libclang1-18 libcrypt-dev
      libdbus-glib-1-2 libde265-0 libdeflate0 libfontconfig1 libgd3 libgudev-1.0-0
      libheif-plugin-aomdec libheif-plugin-aomenc libheif-plugin-libde265 libheif1
      libimobiledevice6 libjbig0 libjpeg-turbo8 libjpeg8 liblerc4 libllvm18
      libplist-2.0-4 libsharpyuv0 libtiff6 libupower-glib3 libusbmuxd6 libwebp7
      libxpm4 linux-headers-6.14.0-24-generic linux-headers-6.14.0-27-generic
      linux-headers-generic-hwe-24.04 linux-hwe-6.14-headers-6.14.0-24
      linux-hwe-6.14-headers-6.14.0-27 linux-libc-dev linux-tools-common
      manpages-dev python3-bpfcc python3-netaddr rpcsvc-proto thermald
      ubuntu-kernel-accessories upower usb.ids usbmuxd
    Use 'apt autoremove' to remove them.
    The following packages will be upgraded:
      kubectl kubelet
    2 upgraded, 0 newly installed, 0 to remove and 74 not upgraded.
    Need to get 27.6 MB of archives.
    After this operation, 7094 kB of additional disk space will be used.
    Get:1 https://prod-cdn.packages.k8s.io/repositories/isv:/kubernetes:/core:/stable:/v1.33/deb  kubectl 1.33.4-1.1 [11.7 MB]
    Get:2 https://prod-cdn.packages.k8s.io/repositories/isv:/kubernetes:/core:/stable:/v1.33/deb  kubelet 1.33.4-1.1 [15.9 MB]
    Fetched 27.6 MB in 7s (4166 kB/s)
    (Reading database ... (Reading database ... 5%(Reading database ... 10%(Reading database ... 15%(Reading database ... 20%(Reading database ... 25%(Reading database ... 30%(Reading database ... 35%(Reading database ... 40%(Reading database ... 45%(Reading database ... 50%(Reading database ... 55%(Reading database ... 60%(Reading database ... 65%(Reading database ... 70%(Reading database ... 75%(Reading database ... 80%(Reading database ... 85%(Reading database ... 90%(Reading database ... 95%(Reading database ... 100%(Reading database ... 108226 files and directories currently installed.)
    Preparing to unpack .../kubectl_1.33.4-1.1_amd64.deb ...
    Unpacking kubectl (1.33.4-1.1) over (1.32.8-1.1) ...
    Preparing to unpack .../kubelet_1.33.4-1.1_amd64.deb ...
    Unpacking kubelet (1.33.4-1.1) over (1.32.8-1.1) ...
    Setting up kubectl (1.33.4-1.1) ...
    Setting up kubelet (1.33.4-1.1) ...
  stdout_lines: <omitted>
2025-08-19 11:46:28,133 p=4834 u=ollama n=ansible | TASK [UPGRADE | Hold kubelet and kubectl] **************************************
2025-08-19 11:46:28,134 p=4834 u=ollama n=ansible | changed: [k8s01] => (item=kubelet) => changed=true 
  after: hold
  ansible_loop_var: item
  before: install
  item: kubelet
2025-08-19 11:46:28,494 p=4834 u=ollama n=ansible | changed: [k8s01] => (item=kubectl) => changed=true 
  after: hold
  ansible_loop_var: item
  before: install
  item: kubectl
2025-08-19 11:46:30,003 p=4834 u=ollama n=ansible | TASK [UPGRADE | Restart kubelet] ***********************************************
2025-08-19 11:46:30,005 p=4834 u=ollama n=ansible | changed: [k8s01] => changed=true 
  name: kubelet
  state: started
  status:
    ActiveEnterTimestamp: Tue 2025-08-19 15:46:27 UTC
    ActiveEnterTimestampMonotonic: '1554833072514'
    ActiveExitTimestamp: Tue 2025-08-19 15:46:27 UTC
    ActiveExitTimestampMonotonic: '1554833032891'
    ActiveState: active
    After: systemd-journald.socket network-online.target system.slice sysinit.target basic.target
    AllowIsolate: 'no'
    AssertResult: 'yes'
    AssertTimestamp: Tue 2025-08-19 15:46:27 UTC
    AssertTimestampMonotonic: '1554833064853'
    Before: multi-user.target shutdown.target
    BlockIOAccounting: 'no'
    BlockIOWeight: '[not set]'
    CPUAccounting: 'yes'
    CPUAffinityFromNUMA: 'no'
    CPUQuotaPerSecUSec: infinity
    CPUQuotaPeriodUSec: infinity
    CPUSchedulingPolicy: '0'
    CPUSchedulingPriority: '0'
    CPUSchedulingResetOnFork: 'no'
    CPUShares: '[not set]'
    CPUUsageNSec: '835795000'
    CPUWeight: '[not set]'
    CacheDirectoryMode: '0755'
    CanFreeze: 'yes'
    CanIsolate: 'no'
    CanReload: 'no'
    CanStart: 'yes'
    CanStop: 'yes'
    CapabilityBoundingSet: cap_chown cap_dac_override cap_dac_read_search cap_fowner cap_fsetid cap_kill cap_setgid cap_setuid cap_setpcap cap_linux_immutable cap_net_bind_service cap_net_broadcast cap_net_admin cap_net_raw cap_ipc_lock cap_ipc_owner cap_sys_module cap_sys_rawio cap_sys_chroot cap_sys_ptrace cap_sys_pacct cap_sys_admin cap_sys_boot cap_sys_nice cap_sys_resource cap_sys_time cap_sys_tty_config cap_mknod cap_lease cap_audit_write cap_audit_control cap_setfcap cap_mac_override cap_mac_admin cap_syslog cap_wake_alarm cap_block_suspend cap_audit_read cap_perfmon cap_bpf cap_checkpoint_restore
    CleanResult: success
    CollectMode: inactive
    ConditionResult: 'yes'
    ConditionTimestamp: Tue 2025-08-19 15:46:27 UTC
    ConditionTimestampMonotonic: '1554833064850'
    ConfigurationDirectoryMode: '0755'
    Conflicts: shutdown.target
    ControlGroup: /system.slice/kubelet.service
    ControlGroupId: '34808'
    ControlPID: '0'
    CoredumpFilter: '0x33'
    CoredumpReceive: 'no'
    DefaultDependencies: 'yes'
    DefaultMemoryLow: '0'
    DefaultMemoryMin: '0'
    DefaultStartupMemoryLow: '0'
    Delegate: 'no'
    Description: 'kubelet: The Kubernetes Node Agent'
    DevicePolicy: auto
    Documentation: https://kubernetes.io/docs/
    DropInPaths: /usr/lib/systemd/system/kubelet.service.d/10-kubeadm.conf
    DynamicUser: 'no'
    EffectiveCPUs: 0-3
    EffectiveMemoryNodes: '0'
    Environment: '"KUBELET_KUBECONFIG_ARGS=--bootstrap-kubeconfig=/etc/kubernetes/bootstrap-kubelet.conf --kubeconfig=/etc/kubernetes/kubelet.conf" KUBELET_CONFIG_ARGS=--config=/var/lib/kubelet/config.yaml'
    EnvironmentFiles: /etc/default/kubelet (ignore_errors=yes)
    ExecMainCode: '0'
    ExecMainExitTimestampMonotonic: '0'
    ExecMainPID: '238391'
    ExecMainStartTimestamp: Tue 2025-08-19 15:46:27 UTC
    ExecMainStartTimestampMonotonic: '1554833072234'
    ExecMainStatus: '0'
    ExecStart: '{ path=/usr/bin/kubelet ; argv[]=/usr/bin/kubelet $KUBELET_KUBECONFIG_ARGS $KUBELET_CONFIG_ARGS $KUBELET_KUBEADM_ARGS $KUBELET_EXTRA_ARGS ; ignore_errors=no ; start_time=[n/a] ; stop_time=[n/a] ; pid=0 ; code=(null) ; status=0/0 }'
    ExecStartEx: '{ path=/usr/bin/kubelet ; argv[]=/usr/bin/kubelet $KUBELET_KUBECONFIG_ARGS $KUBELET_CONFIG_ARGS $KUBELET_KUBEADM_ARGS $KUBELET_EXTRA_ARGS ; flags= ; start_time=[n/a] ; stop_time=[n/a] ; pid=0 ; code=(null) ; status=0/0 }'
    ExitType: main
    ExtensionImagePolicy: root=verity+signed+encrypted+unprotected+absent:usr=verity+signed+encrypted+unprotected+absent:home=encrypted+unprotected+absent:srv=encrypted+unprotected+absent:tmp=encrypted+unprotected+absent:var=encrypted+unprotected+absent
    FailureAction: none
    FileDescriptorStoreMax: '0'
    FileDescriptorStorePreserve: restart
    FinalKillSignal: '9'
    FragmentPath: /usr/lib/systemd/system/kubelet.service
    FreezerState: running
    GID: '[not set]'
    GuessMainPID: 'yes'
    IOAccounting: 'no'
    IOReadBytes: '[not set]'
    IOReadOperations: '[not set]'
    IOSchedulingClass: '2'
    IOSchedulingPriority: '4'
    IOWeight: '[not set]'
    IOWriteBytes: '[not set]'
    IOWriteOperations: '[not set]'
    IPAccounting: 'no'
    IPEgressBytes: '[no data]'
    IPEgressPackets: '[no data]'
    IPIngressBytes: '[no data]'
    IPIngressPackets: '[no data]'
    Id: kubelet.service
    IgnoreOnIsolate: 'no'
    IgnoreSIGPIPE: 'yes'
    InactiveEnterTimestamp: Tue 2025-08-19 15:46:27 UTC
    InactiveEnterTimestampMonotonic: '1554833064150'
    InactiveExitTimestamp: Tue 2025-08-19 15:46:27 UTC
    InactiveExitTimestampMonotonic: '1554833072514'
    InvocationID: 083b880fe021421eb553adf0f803dce6
    JobRunningTimeoutUSec: infinity
    JobTimeoutAction: none
    JobTimeoutUSec: infinity
    KeyringMode: private
    KillMode: control-group
    KillSignal: '15'
    LimitAS: infinity
    LimitASSoft: infinity
    LimitCORE: infinity
    LimitCORESoft: '0'
    LimitCPU: infinity
    LimitCPUSoft: infinity
    LimitDATA: infinity
    LimitDATASoft: infinity
    LimitFSIZE: infinity
    LimitFSIZESoft: infinity
    LimitLOCKS: infinity
    LimitLOCKSSoft: infinity
    LimitMEMLOCK: '8388608'
    LimitMEMLOCKSoft: '8388608'
    LimitMSGQUEUE: '819200'
    LimitMSGQUEUESoft: '819200'
    LimitNICE: '0'
    LimitNICESoft: '0'
    LimitNOFILE: '524288'
    LimitNOFILESoft: '1024'
    LimitNPROC: '62782'
    LimitNPROCSoft: '62782'
    LimitRSS: infinity
    LimitRSSSoft: infinity
    LimitRTPRIO: '0'
    LimitRTPRIOSoft: '0'
    LimitRTTIME: infinity
    LimitRTTIMESoft: infinity
    LimitSIGPENDING: '62782'
    LimitSIGPENDINGSoft: '62782'
    LimitSTACK: infinity
    LimitSTACKSoft: '8388608'
    LoadState: loaded
    LockPersonality: 'no'
    LogLevelMax: '-1'
    LogRateLimitBurst: '0'
    LogRateLimitIntervalUSec: '0'
    LogsDirectoryMode: '0755'
    MainPID: '238391'
    ManagedOOMMemoryPressure: auto
    ManagedOOMMemoryPressureLimit: '0'
    ManagedOOMPreference: none
    ManagedOOMSwap: auto
    MemoryAccounting: 'yes'
    MemoryAvailable: '15041355776'
    MemoryCurrent: '34316288'
    MemoryDenyWriteExecute: 'no'
    MemoryHigh: infinity
    MemoryKSM: 'no'
    MemoryLimit: infinity
    MemoryLow: '0'
    MemoryMax: infinity
    MemoryMin: '0'
    MemoryPeak: '34693120'
    MemoryPressureThresholdUSec: 200ms
    MemoryPressureWatch: auto
    MemorySwapCurrent: '0'
    MemorySwapMax: infinity
    MemorySwapPeak: '0'
    MemoryZSwapCurrent: '0'
    MemoryZSwapMax: infinity
    MountAPIVFS: 'no'
    MountImagePolicy: root=verity+signed+encrypted+unprotected+absent:usr=verity+signed+encrypted+unprotected+absent:home=encrypted+unprotected+absent:srv=encrypted+unprotected+absent:tmp=encrypted+unprotected+absent:var=encrypted+unprotected+absent
    NFileDescriptorStore: '0'
    NRestarts: '0'
    NUMAPolicy: n/a
    Names: kubelet.service
    NeedDaemonReload: 'no'
    Nice: '0'
    NoNewPrivileges: 'no'
    NonBlocking: 'no'
    NotifyAccess: none
    OOMPolicy: stop
    OOMScoreAdjust: '0'
    OnFailureJobMode: replace
    OnSuccessJobMode: fail
    Perpetual: 'no'
    PrivateDevices: 'no'
    PrivateIPC: 'no'
    PrivateMounts: 'no'
    PrivateNetwork: 'no'
    PrivateTmp: 'no'
    PrivateUsers: 'no'
    ProcSubset: all
    ProtectClock: 'no'
    ProtectControlGroups: 'no'
    ProtectHome: 'no'
    ProtectHostname: 'no'
    ProtectKernelLogs: 'no'
    ProtectKernelModules: 'no'
    ProtectKernelTunables: 'no'
    ProtectProc: default
    ProtectSystem: 'no'
    RefuseManualStart: 'no'
    RefuseManualStop: 'no'
    ReloadResult: success
    ReloadSignal: '1'
    RemainAfterExit: 'no'
    RemoveIPC: 'no'
    Requires: system.slice sysinit.target
    Restart: always
    RestartKillSignal: '15'
    RestartMaxDelayUSec: infinity
    RestartMode: normal
    RestartSteps: '0'
    RestartUSec: 10s
    RestartUSecNext: 10s
    RestrictNamespaces: 'no'
    RestrictRealtime: 'no'
    RestrictSUIDSGID: 'no'
    Result: success
    RootDirectoryStartOnly: 'no'
    RootEphemeral: 'no'
    RootImagePolicy: root=verity+signed+encrypted+unprotected+absent:usr=verity+signed+encrypted+unprotected+absent:home=encrypted+unprotected+absent:srv=encrypted+unprotected+absent:tmp=encrypted+unprotected+absent:var=encrypted+unprotected+absent
    RuntimeDirectoryMode: '0755'
    RuntimeDirectoryPreserve: 'no'
    RuntimeMaxUSec: infinity
    RuntimeRandomizedExtraUSec: '0'
    SameProcessGroup: 'no'
    SecureBits: '0'
    SendSIGHUP: 'no'
    SendSIGKILL: 'yes'
    SetLoginEnvironment: 'no'
    Slice: system.slice
    StandardError: inherit
    StandardInput: 'null'
    StandardOutput: journal
    StartLimitAction: none
    StartLimitBurst: '5'
    StartLimitIntervalUSec: '0'
    StartupBlockIOWeight: '[not set]'
    StartupCPUShares: '[not set]'
    StartupCPUWeight: '[not set]'
    StartupIOWeight: '[not set]'
    StartupMemoryHigh: infinity
    StartupMemoryLow: '0'
    StartupMemoryMax: infinity
    StartupMemorySwapMax: infinity
    StartupMemoryZSwapMax: infinity
    StateChangeTimestamp: Tue 2025-08-19 15:46:27 UTC
    StateChangeTimestampMonotonic: '1554833072514'
    StateDirectoryMode: '0755'
    StatusErrno: '0'
    StopWhenUnneeded: 'no'
    SubState: running
    SuccessAction: none
    SurviveFinalKillSignal: 'no'
    SyslogFacility: '3'
    SyslogLevel: '6'
    SyslogLevelPrefix: 'yes'
    SyslogPriority: '30'
    SystemCallErrorNumber: '2147483646'
    TTYReset: 'no'
    TTYVHangup: 'no'
    TTYVTDisallocate: 'no'
    TasksAccounting: 'yes'
    TasksCurrent: '14'
    TasksMax: '18834'
    TimeoutAbortUSec: 1min 30s
    TimeoutCleanUSec: infinity
    TimeoutStartFailureMode: terminate
    TimeoutStartUSec: 1min 30s
    TimeoutStopFailureMode: terminate
    TimeoutStopUSec: 1min 30s
    TimerSlackNSec: '50000'
    Transient: 'no'
    Type: simple
    UID: '[not set]'
    UMask: '0022'
    UnitFilePreset: enabled
    UnitFileState: enabled
    UtmpMode: init
    WantedBy: multi-user.target
    Wants: network-online.target
    WatchdogSignal: '6'
    WatchdogTimestampMonotonic: '0'
    WatchdogUSec: '0'
2025-08-19 11:46:59,934 p=4834 u=ollama n=ansible | TASK [VERIFY | Wait for node to be Ready] **************************************
2025-08-19 11:46:59,934 p=4834 u=ollama n=ansible | changed: [k8s01] => changed=true 
  attempts: 2
  cmd: kubectl get node k8s01 -o jsonpath='{.status.conditions[?(@.type=="Ready")].status}'
  delta: '0:00:00.089668'
  end: '2025-08-19 15:46:59.627389'
  msg: ''
  rc: 0
  start: '2025-08-19 15:46:59.537721'
  stderr: ''
  stderr_lines: <omitted>
  stdout: 'True'
  stdout_lines: <omitted>
2025-08-19 11:47:00,531 p=4834 u=ollama n=ansible | TASK [VERIFY | Check API server health] ****************************************
2025-08-19 11:47:00,532 p=4834 u=ollama n=ansible | ok: [k8s01] => changed=false 
  attempts: 1
  audit_id: cc9f4fd8-1b82-4155-8548-20cd3d9ac6e6
  cache_control: no-cache, private
  connection: close
  content_length: '2'
  content_type: text/plain; charset=utf-8
  cookies: {}
  cookies_string: ''
  date: Tue, 19 Aug 2025 15:47:00 GMT
  elapsed: 0
  msg: OK (2 bytes)
  redirected: false
  status: 200
  url: https://192.168.0.50:6443/healthz
  x_content_type_options: nosniff
  x_kubernetes_pf_flowschema_uid: 6daaafac-3ffd-4122-ac3e-96edf3e0244f
  x_kubernetes_pf_prioritylevel_uid: 8ad84914-4fbb-426f-b582-4331131433d2
2025-08-19 11:47:00,975 p=4834 u=ollama n=ansible | TASK [VERIFY | Check all control plane components] *****************************
2025-08-19 11:47:00,976 p=4834 u=ollama n=ansible | changed: [k8s01] => changed=true 
  cmd: |-
    kubectl get componentstatuses
    kubectl get pods -n kube-system -l tier=control-plane
  delta: '0:00:00.186627'
  end: '2025-08-19 15:47:00.640376'
  msg: ''
  rc: 0
  start: '2025-08-19 15:47:00.453749'
  stderr: 'Warning: v1 ComponentStatus is deprecated in v1.19+'
  stderr_lines: <omitted>
  stdout: |-
    NAME                 STATUS    MESSAGE   ERROR
    scheduler            Healthy   ok
    controller-manager   Healthy   ok
    etcd-0               Healthy   ok
    NAME                            READY   STATUS    RESTARTS       AGE
    etcd-k8s01                      1/1     Running   2              32s
    etcd-k8s02                      1/1     Running   2 (134m ago)   134m
    etcd-k8s03                      1/1     Running   1 (116m ago)   116m
    kube-apiserver-k8s01            1/1     Running   2              32s
    kube-apiserver-k8s02            1/1     Running   2 (134m ago)   134m
    kube-apiserver-k8s03            1/1     Running   1 (116m ago)   116m
    kube-controller-manager-k8s01   1/1     Running   0              32s
    kube-controller-manager-k8s02   1/1     Running   0              134m
    kube-controller-manager-k8s03   1/1     Running   1 (116m ago)   116m
    kube-scheduler-k8s01            1/1     Running   0              28s
    kube-scheduler-k8s02            1/1     Running   1 (134m ago)   134m
    kube-scheduler-k8s03            1/1     Running   1 (116m ago)   116m
  stdout_lines: <omitted>
2025-08-19 11:47:01,261 p=4834 u=ollama n=ansible | TASK [VERIFY | Verify etcd cluster health] *************************************
2025-08-19 11:47:01,262 p=4834 u=ollama n=ansible | changed: [k8s01] => changed=true 
  cmd: |-
    ETCDCTL_API=3 etcdctl  --endpoints=https://127.0.0.1:2379  --cacert=/etc/kubernetes/pki/etcd/ca.crt  --cert=/etc/kubernetes/pki/etcd/healthcheck-client.crt  --key=/etc/kubernetes/pki/etcd/healthcheck-client.key  member list
  delta: '0:00:00.029843'
  end: '2025-08-19 15:47:00.917777'
  msg: ''
  rc: 0
  start: '2025-08-19 15:47:00.887934'
  stderr: ''
  stderr_lines: <omitted>
  stdout: |-
    8adc34f2f139fc91, started, k8s01, https://192.168.0.50:2380, https://192.168.0.50:2379, false
    ac5d322f7c760201, started, k8s02, https://192.168.0.51:2380, https://192.168.0.51:2379, false
    f835c0e4a6f0bb6c, started, k8s03, https://192.168.0.52:2380, https://192.168.0.52:2379, false
  stdout_lines: <omitted>
2025-08-19 11:47:01,566 p=4834 u=ollama n=ansible | TASK [VERIFY | Check cluster version] ******************************************
2025-08-19 11:47:01,566 p=4834 u=ollama n=ansible | fatal: [k8s01]: FAILED! => changed=true 
  cmd:
  - kubectl
  - version
  - --short
  delta: '0:00:00.051226'
  end: '2025-08-19 15:47:01.210849'
  msg: non-zero return code
  rc: 1
  start: '2025-08-19 15:47:01.159623'
  stderr: |-
    error: unknown flag: --short
    See 'kubectl version --help' for usage.
  stderr_lines: <omitted>
  stdout: ''
  stdout_lines: <omitted>
2025-08-19 11:47:01,580 p=4834 u=ollama n=ansible | 	to retry, use: --limit @/home/ollama/me/Zenitsu_mforrester-home-lab/kubernetes-upgrade/.ansible-retry/02-upgrade-control-plane.retry

2025-08-19 11:47:01,581 p=4834 u=ollama n=ansible | PLAY RECAP *********************************************************************
2025-08-19 11:47:01,581 p=4834 u=ollama n=ansible | k8s01                      : ok=23   changed=15   unreachable=0    failed=1    skipped=3    rescued=0    ignored=0   
2025-08-19 11:47:08,572 p=14560 u=ollama n=ansible | Using /home/ollama/me/Zenitsu_mforrester-home-lab/kubernetes-upgrade/ansible.cfg as config file
2025-08-19 11:47:09,083 p=14560 u=ollama n=ansible | k8s01 | CHANGED | rc=0 >>
Client Version: v1.33.4
Kustomize Version: v5.6.0
Server Version: v1.33.4

2025-08-19 11:47:15,639 p=14773 u=ollama n=ansible | Using /home/ollama/me/Zenitsu_mforrester-home-lab/kubernetes-upgrade/ansible.cfg as config file
2025-08-19 11:47:15,768 p=14773 u=ollama n=ansible | PLAY [Upgrade Kubernetes Control Plane Nodes] **********************************
2025-08-19 11:47:15,771 p=14773 u=ollama n=ansible | [WARNING]: Using max_fail_percentage with the free strategy is not supported,
as tasks are executed independently on each host

2025-08-19 11:47:17,075 p=14773 u=ollama n=ansible | TASK [Gathering Facts] *********************************************************
2025-08-19 11:47:17,075 p=14773 u=ollama n=ansible | ok: [k8s02]
2025-08-19 11:47:17,098 p=14773 u=ollama n=ansible | TASK [Validate target node] ****************************************************
2025-08-19 11:47:17,099 p=14773 u=ollama n=ansible | ok: [k8s02] => changed=false 
  msg: All assertions passed
2025-08-19 11:47:17,770 p=14773 u=ollama n=ansible | TASK [Create upgrade state file] ***********************************************
2025-08-19 11:47:17,770 p=14773 u=ollama n=ansible | changed: [k8s02] => changed=true 
  checksum: c70be2dba1971ca192129ff014c11cd0b7c12e12
  dest: /etc/kubernetes/upgrade.state
  gid: 0
  group: root
  md5sum: dfac5e399d36525b27960d79952c2ce0
  mode: '0644'
  owner: root
  size: 102
  src: /root/.ansible/tmp/ansible-tmp-1755618437.1240516-14861-180332991971152/.source.state
  state: file
  uid: 0
2025-08-19 11:47:18,097 p=14773 u=ollama n=ansible | TASK [Start upgrade logging] ***************************************************
2025-08-19 11:47:18,098 p=14773 u=ollama n=ansible | changed: [k8s02] => changed=true 
  cmd: |-
    echo "=== Control Plane Upgrade Started ===" >> /var/log/kubernetes-upgrade-1.33.4-1755618436.log
    echo "Node: k8s02" >> /var/log/kubernetes-upgrade-1.33.4-1755618436.log
    echo "Time: 2025-08-19T15:47:16Z" >> /var/log/kubernetes-upgrade-1.33.4-1755618436.log
    echo "Current Version: 1.32.8" >> /var/log/kubernetes-upgrade-1.33.4-1755618436.log
    echo "Target Version: 1.33.4" >> /var/log/kubernetes-upgrade-1.33.4-1755618436.log
  delta: '0:00:00.005454'
  end: '2025-08-19 15:47:17.266006'
  msg: ''
  rc: 0
  start: '2025-08-19 15:47:17.260552'
  stderr: ''
  stderr_lines: <omitted>
  stdout: ''
  stdout_lines: <omitted>
2025-08-19 11:47:18,481 p=14773 u=ollama n=ansible | TASK [PRE-UPGRADE | Check node health] *****************************************
2025-08-19 11:47:18,482 p=14773 u=ollama n=ansible | changed: [k8s02 -> k8s01(192.168.0.50)] => changed=true 
  cmd:
  - kubectl
  - get
  - node
  - k8s02
  - -o
  - json
  delta: '0:00:00.085570'
  end: '2025-08-19 15:47:17.636864'
  msg: ''
  rc: 0
  start: '2025-08-19 15:47:17.551294'
  stderr: ''
  stderr_lines: <omitted>
  stdout: |-
    {
        "apiVersion": "v1",
        "kind": "Node",
        "metadata": {
            "annotations": {
                "kubeadm.alpha.kubernetes.io/cri-socket": "unix:///var/run/containerd/containerd.sock",
                "node.alpha.kubernetes.io/ttl": "0",
                "volumes.kubernetes.io/controller-managed-attach-detach": "true"
            },
            "creationTimestamp": "2025-07-06T14:26:00Z",
            "labels": {
                "beta.kubernetes.io/arch": "amd64",
                "beta.kubernetes.io/os": "linux",
                "kubernetes.io/arch": "amd64",
                "kubernetes.io/hostname": "k8s02",
                "kubernetes.io/os": "linux",
                "node-role.kubernetes.io/control-plane": "",
                "node.kubernetes.io/exclude-from-external-load-balancers": ""
            },
            "name": "k8s02",
            "resourceVersion": "28263182",
            "uid": "7a6f1371-f90f-4e8d-82da-0fb9607336cb"
        },
        "spec": {
            "podCIDR": "10.244.1.0/24",
            "podCIDRs": [
                "10.244.1.0/24"
            ],
            "taints": [
                {
                    "effect": "NoSchedule",
                    "key": "node-role.kubernetes.io/control-plane"
                }
            ]
        },
        "status": {
            "addresses": [
                {
                    "address": "192.168.0.51",
                    "type": "InternalIP"
                },
                {
                    "address": "k8s02",
                    "type": "Hostname"
                }
            ],
            "allocatable": {
                "cpu": "4",
                "ephemeral-storage": "451628671048",
                "hugepages-2Mi": "0",
                "memory": "16049256Ki",
                "pods": "110"
            },
            "capacity": {
                "cpu": "4",
                "ephemeral-storage": "490048472Ki",
                "hugepages-2Mi": "0",
                "memory": "16151656Ki",
                "pods": "110"
            },
            "conditions": [
                {
                    "lastHeartbeatTime": "2025-07-06T14:26:29Z",
                    "lastTransitionTime": "2025-07-06T14:26:29Z",
                    "message": "Cilium is running on this node",
                    "reason": "CiliumIsUp",
                    "status": "False",
                    "type": "NetworkUnavailable"
                },
                {
                    "lastHeartbeatTime": "2025-08-19T15:45:35Z",
                    "lastTransitionTime": "2025-07-24T18:25:49Z",
                    "message": "kubelet has sufficient memory available",
                    "reason": "KubeletHasSufficientMemory",
                    "status": "False",
                    "type": "MemoryPressure"
                },
                {
                    "lastHeartbeatTime": "2025-08-19T15:45:35Z",
                    "lastTransitionTime": "2025-07-24T18:25:49Z",
                    "message": "kubelet has no disk pressure",
                    "reason": "KubeletHasNoDiskPressure",
                    "status": "False",
                    "type": "DiskPressure"
                },
                {
                    "lastHeartbeatTime": "2025-08-19T15:45:35Z",
                    "lastTransitionTime": "2025-07-24T18:25:49Z",
                    "message": "kubelet has sufficient PID available",
                    "reason": "KubeletHasSufficientPID",
                    "status": "False",
                    "type": "PIDPressure"
                },
                {
                    "lastHeartbeatTime": "2025-08-19T15:45:35Z",
                    "lastTransitionTime": "2025-07-24T18:25:49Z",
                    "message": "kubelet is posting ready status",
                    "reason": "KubeletReady",
                    "status": "True",
                    "type": "Ready"
                }
            ],
            "daemonEndpoints": {
                "kubeletEndpoint": {
                    "Port": 10250
                }
            },
            "images": [
                {
                    "names": [
                        "quay.io/cilium/cilium@sha256:4386a8580d8d86934908eea022b0523f812e6a542f30a86a47edd8bed90d51ea"
                    ],
                    "sizeBytes": 223118854
                },
                {
                    "names": [
                        "ghcr.io/k8snetworkplumbingwg/multus-cni@sha256:81703ef8019866733bcb997d57bc61ef57d530754bd2070eed8496ae062ca212",
                        "ghcr.io/k8snetworkplumbingwg/multus-cni:snapshot"
                    ],
                    "sizeBytes": 209029410
                },
                {
                    "names": [
                        "ghcr.io/k8snetworkplumbingwg/multus-cni@sha256:96dac83cb473da08987abbf2194efe33261c6f577ed42eff1f6e663aa3a22cbe",
                        "ghcr.io/k8snetworkplumbingwg/multus-cni:snapshot-thick"
                    ],
                    "sizeBytes": 195665995
                },
                {
                    "names": [
                        "docker.io/falcosecurity/falco@sha256:5f6f325327c970430b1a73704160b2fd5b2c1396f2dc0b343b2544638b6b569c",
                        "docker.io/falcosecurity/falco:0.41.3"
                    ],
                    "sizeBytes": 76366252
                },
                {
                    "names": [
                        "docker.io/grafana/promtail@sha256:b338a29de45ef8ffa96f882f3a36306b1e61262b2a560ff523e0e2633cccbbc4",
                        "docker.io/grafana/promtail:2.9.3"
                    ],
                    "sizeBytes": 75094050
                },
                {
                    "names": [
                        "quay.io/cilium/cilium-envoy@sha256:9762041c3760de226a8b00cc12f27dacc28b7691ea926748f9b5c18862db503f"
                    ],
                    "sizeBytes": 62171534
                },
                {
                    "names": [
                        "registry.k8s.io/etcd@sha256:c6a9d11cc5c04b114ccdef39a9265eeef818e3d02f5359be035ae784097fdec5",
                        "registry.k8s.io/etcd:3.5.16-0"
                    ],
                    "sizeBytes": 57680541
                },
                {
                    "names": [
                        "registry.k8s.io/etcd@sha256:a6dc63e6e8cfa0307d7851762fa6b629afb18f28d8aa3fab5a6e91b4af60026a",
                        "registry.k8s.io/etcd:3.5.15-0"
                    ],
                    "sizeBytes": 56909194
                },
                {
                    "names": [
                        "quay.io/metallb/speaker@sha256:34e9cc2db6d83ca3ad4d92a6e2eadaf6b78be65621798e90827041749898acc0",
                        "quay.io/metallb/speaker:v0.14.5"
                    ],
                    "sizeBytes": 52754428
                },
                {
                    "names": [
                        "docker.io/falcosecurity/falcoctl@sha256:8e02bfd0c44a954495a5c7f980693f603d47c1bec2e55c86319c55134b9a5b6e",
                        "docker.io/falcosecurity/falcoctl:0.11.2"
                    ],
                    "sizeBytes": 31964684
                },
                {
                    "names": [
                        "registry.k8s.io/kube-proxy@sha256:adc1335b480ddd833aac3b0bd20f68ff0f3c3cf7a0bd337933b006d9f5cec40a",
                        "registry.k8s.io/kube-proxy:v1.32.8"
                    ],
                    "sizeBytes": 30896189
                },
                {
                    "names": [
                        "registry.k8s.io/kube-proxy@sha256:bcbb293812bdf587b28ea98369a8c347ca84884160046296761acdf12b27029d",
                        "registry.k8s.io/kube-proxy:v1.31.10"
                    ],
                    "sizeBytes": 30382962
                },
                {
                    "names": [
                        "docker.io/library/ubuntu@sha256:1ec65b2719518e27d4d25f104d93f9fac60dc437f81452302406825c46fcc9cb",
                        "docker.io/library/ubuntu:22.04"
                    ],
                    "sizeBytes": 29545886
                },
                {
                    "names": [
                        "registry.k8s.io/kube-apiserver@sha256:6e1a2f9b24f69ee77d0c0edaf32b31fdbb5e1a613f4476272197e6e1e239050b",
                        "registry.k8s.io/kube-apiserver:v1.32.8"
                    ],
                    "sizeBytes": 28797487
                },
                {
                    "names": [
                        "registry.k8s.io/kube-apiserver@sha256:083d7d64af31cd090f870eb49fb815e6bb42c175fc602ee9dae2f28f082bd4dc",
                        "registry.k8s.io/kube-apiserver:v1.31.10"
                    ],
                    "sizeBytes": 28074544
                },
                {
                    "names": [
                        "registry.k8s.io/kube-controller-manager@sha256:8788ccd28ceed9e2e5f8fc31375ef5771df8ea6e518b362c9a06f3cc709cd6c7",
                        "registry.k8s.io/kube-controller-manager:v1.32.8"
                    ],
                    "sizeBytes": 26387322
                },
                {
                    "names": [
                        "registry.k8s.io/kube-controller-manager@sha256:3c67387d023c6114879f1e817669fd641797d30f117230682faf3930ecaaf0fe",
                        "registry.k8s.io/kube-controller-manager:v1.31.10"
                    ],
                    "sizeBytes": 26315128
                },
                {
                    "names": [
                        "registry.k8s.io/kube-scheduler@sha256:43c58bcbd1c7812dd19f8bfa5ae11093ebefd28699453ce86fc710869e155cd4",
                        "registry.k8s.io/kube-scheduler:v1.32.8"
                    ],
                    "sizeBytes": 20778248
                },
                {
                    "names": [
                        "registry.k8s.io/kube-scheduler@sha256:284dc2a5cf6afc9b76e39ad4b79c680c23d289488517643b28784a06d0141272",
                        "registry.k8s.io/kube-scheduler:v1.31.10"
                    ],
                    "sizeBytes": 20385523
                },
                {
                    "names": [
                        "registry.k8s.io/coredns/coredns@sha256:9caabbf6238b189a65d0d6e6ac138de60d6a1c419e5a341fbbb7c78382559c6e",
                        "registry.k8s.io/coredns/coredns:v1.11.3"
                    ],
                    "sizeBytes": 18562039
                },
                {
                    "names": [
                        "quay.io/prometheus/node-exporter@sha256:d00a542e409ee618a4edc67da14dd48c5da66726bbd5537ab2af9c1dfc442c8a",
                        "quay.io/prometheus/node-exporter:v1.9.1"
                    ],
                    "sizeBytes": 12955907
                },
                {
                    "names": [
                        "docker.io/library/busybox@sha256:98ad9d1a2be345201bb0709b0d38655eb1b370145c7d94ca1fe9c421f76e245a",
                        "docker.io/library/busybox:1.35"
                    ],
                    "sizeBytes": 2159953
                },
                {
                    "names": [
                        "docker.io/library/busybox@sha256:f85340bf132ae937d2c2a763b8335c9bab35d6e8293f70f606b9c6178d84f42b",
                        "docker.io/library/busybox:latest"
                    ],
                    "sizeBytes": 2156518
                },
                {
                    "names": [
                        "docker.io/library/busybox@sha256:141c253bc4c3fd0a201d32dc1f493bcf3fff003b6df416dea4f41046e0f37d47",
                        "docker.io/library/busybox:1.28"
                    ],
                    "sizeBytes": 727869
                },
                {
                    "names": [
                        "registry.k8s.io/pause@sha256:ee6521f290b2168b6e0935a181d4cff9be1ac3f505666ef0e3c98fae8199917a",
                        "registry.k8s.io/pause:3.10"
                    ],
                    "sizeBytes": 320368
                },
                {
                    "names": [
                        "registry.k8s.io/pause@sha256:9001185023633d17a2f98ff69b6ff2615b8ea02a825adffa40422f51dfdcde9d",
                        "registry.k8s.io/pause:3.8"
                    ],
                    "sizeBytes": 311286
                },
                {
                    "names": [
                        "gcr.io/google_containers/pause@sha256:927d98197ec1141a368550822d18fa1c60bdae27b78b0c004f705f548c07814f",
                        "gcr.io/google_containers/pause:3.2"
                    ],
                    "sizeBytes": 299513
                }
            ],
            "nodeInfo": {
                "architecture": "amd64",
                "bootID": "137df569-b3e7-43f0-836a-fc83de7c6977",
                "containerRuntimeVersion": "containerd://1.7.27",
                "kernelVersion": "6.8.0-63-generic",
                "kubeProxyVersion": "v1.32.8",
                "kubeletVersion": "v1.32.8",
                "machineID": "3016a4996c23437baafc2261ddce3c8c",
                "operatingSystem": "linux",
                "osImage": "Ubuntu 24.04.2 LTS",
                "systemUUID": "03000200-0400-0500-0006-000700080009"
            }
        }
    }
  stdout_lines: <omitted>
2025-08-19 11:47:18,505 p=14773 u=ollama n=ansible | TASK [PRE-UPGRADE | Verify node is Ready] **************************************
2025-08-19 11:47:18,506 p=14773 u=ollama n=ansible | ok: [k8s02] => changed=false 
  msg: All assertions passed
2025-08-19 11:47:18,813 p=14773 u=ollama n=ansible | TASK [PRE-UPGRADE | Check etcd health] *****************************************
2025-08-19 11:47:18,814 p=14773 u=ollama n=ansible | changed: [k8s02] => changed=true 
  cmd: |-
    ETCDCTL_API=3 etcdctl  --endpoints=https://127.0.0.1:2379  --cacert=/etc/kubernetes/pki/etcd/ca.crt  --cert=/etc/kubernetes/pki/etcd/healthcheck-client.crt  --key=/etc/kubernetes/pki/etcd/healthcheck-client.key  endpoint health
  delta: '0:00:00.038657'
  end: '2025-08-19 15:47:17.952954'
  msg: ''
  rc: 0
  start: '2025-08-19 15:47:17.914297'
  stderr: ''
  stderr_lines: <omitted>
  stdout: 'https://127.0.0.1:2379 is healthy: successfully committed proposal: took = 15.92484ms'
  stdout_lines: <omitted>
2025-08-19 11:47:19,756 p=14773 u=ollama n=ansible | TASK [PREPARE | Update apt cache] **********************************************
2025-08-19 11:47:19,757 p=14773 u=ollama n=ansible | ok: [k8s02] => changed=false 
  cache_update_time: 1755618128
  cache_updated: false
2025-08-19 11:47:30,348 p=14773 u=ollama n=ansible | TASK [PREPARE | Add Kubernetes apt key] ****************************************
2025-08-19 11:47:30,349 p=14773 u=ollama n=ansible | changed: [k8s02] => changed=true 
  after:
  - 234654DA9A296436
  - D94AA3F0EFE21092
  - 871920D1991BC93C
  before:
  - D94AA3F0EFE21092
  - 871920D1991BC93C
  fp: 234654DA9A296436
  id: 234654DA9A296436
  key_id: 234654DA9A296436
  short_id: 9A296436
2025-08-19 11:47:30,879 p=14773 u=ollama n=ansible | TASK [PREPARE | Add Kubernetes repository] *************************************
2025-08-19 11:47:30,879 p=14773 u=ollama n=ansible | ok: [k8s02] => changed=false 
  repo: deb [signed-by=/etc/apt/keyrings/kubernetes-apt-keyring.gpg] https://pkgs.k8s.io/core:/stable:/v1.32/deb/ /
  sources_added: []
  sources_removed: []
  state: present
2025-08-19 11:47:31,197 p=14773 u=ollama n=ansible | TASK [UPGRADE | Unhold kubeadm package] ****************************************
2025-08-19 11:47:31,198 p=14773 u=ollama n=ansible | ok: [k8s02] => changed=false 
  after: install
  before: install
2025-08-19 11:47:55,273 p=14773 u=ollama n=ansible | TASK [UPGRADE | Install target kubeadm version] ********************************
2025-08-19 11:47:55,274 p=14773 u=ollama n=ansible | changed: [k8s02] => changed=true 
  cache_update_time: 1755618128
  cache_updated: false
  stderr: |-
    debconf: delaying package configuration, since apt-utils is not installed
  
    The processor microcode seems to be up-to-date.
  
    Restarting services...
  
    Service restarts being deferred:
     /etc/needrestart/restart.d/dbus.service
     systemctl restart getty@tty1.service
     systemctl restart systemd-logind.service
     systemctl restart unattended-upgrades.service
     systemctl restart wpa_supplicant.service
  
    No containers need to be restarted.
  
    No user sessions are running outdated binaries.
  
    No VM guests are running outdated hypervisor (qemu) binaries on this host.
  stderr_lines: <omitted>
  stdout: |-
    Reading package lists...
    Building dependency tree...
    Reading state information...
    The following packages will be upgraded:
      kubeadm
    1 upgraded, 0 newly installed, 0 to remove and 75 not upgraded.
    Need to get 12.7 MB of archives.
    After this operation, 3592 kB of additional disk space will be used.
    Get:1 https://prod-cdn.packages.k8s.io/repositories/isv:/kubernetes:/core:/stable:/v1.33/deb  kubeadm 1.33.4-1.1 [12.7 MB]
    Fetched 12.7 MB in 20s (623 kB/s)
    (Reading database ... (Reading database ... 5%(Reading database ... 10%(Reading database ... 15%(Reading database ... 20%(Reading database ... 25%(Reading database ... 30%(Reading database ... 35%(Reading database ... 40%(Reading database ... 45%(Reading database ... 50%(Reading database ... 55%(Reading database ... 60%(Reading database ... 65%(Reading database ... 70%(Reading database ... 75%(Reading database ... 80%(Reading database ... 85%(Reading database ... 90%(Reading database ... 95%(Reading database ... 100%(Reading database ... 113920 files and directories currently installed.)
    Preparing to unpack .../kubeadm_1.33.4-1.1_amd64.deb ...
    Unpacking kubeadm (1.33.4-1.1) over (1.32.8-1.1) ...
    Setting up kubeadm (1.33.4-1.1) ...
  stdout_lines: <omitted>
2025-08-19 11:47:55,581 p=14773 u=ollama n=ansible | TASK [UPGRADE | Verify kubeadm version] ****************************************
2025-08-19 11:47:55,582 p=14773 u=ollama n=ansible | ok: [k8s02] => changed=false 
  cmd:
  - kubeadm
  - version
  - -o
  - short
  delta: '0:00:00.030720'
  end: '2025-08-19 15:47:55.351240'
  msg: ''
  rc: 0
  start: '2025-08-19 15:47:55.320520'
  stderr: ''
  stderr_lines: <omitted>
  stdout: v1.33.4
  stdout_lines: <omitted>
2025-08-19 11:47:55,862 p=14773 u=ollama n=ansible | TASK [UPGRADE | Hold kubeadm package] ******************************************
2025-08-19 11:47:55,862 p=14773 u=ollama n=ansible | changed: [k8s02] => changed=true 
  after: hold
  before: install
2025-08-19 11:48:02,462 p=14773 u=ollama n=ansible | TASK [UPGRADE | Drain node (for secondary masters)] ****************************
2025-08-19 11:48:02,462 p=14773 u=ollama n=ansible | changed: [k8s02 -> k8s01(192.168.0.50)] => changed=true 
  cmd:
  - kubectl
  - drain
  - k8s02
  - --ignore-daemonsets
  - --delete-emptydir-data
  - --force
  - --timeout=300s
  delta: '0:00:06.164236'
  end: '2025-08-19 15:48:02.035369'
  msg: ''
  rc: 0
  start: '2025-08-19 15:47:55.871133'
  stderr: 'Warning: ignoring DaemonSet-managed Pods: kube-system/cilium-48qfn, kube-system/cilium-envoy-lb8bj, kube-system/configure-insecure-registry-6dzs2, kube-system/kube-multus-ds-gsbt8, kube-system/kube-proxy-hnpfk, metallb-system/speaker-xrpcn'
  stderr_lines: <omitted>
  stdout: |-
    node/k8s02 cordoned
    evicting pod default/node-debugger-k8s02-p2v5p
    evicting pod kube-system/coredns-68766fccfb-nsdfv
    evicting pod kube-system/fix-containerd-config-wpqfj
    evicting pod default/node-debugger-k8s02-6lbpx
    pod/node-debugger-k8s02-p2v5p evicted
    pod/node-debugger-k8s02-6lbpx evicted
    pod/fix-containerd-config-wpqfj evicted
    pod/coredns-68766fccfb-nsdfv evicted
    node/k8s02 drained
  stdout_lines: <omitted>
2025-08-19 11:53:26,661 p=14773 u=ollama n=ansible | TASK [UPGRADE | Upgrade other control plane nodes] *****************************
2025-08-19 11:53:26,662 p=14773 u=ollama n=ansible | changed: [k8s02] => changed=true 
  ansible_job_id: j2559278788.665845
  cmd:
  - kubeadm
  - upgrade
  - node
  delta: '0:05:13.470315'
  end: '2025-08-19 15:53:16.221210'
  finished: 1
  msg: ''
  rc: 0
  results_file: /root/.ansible_async/j2559278788.665845
  start: '2025-08-19 15:48:02.750895'
  started: 1
  stderr: W0819 15:53:16.195338  665852 postupgrade.go:117] Using temporary directory /etc/kubernetes/tmp/kubeadm-kubelet-config3293512384 for kubelet config. To override it set the environment variable KUBEADM_UPGRADE_DRYRUN_DIR
  stderr_lines: <omitted>
  stdout: |-
    [upgrade] Reading configuration from the "kubeadm-config" ConfigMap in namespace "kube-system"...
    [upgrade] Use 'kubeadm init phase upload-config --config your-config-file' to re-upload it.
    [upgrade/preflight] Running pre-flight checks
    [upgrade/preflight] Pulling images required for setting up a Kubernetes cluster
    [upgrade/preflight] This might take a minute or two, depending on the speed of your internet connection
    [upgrade/preflight] You can also perform this action beforehand using 'kubeadm config images pull'
    [upgrade/control-plane] Upgrading your Static Pod-hosted control plane instance to version "v1.33.4"...
    [upgrade/staticpods] Writing new Static Pod manifests to "/etc/kubernetes/tmp/kubeadm-upgraded-manifests3550700999"
    [upgrade/staticpods] Preparing for "etcd" upgrade
    [upgrade/staticpods] Renewing etcd-server certificate
    [upgrade/staticpods] Renewing etcd-peer certificate
    [upgrade/staticpods] Renewing etcd-healthcheck-client certificate
    [upgrade/staticpods] Moving new manifest to "/etc/kubernetes/manifests/etcd.yaml" and backing up old manifest to "/etc/kubernetes/tmp/kubeadm-backup-manifests-2025-08-19-15-50-41/etcd.yaml"
    [upgrade/staticpods] Waiting for the kubelet to restart the component
    [upgrade/staticpods] This can take up to 5m0s
    [apiclient] Found 3 Pods for label selector component=etcd
    [upgrade/staticpods] Component "etcd" upgraded successfully!
    [upgrade/etcd] Waiting for etcd to become available
    [upgrade/staticpods] Preparing for "kube-apiserver" upgrade
    [upgrade/staticpods] Renewing apiserver certificate
    [upgrade/staticpods] Renewing apiserver-kubelet-client certificate
    [upgrade/staticpods] Renewing front-proxy-client certificate
    [upgrade/staticpods] Renewing apiserver-etcd-client certificate
    [upgrade/staticpods] Moving new manifest to "/etc/kubernetes/manifests/kube-apiserver.yaml" and backing up old manifest to "/etc/kubernetes/tmp/kubeadm-backup-manifests-2025-08-19-15-50-41/kube-apiserver.yaml"
    [upgrade/staticpods] Waiting for the kubelet to restart the component
    [upgrade/staticpods] This can take up to 5m0s
    [apiclient] Found 3 Pods for label selector component=kube-apiserver
    [upgrade/staticpods] Component "kube-apiserver" upgraded successfully!
    [upgrade/staticpods] Preparing for "kube-controller-manager" upgrade
    [upgrade/staticpods] Renewing controller-manager.conf certificate
    [upgrade/staticpods] Moving new manifest to "/etc/kubernetes/manifests/kube-controller-manager.yaml" and backing up old manifest to "/etc/kubernetes/tmp/kubeadm-backup-manifests-2025-08-19-15-50-41/kube-controller-manager.yaml"
    [upgrade/staticpods] Waiting for the kubelet to restart the component
    [upgrade/staticpods] This can take up to 5m0s
    [apiclient] Found 3 Pods for label selector component=kube-controller-manager
    [upgrade/staticpods] Component "kube-controller-manager" upgraded successfully!
    [upgrade/staticpods] Preparing for "kube-scheduler" upgrade
    [upgrade/staticpods] Renewing scheduler.conf certificate
    [upgrade/staticpods] Moving new manifest to "/etc/kubernetes/manifests/kube-scheduler.yaml" and backing up old manifest to "/etc/kubernetes/tmp/kubeadm-backup-manifests-2025-08-19-15-50-41/kube-scheduler.yaml"
    [upgrade/staticpods] Waiting for the kubelet to restart the component
    [upgrade/staticpods] This can take up to 5m0s
    [apiclient] Found 3 Pods for label selector component=kube-scheduler
    [upgrade/staticpods] Component "kube-scheduler" upgraded successfully!
    [upgrade/control-plane] The control plane instance for this node was successfully upgraded!
    [upgrade/kubeconfig] The kubeconfig files for this node were successfully upgraded!
    [upgrade] Backing up kubelet config file to /etc/kubernetes/tmp/kubeadm-kubelet-config3293512384/config.yaml
    [kubelet-start] Writing kubelet configuration to file "/var/lib/kubelet/config.yaml"
    [upgrade/kubelet-config] The kubelet configuration for this node was successfully upgraded!
    [upgrade/addon] Skipping upgrade of addons because control plane instances [k8s03] have not been upgraded
    [upgrade/addon] Skipping upgrade of addons because control plane instances [k8s03] have not been upgraded
  stdout_lines: <omitted>
2025-08-19 11:53:26,948 p=14773 u=ollama n=ansible | TASK [UPGRADE | Unhold kubelet and kubectl] ************************************
2025-08-19 11:53:26,949 p=14773 u=ollama n=ansible | ok: [k8s02] => (item=kubelet) => changed=false 
  after: install
  ansible_loop_var: item
  before: install
  item: kubelet
2025-08-19 11:53:27,209 p=14773 u=ollama n=ansible | ok: [k8s02] => (item=kubectl) => changed=false 
  after: install
  ansible_loop_var: item
  before: install
  item: kubectl
2025-08-19 11:53:53,207 p=14773 u=ollama n=ansible | TASK [UPGRADE | Upgrade kubelet and kubectl] ***********************************
2025-08-19 11:53:53,207 p=14773 u=ollama n=ansible | changed: [k8s02] => changed=true 
  cache_update_time: 1755618128
  cache_updated: false
  stderr: |-
    debconf: delaying package configuration, since apt-utils is not installed
  
    The processor microcode seems to be up-to-date.
  
    Restarting services...
     systemctl restart kubelet.service
  
    Service restarts being deferred:
     /etc/needrestart/restart.d/dbus.service
     systemctl restart getty@tty1.service
     systemctl restart systemd-logind.service
     systemctl restart unattended-upgrades.service
     systemctl restart wpa_supplicant.service
  
    No containers need to be restarted.
  
    No user sessions are running outdated binaries.
  
    No VM guests are running outdated hypervisor (qemu) binaries on this host.
  stderr_lines: <omitted>
  stdout: |-
    Reading package lists...
    Building dependency tree...
    Reading state information...
    The following packages will be upgraded:
      kubectl kubelet
    2 upgraded, 0 newly installed, 0 to remove and 73 not upgraded.
    Need to get 27.6 MB of archives.
    After this operation, 7094 kB of additional disk space will be used.
    Get:1 https://prod-cdn.packages.k8s.io/repositories/isv:/kubernetes:/core:/stable:/v1.33/deb  kubectl 1.33.4-1.1 [11.7 MB]
    Get:2 https://prod-cdn.packages.k8s.io/repositories/isv:/kubernetes:/core:/stable:/v1.33/deb  kubelet 1.33.4-1.1 [15.9 MB]
    Fetched 27.6 MB in 21s (1343 kB/s)
    (Reading database ... (Reading database ... 5%(Reading database ... 10%(Reading database ... 15%(Reading database ... 20%(Reading database ... 25%(Reading database ... 30%(Reading database ... 35%(Reading database ... 40%(Reading database ... 45%(Reading database ... 50%(Reading database ... 55%(Reading database ... 60%(Reading database ... 65%(Reading database ... 70%(Reading database ... 75%(Reading database ... 80%(Reading database ... 85%(Reading database ... 90%(Reading database ... 95%(Reading database ... 100%(Reading database ... 113920 files and directories currently installed.)
    Preparing to unpack .../kubectl_1.33.4-1.1_amd64.deb ...
    Unpacking kubectl (1.33.4-1.1) over (1.32.8-1.1) ...
    Preparing to unpack .../kubelet_1.33.4-1.1_amd64.deb ...
    Unpacking kubelet (1.33.4-1.1) over (1.32.8-1.1) ...
    Setting up kubectl (1.33.4-1.1) ...
    Setting up kubelet (1.33.4-1.1) ...
  stdout_lines: <omitted>
2025-08-19 11:53:53,495 p=14773 u=ollama n=ansible | TASK [UPGRADE | Hold kubelet and kubectl] **************************************
2025-08-19 11:53:53,495 p=14773 u=ollama n=ansible | changed: [k8s02] => (item=kubelet) => changed=true 
  after: hold
  ansible_loop_var: item
  before: install
  item: kubelet
2025-08-19 11:53:53,867 p=14773 u=ollama n=ansible | changed: [k8s02] => (item=kubectl) => changed=true 
  after: hold
  ansible_loop_var: item
  before: install
  item: kubectl
2025-08-19 11:53:55,142 p=14773 u=ollama n=ansible | TASK [UPGRADE | Restart kubelet] ***********************************************
2025-08-19 11:53:55,145 p=14773 u=ollama n=ansible | changed: [k8s02] => changed=true 
  name: kubelet
  state: started
  status:
    ActiveEnterTimestamp: Tue 2025-08-19 15:53:52 UTC
    ActiveEnterTimestampMonotonic: '3864841214382'
    ActiveExitTimestamp: Tue 2025-08-19 15:53:52 UTC
    ActiveExitTimestampMonotonic: '3864841173164'
    ActiveState: active
    After: basic.target system.slice sysinit.target network-online.target systemd-journald.socket
    AllowIsolate: 'no'
    AssertResult: 'yes'
    AssertTimestamp: Tue 2025-08-19 15:53:52 UTC
    AssertTimestampMonotonic: '3864841203901'
    Before: multi-user.target shutdown.target
    BlockIOAccounting: 'no'
    BlockIOWeight: '[not set]'
    CPUAccounting: 'yes'
    CPUAffinityFromNUMA: 'no'
    CPUQuotaPerSecUSec: infinity
    CPUQuotaPeriodUSec: infinity
    CPUSchedulingPolicy: '0'
    CPUSchedulingPriority: '0'
    CPUSchedulingResetOnFork: 'no'
    CPUShares: '[not set]'
    CPUUsageNSec: '595586000'
    CPUWeight: '[not set]'
    CacheDirectoryMode: '0755'
    CanFreeze: 'yes'
    CanIsolate: 'no'
    CanReload: 'no'
    CanStart: 'yes'
    CanStop: 'yes'
    CapabilityBoundingSet: cap_chown cap_dac_override cap_dac_read_search cap_fowner cap_fsetid cap_kill cap_setgid cap_setuid cap_setpcap cap_linux_immutable cap_net_bind_service cap_net_broadcast cap_net_admin cap_net_raw cap_ipc_lock cap_ipc_owner cap_sys_module cap_sys_rawio cap_sys_chroot cap_sys_ptrace cap_sys_pacct cap_sys_admin cap_sys_boot cap_sys_nice cap_sys_resource cap_sys_time cap_sys_tty_config cap_mknod cap_lease cap_audit_write cap_audit_control cap_setfcap cap_mac_override cap_mac_admin cap_syslog cap_wake_alarm cap_block_suspend cap_audit_read cap_perfmon cap_bpf cap_checkpoint_restore
    CleanResult: success
    CollectMode: inactive
    ConditionResult: 'yes'
    ConditionTimestamp: Tue 2025-08-19 15:53:52 UTC
    ConditionTimestampMonotonic: '3864841203898'
    ConfigurationDirectoryMode: '0755'
    Conflicts: shutdown.target
    ControlGroup: /system.slice/kubelet.service
    ControlGroupId: '4540452'
    ControlPID: '0'
    CoredumpFilter: '0x33'
    CoredumpReceive: 'no'
    DefaultDependencies: 'yes'
    DefaultMemoryLow: '0'
    DefaultMemoryMin: '0'
    DefaultStartupMemoryLow: '0'
    Delegate: 'no'
    Description: 'kubelet: The Kubernetes Node Agent'
    DevicePolicy: auto
    Documentation: https://kubernetes.io/docs/
    DropInPaths: /usr/lib/systemd/system/kubelet.service.d/10-kubeadm.conf
    DynamicUser: 'no'
    EffectiveCPUs: 0-3
    EffectiveMemoryNodes: '0'
    Environment: '"KUBELET_KUBECONFIG_ARGS=--bootstrap-kubeconfig=/etc/kubernetes/bootstrap-kubelet.conf --kubeconfig=/etc/kubernetes/kubelet.conf" KUBELET_CONFIG_ARGS=--config=/var/lib/kubelet/config.yaml'
    EnvironmentFiles: /etc/default/kubelet (ignore_errors=yes)
    ExecMainCode: '0'
    ExecMainExitTimestampMonotonic: '0'
    ExecMainPID: '666882'
    ExecMainStartTimestamp: Tue 2025-08-19 15:53:52 UTC
    ExecMainStartTimestampMonotonic: '3864841214109'
    ExecMainStatus: '0'
    ExecStart: '{ path=/usr/bin/kubelet ; argv[]=/usr/bin/kubelet $KUBELET_KUBECONFIG_ARGS $KUBELET_CONFIG_ARGS $KUBELET_KUBEADM_ARGS $KUBELET_EXTRA_ARGS ; ignore_errors=no ; start_time=[n/a] ; stop_time=[n/a] ; pid=0 ; code=(null) ; status=0/0 }'
    ExecStartEx: '{ path=/usr/bin/kubelet ; argv[]=/usr/bin/kubelet $KUBELET_KUBECONFIG_ARGS $KUBELET_CONFIG_ARGS $KUBELET_KUBEADM_ARGS $KUBELET_EXTRA_ARGS ; flags= ; start_time=[n/a] ; stop_time=[n/a] ; pid=0 ; code=(null) ; status=0/0 }'
    ExitType: main
    ExtensionImagePolicy: root=verity+signed+encrypted+unprotected+absent:usr=verity+signed+encrypted+unprotected+absent:home=encrypted+unprotected+absent:srv=encrypted+unprotected+absent:tmp=encrypted+unprotected+absent:var=encrypted+unprotected+absent
    FailureAction: none
    FileDescriptorStoreMax: '0'
    FileDescriptorStorePreserve: restart
    FinalKillSignal: '9'
    FragmentPath: /usr/lib/systemd/system/kubelet.service
    FreezerState: running
    GID: '[not set]'
    GuessMainPID: 'yes'
    IOAccounting: 'no'
    IOReadBytes: '[not set]'
    IOReadOperations: '[not set]'
    IOSchedulingClass: '2'
    IOSchedulingPriority: '4'
    IOWeight: '[not set]'
    IOWriteBytes: '[not set]'
    IOWriteOperations: '[not set]'
    IPAccounting: 'no'
    IPEgressBytes: '[no data]'
    IPEgressPackets: '[no data]'
    IPIngressBytes: '[no data]'
    IPIngressPackets: '[no data]'
    Id: kubelet.service
    IgnoreOnIsolate: 'no'
    IgnoreSIGPIPE: 'yes'
    InactiveEnterTimestamp: Tue 2025-08-19 15:53:52 UTC
    InactiveEnterTimestampMonotonic: '3864841203279'
    InactiveExitTimestamp: Tue 2025-08-19 15:53:52 UTC
    InactiveExitTimestampMonotonic: '3864841214382'
    InvocationID: e15bdc26663d4a04810bd0cdeddd3a50
    JobRunningTimeoutUSec: infinity
    JobTimeoutAction: none
    JobTimeoutUSec: infinity
    KeyringMode: private
    KillMode: control-group
    KillSignal: '15'
    LimitAS: infinity
    LimitASSoft: infinity
    LimitCORE: infinity
    LimitCORESoft: '0'
    LimitCPU: infinity
    LimitCPUSoft: infinity
    LimitDATA: infinity
    LimitDATASoft: infinity
    LimitFSIZE: infinity
    LimitFSIZESoft: infinity
    LimitLOCKS: infinity
    LimitLOCKSSoft: infinity
    LimitMEMLOCK: '8388608'
    LimitMEMLOCKSoft: '8388608'
    LimitMSGQUEUE: '819200'
    LimitMSGQUEUESoft: '819200'
    LimitNICE: '0'
    LimitNICESoft: '0'
    LimitNOFILE: '524288'
    LimitNOFILESoft: '1024'
    LimitNPROC: '62782'
    LimitNPROCSoft: '62782'
    LimitRSS: infinity
    LimitRSSSoft: infinity
    LimitRTPRIO: '0'
    LimitRTPRIOSoft: '0'
    LimitRTTIME: infinity
    LimitRTTIMESoft: infinity
    LimitSIGPENDING: '62782'
    LimitSIGPENDINGSoft: '62782'
    LimitSTACK: infinity
    LimitSTACKSoft: '8388608'
    LoadState: loaded
    LockPersonality: 'no'
    LogLevelMax: '-1'
    LogRateLimitBurst: '0'
    LogRateLimitIntervalUSec: '0'
    LogsDirectoryMode: '0755'
    MainPID: '666882'
    ManagedOOMMemoryPressure: auto
    ManagedOOMMemoryPressureLimit: '0'
    ManagedOOMPreference: none
    ManagedOOMSwap: auto
    MemoryAccounting: 'yes'
    MemoryAvailable: '14525509632'
    MemoryCurrent: '30806016'
    MemoryDenyWriteExecute: 'no'
    MemoryHigh: infinity
    MemoryKSM: 'no'
    MemoryLimit: infinity
    MemoryLow: '0'
    MemoryMax: infinity
    MemoryMin: '0'
    MemoryPeak: '31281152'
    MemoryPressureThresholdUSec: 200ms
    MemoryPressureWatch: auto
    MemorySwapCurrent: '0'
    MemorySwapMax: infinity
    MemorySwapPeak: '0'
    MemoryZSwapCurrent: '0'
    MemoryZSwapMax: infinity
    MountAPIVFS: 'no'
    MountImagePolicy: root=verity+signed+encrypted+unprotected+absent:usr=verity+signed+encrypted+unprotected+absent:home=encrypted+unprotected+absent:srv=encrypted+unprotected+absent:tmp=encrypted+unprotected+absent:var=encrypted+unprotected+absent
    NFileDescriptorStore: '0'
    NRestarts: '0'
    NUMAPolicy: n/a
    Names: kubelet.service
    NeedDaemonReload: 'no'
    Nice: '0'
    NoNewPrivileges: 'no'
    NonBlocking: 'no'
    NotifyAccess: none
    OOMPolicy: stop
    OOMScoreAdjust: '0'
    OnFailureJobMode: replace
    OnSuccessJobMode: fail
    Perpetual: 'no'
    PrivateDevices: 'no'
    PrivateIPC: 'no'
    PrivateMounts: 'no'
    PrivateNetwork: 'no'
    PrivateTmp: 'no'
    PrivateUsers: 'no'
    ProcSubset: all
    ProtectClock: 'no'
    ProtectControlGroups: 'no'
    ProtectHome: 'no'
    ProtectHostname: 'no'
    ProtectKernelLogs: 'no'
    ProtectKernelModules: 'no'
    ProtectKernelTunables: 'no'
    ProtectProc: default
    ProtectSystem: 'no'
    RefuseManualStart: 'no'
    RefuseManualStop: 'no'
    ReloadResult: success
    ReloadSignal: '1'
    RemainAfterExit: 'no'
    RemoveIPC: 'no'
    Requires: system.slice sysinit.target
    Restart: always
    RestartKillSignal: '15'
    RestartMaxDelayUSec: infinity
    RestartMode: normal
    RestartSteps: '0'
    RestartUSec: 10s
    RestartUSecNext: 10s
    RestrictNamespaces: 'no'
    RestrictRealtime: 'no'
    RestrictSUIDSGID: 'no'
    Result: success
    RootDirectoryStartOnly: 'no'
    RootEphemeral: 'no'
    RootImagePolicy: root=verity+signed+encrypted+unprotected+absent:usr=verity+signed+encrypted+unprotected+absent:home=encrypted+unprotected+absent:srv=encrypted+unprotected+absent:tmp=encrypted+unprotected+absent:var=encrypted+unprotected+absent
    RuntimeDirectoryMode: '0755'
    RuntimeDirectoryPreserve: 'no'
    RuntimeMaxUSec: infinity
    RuntimeRandomizedExtraUSec: '0'
    SameProcessGroup: 'no'
    SecureBits: '0'
    SendSIGHUP: 'no'
    SendSIGKILL: 'yes'
    SetLoginEnvironment: 'no'
    Slice: system.slice
    StandardError: inherit
    StandardInput: 'null'
    StandardOutput: journal
    StartLimitAction: none
    StartLimitBurst: '5'
    StartLimitIntervalUSec: '0'
    StartupBlockIOWeight: '[not set]'
    StartupCPUShares: '[not set]'
    StartupCPUWeight: '[not set]'
    StartupIOWeight: '[not set]'
    StartupMemoryHigh: infinity
    StartupMemoryLow: '0'
    StartupMemoryMax: infinity
    StartupMemorySwapMax: infinity
    StartupMemoryZSwapMax: infinity
    StateChangeTimestamp: Tue 2025-08-19 15:53:52 UTC
    StateChangeTimestampMonotonic: '3864841214382'
    StateDirectoryMode: '0755'
    StatusErrno: '0'
    StopWhenUnneeded: 'no'
    SubState: running
    SuccessAction: none
    SurviveFinalKillSignal: 'no'
    SyslogFacility: '3'
    SyslogLevel: '6'
    SyslogLevelPrefix: 'yes'
    SyslogPriority: '30'
    SystemCallErrorNumber: '2147483646'
    TTYReset: 'no'
    TTYVHangup: 'no'
    TTYVTDisallocate: 'no'
    TasksAccounting: 'yes'
    TasksCurrent: '13'
    TasksMax: '18834'
    TimeoutAbortUSec: 1min 30s
    TimeoutCleanUSec: infinity
    TimeoutStartFailureMode: terminate
    TimeoutStartUSec: 1min 30s
    TimeoutStopFailureMode: terminate
    TimeoutStopUSec: 1min 30s
    TimerSlackNSec: '50000'
    Transient: 'no'
    Type: simple
    UID: '[not set]'
    UMask: '0022'
    UnitFilePreset: enabled
    UnitFileState: enabled
    UtmpMode: init
    WantedBy: multi-user.target
    Wants: network-online.target
    WatchdogSignal: '6'
    WatchdogTimestampMonotonic: '0'
    WatchdogUSec: '0'
2025-08-19 11:53:55,498 p=14773 u=ollama n=ansible | TASK [VERIFY | Wait for node to be Ready] **************************************
2025-08-19 11:53:55,498 p=14773 u=ollama n=ansible | changed: [k8s02 -> k8s01(192.168.0.50)] => changed=true 
  attempts: 1
  cmd: kubectl get node k8s02 -o jsonpath='{.status.conditions[?(@.type=="Ready")].status}'
  delta: '0:00:00.090335'
  end: '2025-08-19 15:53:54.967299'
  msg: ''
  rc: 0
  start: '2025-08-19 15:53:54.876964'
  stderr: ''
  stderr_lines: <omitted>
  stdout: 'True'
  stdout_lines: <omitted>
2025-08-19 11:53:55,871 p=14773 u=ollama n=ansible | TASK [VERIFY | Uncordon node] **************************************************
2025-08-19 11:53:55,872 p=14773 u=ollama n=ansible | changed: [k8s02 -> k8s01(192.168.0.50)] => changed=true 
  cmd:
  - kubectl
  - uncordon
  - k8s02
  delta: '0:00:00.105134'
  end: '2025-08-19 15:53:55.326164'
  msg: ''
  rc: 0
  start: '2025-08-19 15:53:55.221030'
  stderr: ''
  stderr_lines: <omitted>
  stdout: node/k8s02 uncordoned
  stdout_lines: <omitted>
2025-08-19 11:54:08,053 p=14773 u=ollama n=ansible | TASK [VERIFY | Check API server health] ****************************************
2025-08-19 11:54:08,053 p=14773 u=ollama n=ansible | ok: [k8s02] => changed=false 
  attempts: 2
  audit_id: 1f63efb4-5f95-40ed-9cc3-f6edd63730ec
  cache_control: no-cache, private
  connection: close
  content_length: '2'
  content_type: text/plain; charset=utf-8
  cookies: {}
  cookies_string: ''
  date: Tue, 19 Aug 2025 15:54:07 GMT
  elapsed: 0
  msg: OK (2 bytes)
  redirected: false
  status: 200
  url: https://192.168.0.51:6443/healthz
  x_content_type_options: nosniff
  x_kubernetes_pf_flowschema_uid: 6daaafac-3ffd-4122-ac3e-96edf3e0244f
  x_kubernetes_pf_prioritylevel_uid: 8ad84914-4fbb-426f-b582-4331131433d2
2025-08-19 11:54:07,663 p=14773 u=ollama n=ansible | TASK [VERIFY | Check all control plane components] *****************************
2025-08-19 11:54:07,663 p=14773 u=ollama n=ansible | changed: [k8s02] => changed=true 
  cmd: |-
    kubectl get componentstatuses
    kubectl get pods -n kube-system -l tier=control-plane
  delta: '0:00:00.205694'
  end: '2025-08-19 15:54:07.624198'
  msg: ''
  rc: 0
  start: '2025-08-19 15:54:07.418504'
  stderr: 'Warning: v1 ComponentStatus is deprecated in v1.19+'
  stderr_lines: <omitted>
  stdout: |-
    NAME                 STATUS    MESSAGE   ERROR
    scheduler            Healthy   ok
    controller-manager   Healthy   ok
    etcd-0               Healthy   ok
    NAME                            READY   STATUS    RESTARTS       AGE
    etcd-k8s01                      1/1     Running   2              7m39s
    etcd-k8s02                      0/1     Running   1 (14s ago)    6s
    etcd-k8s03                      1/1     Running   1 (124m ago)   124m
    kube-apiserver-k8s01            1/1     Running   2              7m39s
    kube-apiserver-k8s02            0/1     Running   1 (14s ago)    6s
    kube-apiserver-k8s03            1/1     Running   1 (123m ago)   123m
    kube-controller-manager-k8s01   1/1     Running   0              7m39s
    kube-controller-manager-k8s02   0/1     Running   0              6s
    kube-controller-manager-k8s03   1/1     Running   1 (123m ago)   123m
    kube-scheduler-k8s01            1/1     Running   0              7m35s
    kube-scheduler-k8s02            1/1     Running   0              6s
    kube-scheduler-k8s03            1/1     Running   1 (123m ago)   123m
  stdout_lines: <omitted>
2025-08-19 11:54:07,962 p=14773 u=ollama n=ansible | TASK [VERIFY | Verify etcd cluster health] *************************************
2025-08-19 11:54:07,963 p=14773 u=ollama n=ansible | changed: [k8s02] => changed=true 
  cmd: |-
    ETCDCTL_API=3 etcdctl  --endpoints=https://127.0.0.1:2379  --cacert=/etc/kubernetes/pki/etcd/ca.crt  --cert=/etc/kubernetes/pki/etcd/healthcheck-client.crt  --key=/etc/kubernetes/pki/etcd/healthcheck-client.key  member list
  delta: '0:00:00.029619'
  end: '2025-08-19 15:54:07.914578'
  msg: ''
  rc: 0
  start: '2025-08-19 15:54:07.884959'
  stderr: ''
  stderr_lines: <omitted>
  stdout: |-
    8adc34f2f139fc91, started, k8s01, https://192.168.0.50:2380, https://192.168.0.50:2379, false
    ac5d322f7c760201, started, k8s02, https://192.168.0.51:2380, https://192.168.0.51:2379, false
    f835c0e4a6f0bb6c, started, k8s03, https://192.168.0.52:2380, https://192.168.0.52:2379, false
  stdout_lines: <omitted>
2025-08-19 11:54:08,289 p=14773 u=ollama n=ansible | TASK [VERIFY | Check cluster version] ******************************************
2025-08-19 11:54:08,289 p=14773 u=ollama n=ansible | fatal: [k8s02]: FAILED! => changed=true 
  cmd:
  - kubectl
  - version
  - --short
  delta: '0:00:00.050793'
  end: '2025-08-19 15:54:08.232384'
  msg: non-zero return code
  rc: 1
  start: '2025-08-19 15:54:08.181591'
  stderr: |-
    error: unknown flag: --short
    See 'kubectl version --help' for usage.
  stderr_lines: <omitted>
  stdout: ''
  stdout_lines: <omitted>
2025-08-19 11:54:08,299 p=14773 u=ollama n=ansible | 	to retry, use: --limit @/home/ollama/me/Zenitsu_mforrester-home-lab/kubernetes-upgrade/.ansible-retry/02-upgrade-control-plane.retry

2025-08-19 11:54:08,300 p=14773 u=ollama n=ansible | PLAY RECAP *********************************************************************
2025-08-19 11:54:08,300 p=14773 u=ollama n=ansible | k8s02                      : ok=25   changed=16   unreachable=0    failed=1    skipped=2    rescued=0    ignored=0   
2025-08-19 11:54:15,003 p=24539 u=ollama n=ansible | Using /home/ollama/me/Zenitsu_mforrester-home-lab/kubernetes-upgrade/ansible.cfg as config file
2025-08-19 11:54:15,139 p=24539 u=ollama n=ansible | PLAY [Upgrade Kubernetes Control Plane Nodes] **********************************
2025-08-19 11:54:15,143 p=24539 u=ollama n=ansible | [WARNING]: Using max_fail_percentage with the free strategy is not supported,
as tasks are executed independently on each host

2025-08-19 11:54:18,319 p=24539 u=ollama n=ansible | TASK [Gathering Facts] *********************************************************
2025-08-19 11:54:18,319 p=24539 u=ollama n=ansible | ok: [k8s03]
2025-08-19 11:54:18,341 p=24539 u=ollama n=ansible | TASK [Validate target node] ****************************************************
2025-08-19 11:54:18,341 p=24539 u=ollama n=ansible | ok: [k8s03] => changed=false 
  msg: All assertions passed
2025-08-19 11:54:18,941 p=24539 u=ollama n=ansible | TASK [Create upgrade state file] ***********************************************
2025-08-19 11:54:18,941 p=24539 u=ollama n=ansible | changed: [k8s03] => changed=true 
  checksum: 8b95f797e6dfd132b34018de0c1fba7e3d8f927d
  dest: /etc/kubernetes/upgrade.state
  gid: 0
  group: root
  md5sum: bfa7269bcb0e4766bb3e67ef9c1f024d
  mode: '0644'
  owner: root
  size: 102
  src: /root/.ansible/tmp/ansible-tmp-1755618858.3723667-24684-258528606680283/.source.state
  state: file
  uid: 0
2025-08-19 11:54:19,206 p=24539 u=ollama n=ansible | TASK [Start upgrade logging] ***************************************************
2025-08-19 11:54:19,206 p=24539 u=ollama n=ansible | changed: [k8s03] => changed=true 
  cmd: |-
    echo "=== Control Plane Upgrade Started ===" >> /var/log/kubernetes-upgrade-1.33.4-1755618856.log
    echo "Node: k8s03" >> /var/log/kubernetes-upgrade-1.33.4-1755618856.log
    echo "Time: 2025-08-19T15:54:16Z" >> /var/log/kubernetes-upgrade-1.33.4-1755618856.log
    echo "Current Version: 1.32.8" >> /var/log/kubernetes-upgrade-1.33.4-1755618856.log
    echo "Target Version: 1.33.4" >> /var/log/kubernetes-upgrade-1.33.4-1755618856.log
  delta: '0:00:00.002516'
  end: '2025-08-19 15:54:18.854045'
  msg: ''
  rc: 0
  start: '2025-08-19 15:54:18.851529'
  stderr: ''
  stderr_lines: <omitted>
  stdout: ''
  stdout_lines: <omitted>
2025-08-19 11:54:19,552 p=24539 u=ollama n=ansible | TASK [PRE-UPGRADE | Check node health] *****************************************
2025-08-19 11:54:19,554 p=24539 u=ollama n=ansible | changed: [k8s03 -> k8s01(192.168.0.50)] => changed=true 
  cmd:
  - kubectl
  - get
  - node
  - k8s03
  - -o
  - json
  delta: '0:00:00.087165'
  end: '2025-08-19 15:54:19.186823'
  msg: ''
  rc: 0
  start: '2025-08-19 15:54:19.099658'
  stderr: ''
  stderr_lines: <omitted>
  stdout: |-
    {
        "apiVersion": "v1",
        "kind": "Node",
        "metadata": {
            "annotations": {
                "kubeadm.alpha.kubernetes.io/cri-socket": "unix:///var/run/containerd/containerd.sock",
                "node.alpha.kubernetes.io/ttl": "0",
                "volumes.kubernetes.io/controller-managed-attach-detach": "true"
            },
            "creationTimestamp": "2025-07-06T14:27:03Z",
            "labels": {
                "beta.kubernetes.io/arch": "amd64",
                "beta.kubernetes.io/os": "linux",
                "kubernetes.io/arch": "amd64",
                "kubernetes.io/hostname": "k8s03",
                "kubernetes.io/os": "linux",
                "node-role.kubernetes.io/control-plane": "",
                "node.kubernetes.io/exclude-from-external-load-balancers": ""
            },
            "name": "k8s03",
            "resourceVersion": "28274918",
            "uid": "79273675-6d5d-48a2-a41a-0c5df6df178f"
        },
        "spec": {
            "podCIDR": "10.244.2.0/24",
            "podCIDRs": [
                "10.244.2.0/24"
            ],
            "taints": [
                {
                    "effect": "NoSchedule",
                    "key": "node-role.kubernetes.io/control-plane"
                }
            ]
        },
        "status": {
            "addresses": [
                {
                    "address": "192.168.0.52",
                    "type": "InternalIP"
                },
                {
                    "address": "k8s03",
                    "type": "Hostname"
                }
            ],
            "allocatable": {
                "cpu": "4",
                "ephemeral-storage": "451628671048",
                "hugepages-1Gi": "0",
                "hugepages-2Mi": "0",
                "memory": "16049364Ki",
                "pods": "110"
            },
            "capacity": {
                "cpu": "4",
                "ephemeral-storage": "490048472Ki",
                "hugepages-1Gi": "0",
                "hugepages-2Mi": "0",
                "memory": "16151764Ki",
                "pods": "110"
            },
            "conditions": [
                {
                    "lastHeartbeatTime": "2025-07-06T14:27:27Z",
                    "lastTransitionTime": "2025-07-06T14:27:27Z",
                    "message": "Cilium is running on this node",
                    "reason": "CiliumIsUp",
                    "status": "False",
                    "type": "NetworkUnavailable"
                },
                {
                    "lastHeartbeatTime": "2025-08-19T15:52:47Z",
                    "lastTransitionTime": "2025-07-24T18:24:40Z",
                    "message": "kubelet has sufficient memory available",
                    "reason": "KubeletHasSufficientMemory",
                    "status": "False",
                    "type": "MemoryPressure"
                },
                {
                    "lastHeartbeatTime": "2025-08-19T15:52:47Z",
                    "lastTransitionTime": "2025-07-24T18:24:40Z",
                    "message": "kubelet has no disk pressure",
                    "reason": "KubeletHasNoDiskPressure",
                    "status": "False",
                    "type": "DiskPressure"
                },
                {
                    "lastHeartbeatTime": "2025-08-19T15:52:47Z",
                    "lastTransitionTime": "2025-07-24T18:24:40Z",
                    "message": "kubelet has sufficient PID available",
                    "reason": "KubeletHasSufficientPID",
                    "status": "False",
                    "type": "PIDPressure"
                },
                {
                    "lastHeartbeatTime": "2025-08-19T15:52:47Z",
                    "lastTransitionTime": "2025-07-24T18:24:40Z",
                    "message": "kubelet is posting ready status",
                    "reason": "KubeletReady",
                    "status": "True",
                    "type": "Ready"
                }
            ],
            "daemonEndpoints": {
                "kubeletEndpoint": {
                    "Port": 10250
                }
            },
            "images": [
                {
                    "names": [
                        "quay.io/cilium/cilium@sha256:4386a8580d8d86934908eea022b0523f812e6a542f30a86a47edd8bed90d51ea"
                    ],
                    "sizeBytes": 223118854
                },
                {
                    "names": [
                        "ghcr.io/k8snetworkplumbingwg/multus-cni@sha256:81703ef8019866733bcb997d57bc61ef57d530754bd2070eed8496ae062ca212",
                        "ghcr.io/k8snetworkplumbingwg/multus-cni:snapshot"
                    ],
                    "sizeBytes": 209029410
                },
                {
                    "names": [
                        "ghcr.io/k8snetworkplumbingwg/multus-cni@sha256:96dac83cb473da08987abbf2194efe33261c6f577ed42eff1f6e663aa3a22cbe",
                        "ghcr.io/k8snetworkplumbingwg/multus-cni:snapshot-thick"
                    ],
                    "sizeBytes": 195665995
                },
                {
                    "names": [
                        "docker.io/library/postgres@sha256:3156e13d976072c9083fe4c56455b8515dcf6fee23fd770e6ba4a3c6b8837337",
                        "docker.io/library/postgres:15"
                    ],
                    "sizeBytes": 153192747
                },
                {
                    "names": [
                        "docker.io/falcosecurity/falco@sha256:5f6f325327c970430b1a73704160b2fd5b2c1396f2dc0b343b2544638b6b569c",
                        "docker.io/falcosecurity/falco:0.41.3"
                    ],
                    "sizeBytes": 76366252
                },
                {
                    "names": [
                        "docker.io/grafana/promtail@sha256:b338a29de45ef8ffa96f882f3a36306b1e61262b2a560ff523e0e2633cccbbc4",
                        "docker.io/grafana/promtail:2.9.3"
                    ],
                    "sizeBytes": 75094050
                },
                {
                    "names": [
                        "quay.io/cilium/cilium-envoy@sha256:9762041c3760de226a8b00cc12f27dacc28b7691ea926748f9b5c18862db503f"
                    ],
                    "sizeBytes": 62171534
                },
                {
                    "names": [
                        "registry.k8s.io/etcd@sha256:c6a9d11cc5c04b114ccdef39a9265eeef818e3d02f5359be035ae784097fdec5",
                        "registry.k8s.io/etcd:3.5.16-0"
                    ],
                    "sizeBytes": 57680541
                },
                {
                    "names": [
                        "registry.k8s.io/etcd@sha256:a6dc63e6e8cfa0307d7851762fa6b629afb18f28d8aa3fab5a6e91b4af60026a",
                        "registry.k8s.io/etcd:3.5.15-0"
                    ],
                    "sizeBytes": 56909194
                },
                {
                    "names": [
                        "quay.io/metallb/speaker@sha256:34e9cc2db6d83ca3ad4d92a6e2eadaf6b78be65621798e90827041749898acc0",
                        "quay.io/metallb/speaker:v0.14.5"
                    ],
                    "sizeBytes": 52754428
                },
                {
                    "names": [
                        "docker.io/falcosecurity/falcoctl@sha256:8e02bfd0c44a954495a5c7f980693f603d47c1bec2e55c86319c55134b9a5b6e",
                        "docker.io/falcosecurity/falcoctl:0.11.2"
                    ],
                    "sizeBytes": 31964684
                },
                {
                    "names": [
                        "registry.k8s.io/kube-proxy@sha256:adc1335b480ddd833aac3b0bd20f68ff0f3c3cf7a0bd337933b006d9f5cec40a",
                        "registry.k8s.io/kube-proxy:v1.32.8"
                    ],
                    "sizeBytes": 30896189
                },
                {
                    "names": [
                        "registry.k8s.io/kube-proxy@sha256:bcbb293812bdf587b28ea98369a8c347ca84884160046296761acdf12b27029d",
                        "registry.k8s.io/kube-proxy:v1.31.10"
                    ],
                    "sizeBytes": 30382962
                },
                {
                    "names": [
                        "registry.k8s.io/kube-apiserver@sha256:6e1a2f9b24f69ee77d0c0edaf32b31fdbb5e1a613f4476272197e6e1e239050b",
                        "registry.k8s.io/kube-apiserver:v1.32.8"
                    ],
                    "sizeBytes": 28797487
                },
                {
                    "names": [
                        "quay.io/kubevirt/virt-api@sha256:d92c78b3048756fd11d3c6f1a48f4ce8555dd39e866039313dc23bfa70668443",
                        "quay.io/kubevirt/virt-api:v1.4.0"
                    ],
                    "sizeBytes": 28619715
                },
                {
                    "names": [
                        "registry.k8s.io/kube-apiserver@sha256:083d7d64af31cd090f870eb49fb815e6bb42c175fc602ee9dae2f28f082bd4dc",
                        "registry.k8s.io/kube-apiserver:v1.31.10"
                    ],
                    "sizeBytes": 28074544
                },
                {
                    "names": [
                        "quay.io/kubevirt/virt-controller@sha256:68a4967ef5925d4c24fb5eab0aa5acf0a82946beb7f1139bd45c85efe3653cec",
                        "quay.io/kubevirt/virt-controller:v1.4.0"
                    ],
                    "sizeBytes": 27715829
                },
                {
                    "names": [
                        "registry.k8s.io/kube-controller-manager@sha256:8788ccd28ceed9e2e5f8fc31375ef5771df8ea6e518b362c9a06f3cc709cd6c7",
                        "registry.k8s.io/kube-controller-manager:v1.32.8"
                    ],
                    "sizeBytes": 26387322
                },
                {
                    "names": [
                        "registry.k8s.io/kube-controller-manager@sha256:3c67387d023c6114879f1e817669fd641797d30f117230682faf3930ecaaf0fe",
                        "registry.k8s.io/kube-controller-manager:v1.31.10"
                    ],
                    "sizeBytes": 26315128
                },
                {
                    "names": [
                        "registry.k8s.io/kube-scheduler@sha256:43c58bcbd1c7812dd19f8bfa5ae11093ebefd28699453ce86fc710869e155cd4",
                        "registry.k8s.io/kube-scheduler:v1.32.8"
                    ],
                    "sizeBytes": 20778248
                },
                {
                    "names": [
                        "registry.k8s.io/kube-scheduler@sha256:284dc2a5cf6afc9b76e39ad4b79c680c23d289488517643b28784a06d0141272",
                        "registry.k8s.io/kube-scheduler:v1.31.10"
                    ],
                    "sizeBytes": 20385523
                },
                {
                    "names": [
                        "registry.k8s.io/coredns/coredns@sha256:9caabbf6238b189a65d0d6e6ac138de60d6a1c419e5a341fbbb7c78382559c6e",
                        "registry.k8s.io/coredns/coredns:v1.11.3"
                    ],
                    "sizeBytes": 18562039
                },
                {
                    "names": [
                        "quay.io/prometheus/node-exporter@sha256:d00a542e409ee618a4edc67da14dd48c5da66726bbd5537ab2af9c1dfc442c8a",
                        "quay.io/prometheus/node-exporter:v1.9.1"
                    ],
                    "sizeBytes": 12955907
                },
                {
                    "names": [
                        "docker.io/library/busybox@sha256:98ad9d1a2be345201bb0709b0d38655eb1b370145c7d94ca1fe9c421f76e245a",
                        "docker.io/library/busybox:1.35"
                    ],
                    "sizeBytes": 2159953
                },
                {
                    "names": [
                        "docker.io/library/busybox@sha256:f85340bf132ae937d2c2a763b8335c9bab35d6e8293f70f606b9c6178d84f42b",
                        "docker.io/library/busybox:latest"
                    ],
                    "sizeBytes": 2156518
                },
                {
                    "names": [
                        "docker.io/library/busybox@sha256:141c253bc4c3fd0a201d32dc1f493bcf3fff003b6df416dea4f41046e0f37d47",
                        "docker.io/library/busybox:1.28"
                    ],
                    "sizeBytes": 727869
                },
                {
                    "names": [
                        "registry.k8s.io/pause@sha256:ee6521f290b2168b6e0935a181d4cff9be1ac3f505666ef0e3c98fae8199917a",
                        "registry.k8s.io/pause:3.10"
                    ],
                    "sizeBytes": 320368
                },
                {
                    "names": [
                        "registry.k8s.io/pause@sha256:9001185023633d17a2f98ff69b6ff2615b8ea02a825adffa40422f51dfdcde9d",
                        "registry.k8s.io/pause:3.8"
                    ],
                    "sizeBytes": 311286
                },
                {
                    "names": [
                        "gcr.io/google_containers/pause@sha256:927d98197ec1141a368550822d18fa1c60bdae27b78b0c004f705f548c07814f",
                        "gcr.io/google_containers/pause:3.2"
                    ],
                    "sizeBytes": 299513
                }
            ],
            "nodeInfo": {
                "architecture": "amd64",
                "bootID": "2d52c017-e649-4531-9c75-311884bfb4af",
                "containerRuntimeVersion": "containerd://1.7.27",
                "kernelVersion": "6.11.0-29-generic",
                "kubeProxyVersion": "v1.32.8",
                "kubeletVersion": "v1.32.8",
                "machineID": "930dd29aa8b54aa8b9d4ac8880cc01f9",
                "operatingSystem": "linux",
                "osImage": "Ubuntu 24.04.2 LTS",
                "systemUUID": "a8dc6380-cb07-11ef-aaa8-59e983b22b00"
            }
        }
    }
  stdout_lines: <omitted>
2025-08-19 11:54:19,582 p=24539 u=ollama n=ansible | TASK [PRE-UPGRADE | Verify node is Ready] **************************************
2025-08-19 11:54:19,582 p=24539 u=ollama n=ansible | ok: [k8s03] => changed=false 
  msg: All assertions passed
2025-08-19 11:54:19,819 p=24539 u=ollama n=ansible | TASK [PRE-UPGRADE | Check etcd health] *****************************************
2025-08-19 11:54:19,819 p=24539 u=ollama n=ansible | changed: [k8s03] => changed=true 
  cmd: |-
    ETCDCTL_API=3 etcdctl  --endpoints=https://127.0.0.1:2379  --cacert=/etc/kubernetes/pki/etcd/ca.crt  --cert=/etc/kubernetes/pki/etcd/healthcheck-client.crt  --key=/etc/kubernetes/pki/etcd/healthcheck-client.key  endpoint health
  delta: '0:00:00.030934'
  end: '2025-08-19 15:54:19.447130'
  msg: ''
  rc: 0
  start: '2025-08-19 15:54:19.416196'
  stderr: ''
  stderr_lines: <omitted>
  stdout: 'https://127.0.0.1:2379 is healthy: successfully committed proposal: took = 13.965736ms'
  stdout_lines: <omitted>
2025-08-19 11:54:20,499 p=24539 u=ollama n=ansible | TASK [PREPARE | Update apt cache] **********************************************
2025-08-19 11:54:20,500 p=24539 u=ollama n=ansible | ok: [k8s03] => changed=false 
  cache_update_time: 1755618127
  cache_updated: false
2025-08-19 11:54:31,890 p=24539 u=ollama n=ansible | TASK [PREPARE | Add Kubernetes apt key] ****************************************
2025-08-19 11:54:31,890 p=24539 u=ollama n=ansible | changed: [k8s03] => changed=true 
  after:
  - 234654DA9A296436
  - D94AA3F0EFE21092
  - 871920D1991BC93C
  before:
  - D94AA3F0EFE21092
  - 871920D1991BC93C
  fp: 234654DA9A296436
  id: 234654DA9A296436
  key_id: 234654DA9A296436
  short_id: 9A296436
2025-08-19 11:54:32,318 p=24539 u=ollama n=ansible | TASK [PREPARE | Add Kubernetes repository] *************************************
2025-08-19 11:54:32,318 p=24539 u=ollama n=ansible | ok: [k8s03] => changed=false 
  repo: deb [signed-by=/etc/apt/keyrings/kubernetes-apt-keyring.gpg] https://pkgs.k8s.io/core:/stable:/v1.32/deb/ /
  sources_added: []
  sources_removed: []
  state: present
2025-08-19 11:54:32,588 p=24539 u=ollama n=ansible | TASK [UPGRADE | Unhold kubeadm package] ****************************************
2025-08-19 11:54:32,588 p=24539 u=ollama n=ansible | ok: [k8s03] => changed=false 
  after: install
  before: install
2025-08-19 11:54:55,796 p=24539 u=ollama n=ansible | TASK [UPGRADE | Install target kubeadm version] ********************************
2025-08-19 11:54:55,797 p=24539 u=ollama n=ansible | changed: [k8s03] => changed=true 
  cache_update_time: 1755618127
  cache_updated: false
  stderr: |-
    debconf: delaying package configuration, since apt-utils is not installed
  
    The processor microcode seems to be up-to-date.
  
    Restarting services...
  
    Service restarts being deferred:
     /etc/needrestart/restart.d/dbus.service
     systemctl restart getty@tty1.service
     systemctl restart systemd-logind.service
     systemctl restart unattended-upgrades.service
     systemctl restart wpa_supplicant.service
  
    No containers need to be restarted.
  
    No user sessions are running outdated binaries.
  
    No VM guests are running outdated hypervisor (qemu) binaries on this host.
  stderr_lines: <omitted>
  stdout: |-
    Reading package lists...
    Building dependency tree...
    Reading state information...
    The following packages will be upgraded:
      kubeadm
    1 upgraded, 0 newly installed, 0 to remove and 75 not upgraded.
    Need to get 12.7 MB of archives.
    After this operation, 3592 kB of additional disk space will be used.
    Get:1 https://prod-cdn.packages.k8s.io/repositories/isv:/kubernetes:/core:/stable:/v1.33/deb  kubeadm 1.33.4-1.1 [12.7 MB]
    Fetched 12.7 MB in 20s (624 kB/s)
    (Reading database ... (Reading database ... 5%(Reading database ... 10%(Reading database ... 15%(Reading database ... 20%(Reading database ... 25%(Reading database ... 30%(Reading database ... 35%(Reading database ... 40%(Reading database ... 45%(Reading database ... 50%(Reading database ... 55%(Reading database ... 60%(Reading database ... 65%(Reading database ... 70%(Reading database ... 75%(Reading database ... 80%(Reading database ... 85%(Reading database ... 90%(Reading database ... 95%(Reading database ... 100%(Reading database ... 115803 files and directories currently installed.)
    Preparing to unpack .../kubeadm_1.33.4-1.1_amd64.deb ...
    Unpacking kubeadm (1.33.4-1.1) over (1.32.8-1.1) ...
    Setting up kubeadm (1.33.4-1.1) ...
  stdout_lines: <omitted>
2025-08-19 11:54:56,018 p=24539 u=ollama n=ansible | TASK [UPGRADE | Verify kubeadm version] ****************************************
2025-08-19 11:54:56,018 p=24539 u=ollama n=ansible | ok: [k8s03] => changed=false 
  cmd:
  - kubeadm
  - version
  - -o
  - short
  delta: '0:00:00.022752'
  end: '2025-08-19 15:54:55.433031'
  msg: ''
  rc: 0
  start: '2025-08-19 15:54:55.410279'
  stderr: ''
  stderr_lines: <omitted>
  stdout: v1.33.4
  stdout_lines: <omitted>
2025-08-19 11:54:56,247 p=24539 u=ollama n=ansible | TASK [UPGRADE | Hold kubeadm package] ******************************************
2025-08-19 11:54:56,248 p=24539 u=ollama n=ansible | changed: [k8s03] => changed=true 
  after: hold
  before: install
2025-08-19 11:55:03,944 p=24539 u=ollama n=ansible | TASK [UPGRADE | Drain node (for secondary masters)] ****************************
2025-08-19 11:55:03,944 p=24539 u=ollama n=ansible | changed: [k8s03 -> k8s01(192.168.0.50)] => changed=true 
  cmd:
  - kubectl
  - drain
  - k8s03
  - --ignore-daemonsets
  - --delete-emptydir-data
  - --force
  - --timeout=300s
  delta: '0:00:07.216653'
  end: '2025-08-19 15:55:03.126226'
  msg: ''
  rc: 0
  start: '2025-08-19 15:54:55.909573'
  stderr: 'Warning: ignoring DaemonSet-managed Pods: kube-system/cilium-envoy-68dpk, kube-system/cilium-lj6xg, kube-system/configure-insecure-registry-rjct2, kube-system/kube-multus-ds-wfqtq, kube-system/kube-proxy-fhl2d, metallb-system/speaker-db7nt'
  stderr_lines: <omitted>
  stdout: |-
    node/k8s03 cordoned
    evicting pod kubevirt/virt-controller-7c8d6577b6-2mvkk
    evicting pod kube-system/coredns-68766fccfb-vw44v
    evicting pod default/node-debugger-k8s03-bvbp7
    evicting pod default/node-debugger-k8s03-w48qv
    evicting pod kube-system/fix-containerd-config-ks2jg
    evicting pod kubevirt/virt-api-5f9f64fd4d-f4wxx
    pod/node-debugger-k8s03-w48qv evicted
    pod/node-debugger-k8s03-bvbp7 evicted
    pod/fix-containerd-config-ks2jg evicted
    pod/virt-controller-7c8d6577b6-2mvkk evicted
    pod/coredns-68766fccfb-vw44v evicted
    pod/virt-api-5f9f64fd4d-f4wxx evicted
    node/k8s03 drained
  stdout_lines: <omitted>
2025-08-19 12:00:26,401 p=24539 u=ollama n=ansible | TASK [UPGRADE | Upgrade other control plane nodes] *****************************
2025-08-19 12:00:26,402 p=24539 u=ollama n=ansible | changed: [k8s03] => changed=true 
  ansible_job_id: j502138535564.3732745
  cmd:
  - kubeadm
  - upgrade
  - node
  delta: '0:05:16.690758'
  end: '2025-08-19 16:00:20.396578'
  finished: 1
  msg: ''
  rc: 0
  results_file: /root/.ansible_async/j502138535564.3732745
  start: '2025-08-19 15:55:03.705820'
  started: 1
  stderr: W0819 16:00:19.936532 3732752 postupgrade.go:117] Using temporary directory /etc/kubernetes/tmp/kubeadm-kubelet-config3687993075 for kubelet config. To override it set the environment variable KUBEADM_UPGRADE_DRYRUN_DIR
  stderr_lines: <omitted>
  stdout: |-
    [upgrade] Reading configuration from the "kubeadm-config" ConfigMap in namespace "kube-system"...
    [upgrade] Use 'kubeadm init phase upload-config --config your-config-file' to re-upload it.
    [upgrade/preflight] Running pre-flight checks
    [upgrade/preflight] Pulling images required for setting up a Kubernetes cluster
    [upgrade/preflight] This might take a minute or two, depending on the speed of your internet connection
    [upgrade/preflight] You can also perform this action beforehand using 'kubeadm config images pull'
    [upgrade/control-plane] Upgrading your Static Pod-hosted control plane instance to version "v1.33.4"...
    [upgrade/staticpods] Writing new Static Pod manifests to "/etc/kubernetes/tmp/kubeadm-upgraded-manifests212229931"
    [upgrade/staticpods] Preparing for "etcd" upgrade
    [upgrade/staticpods] Renewing etcd-server certificate
    [upgrade/staticpods] Renewing etcd-peer certificate
    [upgrade/staticpods] Renewing etcd-healthcheck-client certificate
    [upgrade/staticpods] Moving new manifest to "/etc/kubernetes/manifests/etcd.yaml" and backing up old manifest to "/etc/kubernetes/tmp/kubeadm-backup-manifests-2025-08-19-15-57-42/etcd.yaml"
    [upgrade/staticpods] Waiting for the kubelet to restart the component
    [upgrade/staticpods] This can take up to 5m0s
    [apiclient] Found 3 Pods for label selector component=etcd
    [upgrade/staticpods] Component "etcd" upgraded successfully!
    [upgrade/etcd] Waiting for etcd to become available
    [upgrade/staticpods] Preparing for "kube-apiserver" upgrade
    [upgrade/staticpods] Renewing apiserver certificate
    [upgrade/staticpods] Renewing apiserver-kubelet-client certificate
    [upgrade/staticpods] Renewing front-proxy-client certificate
    [upgrade/staticpods] Renewing apiserver-etcd-client certificate
    [upgrade/staticpods] Moving new manifest to "/etc/kubernetes/manifests/kube-apiserver.yaml" and backing up old manifest to "/etc/kubernetes/tmp/kubeadm-backup-manifests-2025-08-19-15-57-42/kube-apiserver.yaml"
    [upgrade/staticpods] Waiting for the kubelet to restart the component
    [upgrade/staticpods] This can take up to 5m0s
    [apiclient] Found 3 Pods for label selector component=kube-apiserver
    [upgrade/staticpods] Component "kube-apiserver" upgraded successfully!
    [upgrade/staticpods] Preparing for "kube-controller-manager" upgrade
    [upgrade/staticpods] Renewing controller-manager.conf certificate
    [upgrade/staticpods] Moving new manifest to "/etc/kubernetes/manifests/kube-controller-manager.yaml" and backing up old manifest to "/etc/kubernetes/tmp/kubeadm-backup-manifests-2025-08-19-15-57-42/kube-controller-manager.yaml"
    [upgrade/staticpods] Waiting for the kubelet to restart the component
    [upgrade/staticpods] This can take up to 5m0s
    [apiclient] Found 3 Pods for label selector component=kube-controller-manager
    [upgrade/staticpods] Component "kube-controller-manager" upgraded successfully!
    [upgrade/staticpods] Preparing for "kube-scheduler" upgrade
    [upgrade/staticpods] Renewing scheduler.conf certificate
    [upgrade/staticpods] Moving new manifest to "/etc/kubernetes/manifests/kube-scheduler.yaml" and backing up old manifest to "/etc/kubernetes/tmp/kubeadm-backup-manifests-2025-08-19-15-57-42/kube-scheduler.yaml"
    [upgrade/staticpods] Waiting for the kubelet to restart the component
    [upgrade/staticpods] This can take up to 5m0s
    [apiclient] Found 3 Pods for label selector component=kube-scheduler
    [upgrade/staticpods] Component "kube-scheduler" upgraded successfully!
    [upgrade/control-plane] The control plane instance for this node was successfully upgraded!
    [upgrade/kubeconfig] The kubeconfig files for this node were successfully upgraded!
    [upgrade] Backing up kubelet config file to /etc/kubernetes/tmp/kubeadm-kubelet-config3687993075/config.yaml
    [kubelet-start] Writing kubelet configuration to file "/var/lib/kubelet/config.yaml"
    [upgrade/kubelet-config] The kubelet configuration for this node was successfully upgraded!
    [addons] Applied essential addon: CoreDNS
    [addons] Applied essential addon: kube-proxy
  stdout_lines: <omitted>
2025-08-19 12:00:26,587 p=24539 u=ollama n=ansible | TASK [UPGRADE | Unhold kubelet and kubectl] ************************************
2025-08-19 12:00:26,588 p=24539 u=ollama n=ansible | ok: [k8s03] => (item=kubelet) => changed=false 
  after: install
  ansible_loop_var: item
  before: install
  item: kubelet
2025-08-19 12:00:26,760 p=24539 u=ollama n=ansible | ok: [k8s03] => (item=kubectl) => changed=false 
  after: install
  ansible_loop_var: item
  before: install
  item: kubectl
2025-08-19 12:00:52,808 p=24539 u=ollama n=ansible | TASK [UPGRADE | Upgrade kubelet and kubectl] ***********************************
2025-08-19 12:00:52,808 p=24539 u=ollama n=ansible | changed: [k8s03] => changed=true 
  cache_update_time: 1755618127
  cache_updated: false
  stderr: |-
    debconf: delaying package configuration, since apt-utils is not installed
  
    The processor microcode seems to be up-to-date.
  
    Restarting services...
     systemctl restart kubelet.service
  
    Service restarts being deferred:
     /etc/needrestart/restart.d/dbus.service
     systemctl restart getty@tty1.service
     systemctl restart systemd-logind.service
     systemctl restart unattended-upgrades.service
     systemctl restart wpa_supplicant.service
  
    No containers need to be restarted.
  
    No user sessions are running outdated binaries.
  
    No VM guests are running outdated hypervisor (qemu) binaries on this host.
  stderr_lines: <omitted>
  stdout: |-
    Reading package lists...
    Building dependency tree...
    Reading state information...
    The following packages will be upgraded:
      kubectl kubelet
    2 upgraded, 0 newly installed, 0 to remove and 73 not upgraded.
    Need to get 27.6 MB of archives.
    After this operation, 7094 kB of additional disk space will be used.
    Get:1 https://prod-cdn.packages.k8s.io/repositories/isv:/kubernetes:/core:/stable:/v1.33/deb  kubectl 1.33.4-1.1 [11.7 MB]
    Get:2 https://prod-cdn.packages.k8s.io/repositories/isv:/kubernetes:/core:/stable:/v1.33/deb  kubelet 1.33.4-1.1 [15.9 MB]
    Fetched 27.6 MB in 21s (1332 kB/s)
    (Reading database ... (Reading database ... 5%(Reading database ... 10%(Reading database ... 15%(Reading database ... 20%(Reading database ... 25%(Reading database ... 30%(Reading database ... 35%(Reading database ... 40%(Reading database ... 45%(Reading database ... 50%(Reading database ... 55%(Reading database ... 60%(Reading database ... 65%(Reading database ... 70%(Reading database ... 75%(Reading database ... 80%(Reading database ... 85%(Reading database ... 90%(Reading database ... 95%(Reading database ... 100%(Reading database ... 115803 files and directories currently installed.)
    Preparing to unpack .../kubectl_1.33.4-1.1_amd64.deb ...
    Unpacking kubectl (1.33.4-1.1) over (1.32.8-1.1) ...
    Preparing to unpack .../kubelet_1.33.4-1.1_amd64.deb ...
    Unpacking kubelet (1.33.4-1.1) over (1.32.8-1.1) ...
    Setting up kubectl (1.33.4-1.1) ...
    Setting up kubelet (1.33.4-1.1) ...
  stdout_lines: <omitted>
2025-08-19 12:00:53,036 p=24539 u=ollama n=ansible | TASK [UPGRADE | Hold kubelet and kubectl] **************************************
2025-08-19 12:00:53,037 p=24539 u=ollama n=ansible | changed: [k8s03] => (item=kubelet) => changed=true 
  after: hold
  ansible_loop_var: item
  before: install
  item: kubelet
2025-08-19 12:00:53,312 p=24539 u=ollama n=ansible | changed: [k8s03] => (item=kubectl) => changed=true 
  after: hold
  ansible_loop_var: item
  before: install
  item: kubectl
2025-08-19 12:00:54,216 p=24539 u=ollama n=ansible | TASK [UPGRADE | Restart kubelet] ***********************************************
2025-08-19 12:00:54,220 p=24539 u=ollama n=ansible | changed: [k8s03] => changed=true 
  name: kubelet
  state: started
  status:
    ActiveEnterTimestamp: Tue 2025-08-19 16:00:51 UTC
    ActiveEnterTimestampMonotonic: '3871223585591'
    ActiveExitTimestamp: Tue 2025-08-19 16:00:51 UTC
    ActiveExitTimestampMonotonic: '3871223544517'
    ActiveState: active
    After: system.slice systemd-journald.socket sysinit.target network-online.target basic.target
    AllowIsolate: 'no'
    AssertResult: 'yes'
    AssertTimestamp: Tue 2025-08-19 16:00:51 UTC
    AssertTimestampMonotonic: '3871223574668'
    Before: multi-user.target shutdown.target
    BlockIOAccounting: 'no'
    BlockIOWeight: '[not set]'
    CPUAccounting: 'yes'
    CPUAffinityFromNUMA: 'no'
    CPUQuotaPerSecUSec: infinity
    CPUQuotaPeriodUSec: infinity
    CPUSchedulingPolicy: '0'
    CPUSchedulingPriority: '0'
    CPUSchedulingResetOnFork: 'no'
    CPUShares: '[not set]'
    CPUUsageNSec: '430336000'
    CPUWeight: '[not set]'
    CacheDirectoryMode: '0755'
    CanFreeze: 'yes'
    CanIsolate: 'no'
    CanReload: 'no'
    CanStart: 'yes'
    CanStop: 'yes'
    CapabilityBoundingSet: cap_chown cap_dac_override cap_dac_read_search cap_fowner cap_fsetid cap_kill cap_setgid cap_setuid cap_setpcap cap_linux_immutable cap_net_bind_service cap_net_broadcast cap_net_admin cap_net_raw cap_ipc_lock cap_ipc_owner cap_sys_module cap_sys_rawio cap_sys_chroot cap_sys_ptrace cap_sys_pacct cap_sys_admin cap_sys_boot cap_sys_nice cap_sys_resource cap_sys_time cap_sys_tty_config cap_mknod cap_lease cap_audit_write cap_audit_control cap_setfcap cap_mac_override cap_mac_admin cap_syslog cap_wake_alarm cap_block_suspend cap_audit_read cap_perfmon cap_bpf cap_checkpoint_restore
    CleanResult: success
    CollectMode: inactive
    ConditionResult: 'yes'
    ConditionTimestamp: Tue 2025-08-19 16:00:51 UTC
    ConditionTimestampMonotonic: '3871223574666'
    ConfigurationDirectoryMode: '0755'
    Conflicts: shutdown.target
    ControlGroup: /system.slice/kubelet.service
    ControlGroupId: '353234'
    ControlPID: '0'
    CoredumpFilter: '0x33'
    CoredumpReceive: 'no'
    DefaultDependencies: 'yes'
    DefaultMemoryLow: '0'
    DefaultMemoryMin: '0'
    DefaultStartupMemoryLow: '0'
    Delegate: 'no'
    Description: 'kubelet: The Kubernetes Node Agent'
    DevicePolicy: auto
    Documentation: https://kubernetes.io/docs/
    DropInPaths: /usr/lib/systemd/system/kubelet.service.d/10-kubeadm.conf
    DynamicUser: 'no'
    EffectiveCPUs: 0-3
    EffectiveMemoryNodes: '0'
    Environment: '"KUBELET_KUBECONFIG_ARGS=--bootstrap-kubeconfig=/etc/kubernetes/bootstrap-kubelet.conf --kubeconfig=/etc/kubernetes/kubelet.conf" KUBELET_CONFIG_ARGS=--config=/var/lib/kubelet/config.yaml'
    EnvironmentFiles: /etc/default/kubelet (ignore_errors=yes)
    ExecMainCode: '0'
    ExecMainExitTimestampMonotonic: '0'
    ExecMainPID: '3733923'
    ExecMainStartTimestamp: Tue 2025-08-19 16:00:51 UTC
    ExecMainStartTimestampMonotonic: '3871223585284'
    ExecMainStatus: '0'
    ExecStart: '{ path=/usr/bin/kubelet ; argv[]=/usr/bin/kubelet $KUBELET_KUBECONFIG_ARGS $KUBELET_CONFIG_ARGS $KUBELET_KUBEADM_ARGS $KUBELET_EXTRA_ARGS ; ignore_errors=no ; start_time=[n/a] ; stop_time=[n/a] ; pid=0 ; code=(null) ; status=0/0 }'
    ExecStartEx: '{ path=/usr/bin/kubelet ; argv[]=/usr/bin/kubelet $KUBELET_KUBECONFIG_ARGS $KUBELET_CONFIG_ARGS $KUBELET_KUBEADM_ARGS $KUBELET_EXTRA_ARGS ; flags= ; start_time=[n/a] ; stop_time=[n/a] ; pid=0 ; code=(null) ; status=0/0 }'
    ExitType: main
    ExtensionImagePolicy: root=verity+signed+encrypted+unprotected+absent:usr=verity+signed+encrypted+unprotected+absent:home=encrypted+unprotected+absent:srv=encrypted+unprotected+absent:tmp=encrypted+unprotected+absent:var=encrypted+unprotected+absent
    FailureAction: none
    FileDescriptorStoreMax: '0'
    FileDescriptorStorePreserve: restart
    FinalKillSignal: '9'
    FragmentPath: /usr/lib/systemd/system/kubelet.service
    FreezerState: running
    GID: '[not set]'
    GuessMainPID: 'yes'
    IOAccounting: 'no'
    IOReadBytes: '[not set]'
    IOReadOperations: '[not set]'
    IOSchedulingClass: '2'
    IOSchedulingPriority: '4'
    IOWeight: '[not set]'
    IOWriteBytes: '[not set]'
    IOWriteOperations: '[not set]'
    IPAccounting: 'no'
    IPEgressBytes: '[no data]'
    IPEgressPackets: '[no data]'
    IPIngressBytes: '[no data]'
    IPIngressPackets: '[no data]'
    Id: kubelet.service
    IgnoreOnIsolate: 'no'
    IgnoreSIGPIPE: 'yes'
    InactiveEnterTimestamp: Tue 2025-08-19 16:00:51 UTC
    InactiveEnterTimestampMonotonic: '3871223574183'
    InactiveExitTimestamp: Tue 2025-08-19 16:00:51 UTC
    InactiveExitTimestampMonotonic: '3871223585591'
    InvocationID: c560cd7ae8d84635b3ddbb6d91fd20dc
    JobRunningTimeoutUSec: infinity
    JobTimeoutAction: none
    JobTimeoutUSec: infinity
    KeyringMode: private
    KillMode: control-group
    KillSignal: '15'
    LimitAS: infinity
    LimitASSoft: infinity
    LimitCORE: infinity
    LimitCORESoft: '0'
    LimitCPU: infinity
    LimitCPUSoft: infinity
    LimitDATA: infinity
    LimitDATASoft: infinity
    LimitFSIZE: infinity
    LimitFSIZESoft: infinity
    LimitLOCKS: infinity
    LimitLOCKSSoft: infinity
    LimitMEMLOCK: '8388608'
    LimitMEMLOCKSoft: '8388608'
    LimitMSGQUEUE: '819200'
    LimitMSGQUEUESoft: '819200'
    LimitNICE: '0'
    LimitNICESoft: '0'
    LimitNOFILE: '524288'
    LimitNOFILESoft: '1024'
    LimitNPROC: '62392'
    LimitNPROCSoft: '62392'
    LimitRSS: infinity
    LimitRSSSoft: infinity
    LimitRTPRIO: '0'
    LimitRTPRIOSoft: '0'
    LimitRTTIME: infinity
    LimitRTTIMESoft: infinity
    LimitSIGPENDING: '62392'
    LimitSIGPENDINGSoft: '62392'
    LimitSTACK: infinity
    LimitSTACKSoft: '8388608'
    LoadState: loaded
    LockPersonality: 'no'
    LogLevelMax: '-1'
    LogRateLimitBurst: '0'
    LogRateLimitIntervalUSec: '0'
    LogsDirectoryMode: '0755'
    MainPID: '3733923'
    ManagedOOMMemoryPressure: auto
    ManagedOOMMemoryPressureLimit: '0'
    ManagedOOMPreference: none
    ManagedOOMSwap: auto
    MemoryAccounting: 'yes'
    MemoryAvailable: '14526623744'
    MemoryCurrent: '32079872'
    MemoryDenyWriteExecute: 'no'
    MemoryHigh: infinity
    MemoryKSM: 'no'
    MemoryLimit: infinity
    MemoryLow: '0'
    MemoryMax: infinity
    MemoryMin: '0'
    MemoryPeak: '32600064'
    MemoryPressureThresholdUSec: 200ms
    MemoryPressureWatch: auto
    MemorySwapCurrent: '0'
    MemorySwapMax: infinity
    MemorySwapPeak: '0'
    MemoryZSwapCurrent: '0'
    MemoryZSwapMax: infinity
    MountAPIVFS: 'no'
    MountImagePolicy: root=verity+signed+encrypted+unprotected+absent:usr=verity+signed+encrypted+unprotected+absent:home=encrypted+unprotected+absent:srv=encrypted+unprotected+absent:tmp=encrypted+unprotected+absent:var=encrypted+unprotected+absent
    NFileDescriptorStore: '0'
    NRestarts: '0'
    NUMAPolicy: n/a
    Names: kubelet.service
    NeedDaemonReload: 'no'
    Nice: '0'
    NoNewPrivileges: 'no'
    NonBlocking: 'no'
    NotifyAccess: none
    OOMPolicy: stop
    OOMScoreAdjust: '0'
    OnFailureJobMode: replace
    OnSuccessJobMode: fail
    Perpetual: 'no'
    PrivateDevices: 'no'
    PrivateIPC: 'no'
    PrivateMounts: 'no'
    PrivateNetwork: 'no'
    PrivateTmp: 'no'
    PrivateUsers: 'no'
    ProcSubset: all
    ProtectClock: 'no'
    ProtectControlGroups: 'no'
    ProtectHome: 'no'
    ProtectHostname: 'no'
    ProtectKernelLogs: 'no'
    ProtectKernelModules: 'no'
    ProtectKernelTunables: 'no'
    ProtectProc: default
    ProtectSystem: 'no'
    RefuseManualStart: 'no'
    RefuseManualStop: 'no'
    ReloadResult: success
    ReloadSignal: '1'
    RemainAfterExit: 'no'
    RemoveIPC: 'no'
    Requires: system.slice sysinit.target
    Restart: always
    RestartKillSignal: '15'
    RestartMaxDelayUSec: infinity
    RestartMode: normal
    RestartSteps: '0'
    RestartUSec: 10s
    RestartUSecNext: 10s
    RestrictNamespaces: 'no'
    RestrictRealtime: 'no'
    RestrictSUIDSGID: 'no'
    Result: success
    RootDirectoryStartOnly: 'no'
    RootEphemeral: 'no'
    RootImagePolicy: root=verity+signed+encrypted+unprotected+absent:usr=verity+signed+encrypted+unprotected+absent:home=encrypted+unprotected+absent:srv=encrypted+unprotected+absent:tmp=encrypted+unprotected+absent:var=encrypted+unprotected+absent
    RuntimeDirectoryMode: '0755'
    RuntimeDirectoryPreserve: 'no'
    RuntimeMaxUSec: infinity
    RuntimeRandomizedExtraUSec: '0'
    SameProcessGroup: 'no'
    SecureBits: '0'
    SendSIGHUP: 'no'
    SendSIGKILL: 'yes'
    SetLoginEnvironment: 'no'
    Slice: system.slice
    StandardError: inherit
    StandardInput: 'null'
    StandardOutput: journal
    StartLimitAction: none
    StartLimitBurst: '5'
    StartLimitIntervalUSec: '0'
    StartupBlockIOWeight: '[not set]'
    StartupCPUShares: '[not set]'
    StartupCPUWeight: '[not set]'
    StartupIOWeight: '[not set]'
    StartupMemoryHigh: infinity
    StartupMemoryLow: '0'
    StartupMemoryMax: infinity
    StartupMemorySwapMax: infinity
    StartupMemoryZSwapMax: infinity
    StateChangeTimestamp: Tue 2025-08-19 16:00:51 UTC
    StateChangeTimestampMonotonic: '3871223585591'
    StateDirectoryMode: '0755'
    StatusErrno: '0'
    StopWhenUnneeded: 'no'
    SubState: running
    SuccessAction: none
    SurviveFinalKillSignal: 'no'
    SyslogFacility: '3'
    SyslogLevel: '6'
    SyslogLevelPrefix: 'yes'
    SyslogPriority: '30'
    SystemCallErrorNumber: '2147483646'
    TTYReset: 'no'
    TTYVHangup: 'no'
    TTYVTDisallocate: 'no'
    TasksAccounting: 'yes'
    TasksCurrent: '13'
    TasksMax: '18717'
    TimeoutAbortUSec: 1min 30s
    TimeoutCleanUSec: infinity
    TimeoutStartFailureMode: terminate
    TimeoutStartUSec: 1min 30s
    TimeoutStopFailureMode: terminate
    TimeoutStopUSec: 1min 30s
    TimerSlackNSec: '50000'
    Transient: 'no'
    Type: simple
    UID: '[not set]'
    UMask: '0022'
    UnitFilePreset: enabled
    UnitFileState: enabled
    UtmpMode: init
    WantedBy: multi-user.target
    Wants: network-online.target
    WatchdogSignal: '6'
    WatchdogTimestampMonotonic: '0'
    WatchdogUSec: '0'
2025-08-19 12:00:54,586 p=24539 u=ollama n=ansible | TASK [VERIFY | Wait for node to be Ready] **************************************
2025-08-19 12:00:54,587 p=24539 u=ollama n=ansible | changed: [k8s03 -> k8s01(192.168.0.50)] => changed=true 
  attempts: 1
  cmd: kubectl get node k8s03 -o jsonpath='{.status.conditions[?(@.type=="Ready")].status}'
  delta: '0:00:00.092424'
  end: '2025-08-19 16:00:53.706484'
  msg: ''
  rc: 0
  start: '2025-08-19 16:00:53.614060'
  stderr: ''
  stderr_lines: <omitted>
  stdout: 'True'
  stdout_lines: <omitted>
2025-08-19 12:00:54,943 p=24539 u=ollama n=ansible | TASK [VERIFY | Uncordon node] **************************************************
2025-08-19 12:00:54,943 p=24539 u=ollama n=ansible | changed: [k8s03 -> k8s01(192.168.0.50)] => changed=true 
  cmd:
  - kubectl
  - uncordon
  - k8s03
  delta: '0:00:00.098258'
  end: '2025-08-19 16:00:54.053214'
  msg: ''
  rc: 0
  start: '2025-08-19 16:00:53.954956'
  stderr: ''
  stderr_lines: <omitted>
  stdout: node/k8s03 uncordoned
  stdout_lines: <omitted>
2025-08-19 12:00:55,400 p=24539 u=ollama n=ansible | TASK [VERIFY | Check API server health] ****************************************
2025-08-19 12:00:55,401 p=24539 u=ollama n=ansible | ok: [k8s03] => changed=false 
  attempts: 1
  audit_id: d2af8149-25a7-4c08-81b3-4c8a1825154b
  cache_control: no-cache, private
  connection: close
  content_length: '2'
  content_type: text/plain; charset=utf-8
  cookies: {}
  cookies_string: ''
  date: Tue, 19 Aug 2025 16:00:54 GMT
  elapsed: 0
  msg: OK (2 bytes)
  redirected: false
  status: 200
  url: https://192.168.0.52:6443/healthz
  x_content_type_options: nosniff
  x_kubernetes_pf_flowschema_uid: 6daaafac-3ffd-4122-ac3e-96edf3e0244f
  x_kubernetes_pf_prioritylevel_uid: 8ad84914-4fbb-426f-b582-4331131433d2
2025-08-19 12:00:55,825 p=24539 u=ollama n=ansible | TASK [VERIFY | Check all control plane components] *****************************
2025-08-19 12:00:55,826 p=24539 u=ollama n=ansible | changed: [k8s03] => changed=true 
  cmd: |-
    kubectl get componentstatuses
    kubectl get pods -n kube-system -l tier=control-plane
  delta: '0:00:00.179235'
  end: '2025-08-19 16:00:54.918230'
  msg: ''
  rc: 0
  start: '2025-08-19 16:00:54.738995'
  stderr: 'Warning: v1 ComponentStatus is deprecated in v1.19+'
  stderr_lines: <omitted>
  stdout: |-
    NAME                 STATUS    MESSAGE   ERROR
    scheduler            Healthy   ok
    controller-manager   Healthy   ok
    etcd-0               Healthy   ok
    NAME                            READY   STATUS    RESTARTS       AGE
    etcd-k8s01                      1/1     Running   2              14m
    etcd-k8s02                      1/1     Running   1 (7m1s ago)   6m53s
    etcd-k8s03                      0/1     Error     1 (2s ago)     2s
    kube-apiserver-k8s01            1/1     Running   2              14m
    kube-apiserver-k8s02            1/1     Running   1 (7m1s ago)   6m53s
    kube-apiserver-k8s03            0/1     Error     1 (2s ago)     2s
    kube-controller-manager-k8s01   1/1     Running   0              14m
    kube-controller-manager-k8s02   1/1     Running   0              6m53s
    kube-controller-manager-k8s03   0/1     Error     0              2s
    kube-scheduler-k8s01            1/1     Running   0              14m
    kube-scheduler-k8s02            1/1     Running   0              6m53s
    kube-scheduler-k8s03            0/1     Error     0              2s
  stdout_lines: <omitted>
2025-08-19 12:00:56,069 p=24539 u=ollama n=ansible | TASK [VERIFY | Verify etcd cluster health] *************************************
2025-08-19 12:00:56,070 p=24539 u=ollama n=ansible | changed: [k8s03] => changed=true 
  cmd: |-
    ETCDCTL_API=3 etcdctl  --endpoints=https://127.0.0.1:2379  --cacert=/etc/kubernetes/pki/etcd/ca.crt  --cert=/etc/kubernetes/pki/etcd/healthcheck-client.crt  --key=/etc/kubernetes/pki/etcd/healthcheck-client.key  member list
  delta: '0:00:00.030580'
  end: '2025-08-19 16:00:55.152406'
  msg: ''
  rc: 0
  start: '2025-08-19 16:00:55.121826'
  stderr: ''
  stderr_lines: <omitted>
  stdout: |-
    8adc34f2f139fc91, started, k8s01, https://192.168.0.50:2380, https://192.168.0.50:2379, false
    ac5d322f7c760201, started, k8s02, https://192.168.0.51:2380, https://192.168.0.51:2379, false
    f835c0e4a6f0bb6c, started, k8s03, https://192.168.0.52:2380, https://192.168.0.52:2379, false
  stdout_lines: <omitted>
2025-08-19 12:00:55,427 p=24539 u=ollama n=ansible | TASK [VERIFY | Check cluster version] ******************************************
2025-08-19 12:00:55,427 p=24539 u=ollama n=ansible | fatal: [k8s03]: FAILED! => changed=true 
  cmd:
  - kubectl
  - version
  - --short
  delta: '0:00:00.047261'
  end: '2025-08-19 16:00:55.400380'
  msg: non-zero return code
  rc: 1
  start: '2025-08-19 16:00:55.353119'
  stderr: |-
    error: unknown flag: --short
    See 'kubectl version --help' for usage.
  stderr_lines: <omitted>
  stdout: ''
  stdout_lines: <omitted>
2025-08-19 12:00:55,437 p=24539 u=ollama n=ansible | 	to retry, use: --limit @/home/ollama/me/Zenitsu_mforrester-home-lab/kubernetes-upgrade/.ansible-retry/02-upgrade-control-plane.retry

2025-08-19 12:00:55,438 p=24539 u=ollama n=ansible | PLAY RECAP *********************************************************************
2025-08-19 12:00:55,438 p=24539 u=ollama n=ansible | k8s03                      : ok=25   changed=16   unreachable=0    failed=1    skipped=2    rescued=0    ignored=0   
2025-08-19 12:01:26,384 p=36528 u=ollama n=ansible | Using /home/ollama/me/Zenitsu_mforrester-home-lab/kubernetes-upgrade/ansible.cfg as config file
2025-08-19 12:01:26,817 p=36528 u=ollama n=ansible | k8s03 | CHANGED | rc=0 >>
Server Version: v1.33.4

2025-08-19 12:01:26,894 p=36528 u=ollama n=ansible | k8s02 | CHANGED | rc=0 >>
Server Version: v1.33.4

2025-08-19 12:01:26,917 p=36528 u=ollama n=ansible | k8s01 | CHANGED | rc=0 >>
Server Version: v1.33.4

2025-08-19 12:01:42,577 p=37045 u=ollama n=ansible | Using /home/ollama/me/Zenitsu_mforrester-home-lab/kubernetes-upgrade/ansible.cfg as config file
2025-08-19 12:01:42,717 p=37045 u=ollama n=ansible | PLAY [Upgrade Kubernetes Worker Nodes] *****************************************
2025-08-19 12:01:45,379 p=37045 u=ollama n=ansible | TASK [Gathering Facts] *********************************************************
2025-08-19 12:01:45,379 p=37045 u=ollama n=ansible | ok: [k8s04]
2025-08-19 12:01:45,590 p=37045 u=ollama n=ansible | ok: [k8s05]
2025-08-19 12:01:46,034 p=37045 u=ollama n=ansible | TASK [Verify control plane is upgraded first] **********************************
2025-08-19 12:01:46,034 p=37045 u=ollama n=ansible | fatal: [k8s04 -> k8s01(192.168.0.50)]: FAILED! => changed=false 
  cmd:
  - kubectl
  - get
  - node
  - k8s01
  - -o
  - jsonpath={.status.nodeInfo.kubeletVersion}
  delta: '0:00:00.094210'
  end: '2025-08-19 16:01:45.388951'
  failed_when_result: true
  msg: ''
  rc: 0
  start: '2025-08-19 16:01:45.294741'
  stderr: ''
  stderr_lines: <omitted>
  stdout: v1.33.4
  stdout_lines: <omitted>
2025-08-19 12:01:46,050 p=37045 u=ollama n=ansible | 	to retry, use: --limit @/home/ollama/me/Zenitsu_mforrester-home-lab/kubernetes-upgrade/.ansible-retry/03-upgrade-workers.retry

2025-08-19 12:01:46,050 p=37045 u=ollama n=ansible | PLAY RECAP *********************************************************************
2025-08-19 12:01:46,050 p=37045 u=ollama n=ansible | k8s04                      : ok=1    changed=0    unreachable=0    failed=1    skipped=0    rescued=0    ignored=0   
2025-08-19 12:01:46,050 p=37045 u=ollama n=ansible | k8s05                      : ok=1    changed=0    unreachable=0    failed=0    skipped=0    rescued=0    ignored=0   
2025-08-19 12:02:08,390 p=37699 u=ollama n=ansible | Using /home/ollama/me/Zenitsu_mforrester-home-lab/kubernetes-upgrade/ansible.cfg as config file
2025-08-19 12:02:08,520 p=37699 u=ollama n=ansible | PLAY [Upgrade Kubernetes Worker Nodes] *****************************************
2025-08-19 12:02:08,913 p=37699 u=ollama n=ansible | TASK [Verify control plane is upgraded first] **********************************
2025-08-19 12:02:08,913 p=37699 u=ollama n=ansible | ok: [k8s04 -> k8s01(192.168.0.50)] => changed=false 
  cmd:
  - kubectl
  - get
  - node
  - k8s01
  - -o
  - jsonpath={.status.nodeInfo.kubeletVersion}
  delta: '0:00:00.084463'
  end: '2025-08-19 16:02:08.441771'
  failed_when_result: false
  msg: ''
  rc: 0
  start: '2025-08-19 16:02:08.357308'
  stderr: ''
  stderr_lines: <omitted>
  stdout: v1.33.4
  stdout_lines: <omitted>
2025-08-19 12:02:08,933 p=37699 u=ollama n=ansible | TASK [Display current node info] ***********************************************
2025-08-19 12:02:08,934 p=37699 u=ollama n=ansible | ok: [k8s04] => 
  msg: Starting upgrade of k8s04 (192.168.0.53)
2025-08-19 12:02:08,941 p=37699 u=ollama n=ansible | ok: [k8s05] => 
  msg: Starting upgrade of k8s05 (192.168.0.54)
2025-08-19 12:02:09,182 p=37699 u=ollama n=ansible | TASK [Check current kubelet version] *******************************************
2025-08-19 12:02:09,183 p=37699 u=ollama n=ansible | ok: [k8s04] => changed=false 
  cmd:
  - kubelet
  - --version
  delta: '0:00:00.033111'
  end: '2025-08-19 16:02:08.710069'
  failed_when_result: false
  msg: ''
  rc: 0
  start: '2025-08-19 16:02:08.676958'
  stderr: ''
  stderr_lines: <omitted>
  stdout: Kubernetes v1.32.8
  stdout_lines: <omitted>
2025-08-19 12:02:09,205 p=37699 u=ollama n=ansible | ok: [k8s05] => changed=false 
  cmd:
  - kubelet
  - --version
  delta: '0:00:00.034455'
  end: '2025-08-19 16:02:08.733359'
  failed_when_result: false
  msg: ''
  rc: 0
  start: '2025-08-19 16:02:08.698904'
  stderr: ''
  stderr_lines: <omitted>
  stdout: Kubernetes v1.32.8
  stdout_lines: <omitted>
2025-08-19 12:02:09,731 p=37699 u=ollama n=ansible | TASK [Add Kubernetes 1.32 repository if needed] ********************************
2025-08-19 12:02:09,731 p=37699 u=ollama n=ansible | ok: [k8s04] => changed=false 
  checksum: daf81f585f74396e4f5a3023957a44f61a94e977
  dest: /etc/apt/sources.list.d/kubernetes-v1.33.list
  gid: 0
  group: root
  mode: '0644'
  owner: root
  path: /etc/apt/sources.list.d/kubernetes-v1.33.list
  size: 108
  state: file
  uid: 0
2025-08-19 12:02:09,741 p=37699 u=ollama n=ansible | ok: [k8s05] => changed=false 
  checksum: daf81f585f74396e4f5a3023957a44f61a94e977
  dest: /etc/apt/sources.list.d/kubernetes-v1.33.list
  gid: 0
  group: root
  mode: '0644'
  owner: root
  path: /etc/apt/sources.list.d/kubernetes-v1.33.list
  size: 108
  state: file
  uid: 0
2025-08-19 12:02:12,496 p=37699 u=ollama n=ansible | TASK [Drain the node (with timeout)] *******************************************
2025-08-19 12:02:12,497 p=37699 u=ollama n=ansible | changed: [k8s04 -> k8s01(192.168.0.50)] => changed=true 
  attempts: 1
  cmd: |-
    timeout 300 kubectl drain k8s04  --ignore-daemonsets  --delete-emptydir-data  --force  --grace-period=60
  delta: '0:00:02.413772'
  end: '2025-08-19 16:02:11.925020'
  failed_when_result: false
  msg: ''
  rc: 0
  start: '2025-08-19 16:02:09.511248'
  stderr: 'Warning: ignoring DaemonSet-managed Pods: kube-system/cilium-2ppj8, kube-system/cilium-envoy-5jxcd, kube-system/configure-insecure-registry-6wjk9, kube-system/kata-deploy-9fj5g, kube-system/kube-multus-ds-gskbp, kube-system/kube-proxy-pblhw, kubevirt/virt-handler-hprms, longhorn-system/engine-image-ei-51cc7b9c-mncng, longhorn-system/longhorn-csi-plugin-9gmxw, longhorn-system/longhorn-manager-8tkx4, metallb-system/speaker-z7kgs'
  stderr_lines: <omitted>
  stdout: |-
    node/k8s04 cordoned
    evicting pod longhorn-system/instance-manager-21071198d40f98b538580ddca94266df
    evicting pod longhorn-system/csi-snapshotter-6c686d96f4-vrch2
    evicting pod longhorn-system/csi-provisioner-6c54656cdf-zh6ll
    evicting pod longhorn-system/csi-resizer-fcb976d97-46r8n
    evicting pod longhorn-system/csi-attacher-86bc78dd8f-4487f
    pod/csi-resizer-fcb976d97-46r8n evicted
    pod/csi-attacher-86bc78dd8f-4487f evicted
    pod/csi-provisioner-6c54656cdf-zh6ll evicted
    pod/instance-manager-21071198d40f98b538580ddca94266df evicted
    pod/csi-snapshotter-6c686d96f4-vrch2 evicted
    node/k8s04 drained
  stdout_lines: <omitted>
2025-08-19 12:03:11,848 p=37699 u=ollama n=ansible | changed: [k8s05 -> k8s01(192.168.0.50)] => changed=true 
  attempts: 1
  cmd: |-
    timeout 300 kubectl drain k8s05  --ignore-daemonsets  --delete-emptydir-data  --force  --grace-period=60
  delta: '0:01:01.694117'
  end: '2025-08-19 16:03:11.245359'
  failed_when_result: false
  msg: ''
  rc: 0
  start: '2025-08-19 16:02:09.551242'
  stderr: |-
    Warning: ignoring DaemonSet-managed Pods: kube-system/cilium-envoy-dqcrl, kube-system/cilium-k9pmc, kube-system/configure-insecure-registry-lpr5n, kube-system/kata-deploy-h6lww, kube-system/kube-multus-ds-9z5nv, kube-system/kube-proxy-gmjgn, kubevirt/virt-handler-b4twf, longhorn-system/engine-image-ei-51cc7b9c-nwdkn, longhorn-system/longhorn-csi-plugin-jncbw, longhorn-system/longhorn-manager-h46gt, metallb-system/speaker-spmgd
    I0819 16:02:12.259954  240115 request.go:752] "Waited before sending request" delay="1.010617068s" reason="client-side throttling, not priority and fairness" verb="GET" URL="https://192.168.0.50:6443/api/v1/namespaces/longhorn-system/pods/csi-provisioner-6c54656cdf-qjr8k"
  stderr_lines: <omitted>
  stdout: |-
    node/k8s05 cordoned
    evicting pod longhorn-system/longhorn-ui-87977fc97-zrgqj
    evicting pod kubevirt/virt-operator-79456d8689-hn7vd
    evicting pod cdi/cdi-deployment-864664c58f-fttpb
    evicting pod cdi/cdi-uploadproxy-7c98645dc7-jtjn5
    evicting pod ingress-nginx/ingress-nginx-controller-b6bdff679-gx5rd
    evicting pod ingress-nginx/ingress-nginx-controller-f5d95655-pmgs4
    evicting pod longhorn-system/csi-resizer-fcb976d97-zj8t6
    evicting pod longhorn-system/csi-attacher-86bc78dd8f-6pzqj
    evicting pod longhorn-system/csi-provisioner-6c54656cdf-qjr8k
    evicting pod longhorn-system/csi-snapshotter-6c686d96f4-hf4hd
    evicting pod longhorn-system/instance-manager-2a89e27d4d40b3f5e6bdbfebc24aa8b6
    pod/virt-operator-79456d8689-hn7vd evicted
    pod/csi-resizer-fcb976d97-zj8t6 evicted
    pod/cdi-deployment-864664c58f-fttpb evicted
    pod/ingress-nginx-controller-f5d95655-pmgs4 evicted
    pod/csi-snapshotter-6c686d96f4-hf4hd evicted
    pod/csi-attacher-86bc78dd8f-6pzqj evicted
    pod/csi-provisioner-6c54656cdf-qjr8k evicted
    pod/instance-manager-2a89e27d4d40b3f5e6bdbfebc24aa8b6 evicted
    pod/ingress-nginx-controller-b6bdff679-gx5rd evicted
    pod/cdi-uploadproxy-7c98645dc7-jtjn5 evicted
    pod/longhorn-ui-87977fc97-zrgqj evicted
    node/k8s05 drained
  stdout_lines: <omitted>
2025-08-19 12:03:34,903 p=37699 u=ollama n=ansible | TASK [Upgrade kubeadm] *********************************************************
2025-08-19 12:03:34,904 p=37699 u=ollama n=ansible | changed: [k8s05] => changed=true 
  cache_update_time: 1755618126
  cache_updated: false
  stderr: |-
    debconf: delaying package configuration, since apt-utils is not installed
  
    The processor microcode seems to be up-to-date.
  
    Restarting services...
  
    Service restarts being deferred:
     /etc/needrestart/restart.d/dbus.service
     systemctl restart getty@tty1.service
     systemctl restart systemd-logind.service
     systemctl restart unattended-upgrades.service
     systemctl restart wpa_supplicant.service
  
    No containers need to be restarted.
  
    No user sessions are running outdated binaries.
  
    No VM guests are running outdated hypervisor (qemu) binaries on this host.
  stderr_lines: <omitted>
  stdout: |-
    Reading package lists...
    Building dependency tree...
    Reading state information...
    The following packages will be upgraded:
      kubeadm
    1 upgraded, 0 newly installed, 0 to remove and 69 not upgraded.
    Need to get 12.7 MB of archives.
    After this operation, 3592 kB of additional disk space will be used.
    Get:1 https://prod-cdn.packages.k8s.io/repositories/isv:/kubernetes:/core:/stable:/v1.33/deb  kubeadm 1.33.4-1.1 [12.7 MB]
    Fetched 12.7 MB in 20s (624 kB/s)
    (Reading database ... (Reading database ... 5%(Reading database ... 10%(Reading database ... 15%(Reading database ... 20%(Reading database ... 25%(Reading database ... 30%(Reading database ... 35%(Reading database ... 40%(Reading database ... 45%(Reading database ... 50%(Reading database ... 55%(Reading database ... 60%(Reading database ... 65%(Reading database ... 70%(Reading database ... 75%(Reading database ... 80%(Reading database ... 85%(Reading database ... 90%(Reading database ... 95%(Reading database ... 100%(Reading database ... 113591 files and directories currently installed.)
    Preparing to unpack .../kubeadm_1.33.4-1.1_amd64.deb ...
    Unpacking kubeadm (1.33.4-1.1) over (1.32.8-1.1) ...
    Setting up kubeadm (1.33.4-1.1) ...
  stdout_lines: <omitted>
2025-08-19 12:03:34,997 p=37699 u=ollama n=ansible | changed: [k8s04] => changed=true 
  cache_update_time: 1755618127
  cache_updated: false
  stderr: |-
    debconf: delaying package configuration, since apt-utils is not installed
  
    The processor microcode seems to be up-to-date.
  
    Restarting services...
  
    Service restarts being deferred:
     /etc/needrestart/restart.d/dbus.service
     systemctl restart getty@tty1.service
     systemctl restart systemd-logind.service
     systemctl restart unattended-upgrades.service
     systemctl restart wpa_supplicant.service
  
    No containers need to be restarted.
  
    No user sessions are running outdated binaries.
  
    No VM guests are running outdated hypervisor (qemu) binaries on this host.
  stderr_lines: <omitted>
  stdout: |-
    Reading package lists...
    Building dependency tree...
    Reading state information...
    The following packages will be upgraded:
      kubeadm
    1 upgraded, 0 newly installed, 0 to remove and 64 not upgraded.
    Need to get 12.7 MB of archives.
    After this operation, 3592 kB of additional disk space will be used.
    Get:1 https://prod-cdn.packages.k8s.io/repositories/isv:/kubernetes:/core:/stable:/v1.33/deb  kubeadm 1.33.4-1.1 [12.7 MB]
    Fetched 12.7 MB in 20s (621 kB/s)
    (Reading database ... (Reading database ... 5%(Reading database ... 10%(Reading database ... 15%(Reading database ... 20%(Reading database ... 25%(Reading database ... 30%(Reading database ... 35%(Reading database ... 40%(Reading database ... 45%(Reading database ... 50%(Reading database ... 55%(Reading database ... 60%(Reading database ... 65%(Reading database ... 70%(Reading database ... 75%(Reading database ... 80%(Reading database ... 85%(Reading database ... 90%(Reading database ... 95%(Reading database ... 100%(Reading database ... 115821 files and directories currently installed.)
    Preparing to unpack .../kubeadm_1.33.4-1.1_amd64.deb ...
    Unpacking kubeadm (1.33.4-1.1) over (1.32.8-1.1) ...
    Setting up kubeadm (1.33.4-1.1) ...
  stdout_lines: <omitted>
2025-08-19 12:03:35,256 p=37699 u=ollama n=ansible | TASK [Run kubeadm upgrade on worker] *******************************************
2025-08-19 12:03:35,257 p=37699 u=ollama n=ansible | changed: [k8s04] => changed=true 
  cmd:
  - kubeadm
  - upgrade
  - node
  delta: '0:00:00.064117'
  end: '2025-08-19 16:03:34.831700'
  msg: ''
  rc: 0
  start: '2025-08-19 16:03:34.767583'
  stderr: W0819 16:03:34.819977 3990298 postupgrade.go:117] Using temporary directory /etc/kubernetes/tmp/kubeadm-kubelet-config1105340523 for kubelet config. To override it set the environment variable KUBEADM_UPGRADE_DRYRUN_DIR
  stderr_lines: <omitted>
  stdout: |-
    [upgrade] Reading configuration from the "kubeadm-config" ConfigMap in namespace "kube-system"...
    [upgrade] Use 'kubeadm init phase upload-config --config your-config-file' to re-upload it.
    [upgrade/preflight] Running pre-flight checks
    [upgrade/preflight] Skipping prepull. Not a control plane node.
    [upgrade/control-plane] Skipping phase. Not a control plane node.
    [upgrade/kubeconfig] Skipping phase. Not a control plane node.
    [upgrade] Backing up kubelet config file to /etc/kubernetes/tmp/kubeadm-kubelet-config1105340523/config.yaml
    [kubelet-start] Writing kubelet configuration to file "/var/lib/kubelet/config.yaml"
    [upgrade/kubelet-config] The kubelet configuration for this node was successfully upgraded!
    [upgrade/addon] Skipping the addon/coredns phase. Not a control plane node.
    [upgrade/addon] Skipping the addon/kube-proxy phase. Not a control plane node.
  stdout_lines: <omitted>
2025-08-19 12:03:35,277 p=37699 u=ollama n=ansible | changed: [k8s05] => changed=true 
  cmd:
  - kubeadm
  - upgrade
  - node
  delta: '0:00:00.073199'
  end: '2025-08-19 16:03:34.855360'
  msg: ''
  rc: 0
  start: '2025-08-19 16:03:34.782161'
  stderr: W0819 16:03:34.846893 1652727 postupgrade.go:117] Using temporary directory /etc/kubernetes/tmp/kubeadm-kubelet-config1892854887 for kubelet config. To override it set the environment variable KUBEADM_UPGRADE_DRYRUN_DIR
  stderr_lines: <omitted>
  stdout: |-
    [upgrade] Reading configuration from the "kubeadm-config" ConfigMap in namespace "kube-system"...
    [upgrade] Use 'kubeadm init phase upload-config --config your-config-file' to re-upload it.
    [upgrade/preflight] Running pre-flight checks
    [upgrade/preflight] Skipping prepull. Not a control plane node.
    [upgrade/control-plane] Skipping phase. Not a control plane node.
    [upgrade/kubeconfig] Skipping phase. Not a control plane node.
    [upgrade] Backing up kubelet config file to /etc/kubernetes/tmp/kubeadm-kubelet-config1892854887/config.yaml
    [kubelet-start] Writing kubelet configuration to file "/var/lib/kubelet/config.yaml"
    [upgrade/kubelet-config] The kubelet configuration for this node was successfully upgraded!
    [upgrade/addon] Skipping the addon/coredns phase. Not a control plane node.
    [upgrade/addon] Skipping the addon/kube-proxy phase. Not a control plane node.
  stdout_lines: <omitted>
2025-08-19 12:04:00,081 p=37699 u=ollama n=ansible | TASK [Upgrade kubelet and kubectl] *********************************************
2025-08-19 12:04:00,082 p=37699 u=ollama n=ansible | changed: [k8s05] => changed=true 
  cache_update_time: 1755618126
  cache_updated: false
  stderr: |-
    debconf: delaying package configuration, since apt-utils is not installed
  
    The processor microcode seems to be up-to-date.
  
    Restarting services...
     systemctl restart kubelet.service
  
    Service restarts being deferred:
     /etc/needrestart/restart.d/dbus.service
     systemctl restart getty@tty1.service
     systemctl restart systemd-logind.service
     systemctl restart unattended-upgrades.service
     systemctl restart wpa_supplicant.service
  
    No containers need to be restarted.
  
    No user sessions are running outdated binaries.
  
    No VM guests are running outdated hypervisor (qemu) binaries on this host.
  stderr_lines: <omitted>
  stdout: |-
    Reading package lists...
    Building dependency tree...
    Reading state information...
    The following packages will be upgraded:
      kubectl kubelet
    2 upgraded, 0 newly installed, 0 to remove and 67 not upgraded.
    Need to get 27.6 MB of archives.
    After this operation, 7094 kB of additional disk space will be used.
    Get:1 https://prod-cdn.packages.k8s.io/repositories/isv:/kubernetes:/core:/stable:/v1.33/deb  kubectl 1.33.4-1.1 [11.7 MB]
    Get:2 https://prod-cdn.packages.k8s.io/repositories/isv:/kubernetes:/core:/stable:/v1.33/deb  kubelet 1.33.4-1.1 [15.9 MB]
    Fetched 27.6 MB in 21s (1333 kB/s)
    (Reading database ... (Reading database ... 5%(Reading database ... 10%(Reading database ... 15%(Reading database ... 20%(Reading database ... 25%(Reading database ... 30%(Reading database ... 35%(Reading database ... 40%(Reading database ... 45%(Reading database ... 50%(Reading database ... 55%(Reading database ... 60%(Reading database ... 65%(Reading database ... 70%(Reading database ... 75%(Reading database ... 80%(Reading database ... 85%(Reading database ... 90%(Reading database ... 95%(Reading database ... 100%(Reading database ... 113591 files and directories currently installed.)
    Preparing to unpack .../kubectl_1.33.4-1.1_amd64.deb ...
    Unpacking kubectl (1.33.4-1.1) over (1.32.8-1.1) ...
    Preparing to unpack .../kubelet_1.33.4-1.1_amd64.deb ...
    Unpacking kubelet (1.33.4-1.1) over (1.32.8-1.1) ...
    Setting up kubectl (1.33.4-1.1) ...
    Setting up kubelet (1.33.4-1.1) ...
  stdout_lines: <omitted>
2025-08-19 12:04:00,189 p=37699 u=ollama n=ansible | changed: [k8s04] => changed=true 
  cache_update_time: 1755618127
  cache_updated: false
  stderr: |-
    debconf: delaying package configuration, since apt-utils is not installed
  
    The processor microcode seems to be up-to-date.
  
    Restarting services...
     systemctl restart kubelet.service
  
    Service restarts being deferred:
     /etc/needrestart/restart.d/dbus.service
     systemctl restart getty@tty1.service
     systemctl restart systemd-logind.service
     systemctl restart unattended-upgrades.service
     systemctl restart wpa_supplicant.service
  
    No containers need to be restarted.
  
    No user sessions are running outdated binaries.
  
    No VM guests are running outdated hypervisor (qemu) binaries on this host.
  stderr_lines: <omitted>
  stdout: |-
    Reading package lists...
    Building dependency tree...
    Reading state information...
    The following packages will be upgraded:
      kubectl kubelet
    2 upgraded, 0 newly installed, 0 to remove and 62 not upgraded.
    Need to get 27.6 MB of archives.
    After this operation, 7094 kB of additional disk space will be used.
    Get:1 https://prod-cdn.packages.k8s.io/repositories/isv:/kubernetes:/core:/stable:/v1.33/deb  kubectl 1.33.4-1.1 [11.7 MB]
    Get:2 https://prod-cdn.packages.k8s.io/repositories/isv:/kubernetes:/core:/stable:/v1.33/deb  kubelet 1.33.4-1.1 [15.9 MB]
    Fetched 27.6 MB in 21s (1328 kB/s)
    (Reading database ... (Reading database ... 5%(Reading database ... 10%(Reading database ... 15%(Reading database ... 20%(Reading database ... 25%(Reading database ... 30%(Reading database ... 35%(Reading database ... 40%(Reading database ... 45%(Reading database ... 50%(Reading database ... 55%(Reading database ... 60%(Reading database ... 65%(Reading database ... 70%(Reading database ... 75%(Reading database ... 80%(Reading database ... 85%(Reading database ... 90%(Reading database ... 95%(Reading database ... 100%(Reading database ... 115821 files and directories currently installed.)
    Preparing to unpack .../kubectl_1.33.4-1.1_amd64.deb ...
    Unpacking kubectl (1.33.4-1.1) over (1.32.8-1.1) ...
    Preparing to unpack .../kubelet_1.33.4-1.1_amd64.deb ...
    Unpacking kubelet (1.33.4-1.1) over (1.32.8-1.1) ...
    Setting up kubectl (1.33.4-1.1) ...
    Setting up kubelet (1.33.4-1.1) ...
  stdout_lines: <omitted>
2025-08-19 12:04:00,984 p=37699 u=ollama n=ansible | TASK [Restart and enable kubelet] **********************************************
2025-08-19 12:04:00,986 p=37699 u=ollama n=ansible | changed: [k8s04] => changed=true 
  enabled: true
  name: kubelet
  state: started
  status:
    ActiveEnterTimestamp: Tue 2025-08-19 16:03:59 UTC
    ActiveEnterTimestampMonotonic: '3868802503751'
    ActiveExitTimestamp: Tue 2025-08-19 16:03:59 UTC
    ActiveExitTimestampMonotonic: '3868802469607'
    ActiveState: active
    After: sysinit.target systemd-journald.socket network-online.target basic.target system.slice
    AllowIsolate: 'no'
    AssertResult: 'yes'
    AssertTimestamp: Tue 2025-08-19 16:03:59 UTC
    AssertTimestampMonotonic: '3868802495115'
    Before: shutdown.target multi-user.target
    BlockIOAccounting: 'no'
    BlockIOWeight: '[not set]'
    CPUAccounting: 'yes'
    CPUAffinityFromNUMA: 'no'
    CPUQuotaPerSecUSec: infinity
    CPUQuotaPeriodUSec: infinity
    CPUSchedulingPolicy: '0'
    CPUSchedulingPriority: '0'
    CPUSchedulingResetOnFork: 'no'
    CPUShares: '[not set]'
    CPUUsageNSec: '319568000'
    CPUWeight: '[not set]'
    CacheDirectoryMode: '0755'
    CanFreeze: 'yes'
    CanIsolate: 'no'
    CanReload: 'no'
    CanStart: 'yes'
    CanStop: 'yes'
    CapabilityBoundingSet: cap_chown cap_dac_override cap_dac_read_search cap_fowner cap_fsetid cap_kill cap_setgid cap_setuid cap_setpcap cap_linux_immutable cap_net_bind_service cap_net_broadcast cap_net_admin cap_net_raw cap_ipc_lock cap_ipc_owner cap_sys_module cap_sys_rawio cap_sys_chroot cap_sys_ptrace cap_sys_pacct cap_sys_admin cap_sys_boot cap_sys_nice cap_sys_resource cap_sys_time cap_sys_tty_config cap_mknod cap_lease cap_audit_write cap_audit_control cap_setfcap cap_mac_override cap_mac_admin cap_syslog cap_wake_alarm cap_block_suspend cap_audit_read cap_perfmon cap_bpf cap_checkpoint_restore
    CleanResult: success
    CollectMode: inactive
    ConditionResult: 'yes'
    ConditionTimestamp: Tue 2025-08-19 16:03:59 UTC
    ConditionTimestampMonotonic: '3868802495112'
    ConfigurationDirectoryMode: '0755'
    Conflicts: shutdown.target
    ControlGroup: /system.slice/kubelet.service
    ControlGroupId: '1631418'
    ControlPID: '0'
    CoredumpFilter: '0x33'
    CoredumpReceive: 'no'
    DefaultDependencies: 'yes'
    DefaultMemoryLow: '0'
    DefaultMemoryMin: '0'
    DefaultStartupMemoryLow: '0'
    Delegate: 'no'
    Description: 'kubelet: The Kubernetes Node Agent'
    DevicePolicy: auto
    Documentation: https://kubernetes.io/docs/
    DropInPaths: /usr/lib/systemd/system/kubelet.service.d/10-kubeadm.conf
    DynamicUser: 'no'
    EffectiveCPUs: 0-3
    EffectiveMemoryNodes: '0'
    Environment: '"KUBELET_KUBECONFIG_ARGS=--bootstrap-kubeconfig=/etc/kubernetes/bootstrap-kubelet.conf --kubeconfig=/etc/kubernetes/kubelet.conf" KUBELET_CONFIG_ARGS=--config=/var/lib/kubelet/config.yaml'
    EnvironmentFiles: /etc/default/kubelet (ignore_errors=yes)
    ExecMainCode: '0'
    ExecMainExitTimestampMonotonic: '0'
    ExecMainPID: '3990859'
    ExecMainStartTimestamp: Tue 2025-08-19 16:03:59 UTC
    ExecMainStartTimestampMonotonic: '3868802503425'
    ExecMainStatus: '0'
    ExecStart: '{ path=/usr/bin/kubelet ; argv[]=/usr/bin/kubelet $KUBELET_KUBECONFIG_ARGS $KUBELET_CONFIG_ARGS $KUBELET_KUBEADM_ARGS $KUBELET_EXTRA_ARGS ; ignore_errors=no ; start_time=[n/a] ; stop_time=[n/a] ; pid=0 ; code=(null) ; status=0/0 }'
    ExecStartEx: '{ path=/usr/bin/kubelet ; argv[]=/usr/bin/kubelet $KUBELET_KUBECONFIG_ARGS $KUBELET_CONFIG_ARGS $KUBELET_KUBEADM_ARGS $KUBELET_EXTRA_ARGS ; flags= ; start_time=[n/a] ; stop_time=[n/a] ; pid=0 ; code=(null) ; status=0/0 }'
    ExitType: main
    ExtensionImagePolicy: root=verity+signed+encrypted+unprotected+absent:usr=verity+signed+encrypted+unprotected+absent:home=encrypted+unprotected+absent:srv=encrypted+unprotected+absent:tmp=encrypted+unprotected+absent:var=encrypted+unprotected+absent
    FailureAction: none
    FileDescriptorStoreMax: '0'
    FileDescriptorStorePreserve: restart
    FinalKillSignal: '9'
    FragmentPath: /usr/lib/systemd/system/kubelet.service
    FreezerState: running
    GID: '[not set]'
    GuessMainPID: 'yes'
    IOAccounting: 'no'
    IOReadBytes: '[not set]'
    IOReadOperations: '[not set]'
    IOSchedulingClass: '2'
    IOSchedulingPriority: '4'
    IOWeight: '[not set]'
    IOWriteBytes: '[not set]'
    IOWriteOperations: '[not set]'
    IPAccounting: 'no'
    IPEgressBytes: '[no data]'
    IPEgressPackets: '[no data]'
    IPIngressBytes: '[no data]'
    IPIngressPackets: '[no data]'
    Id: kubelet.service
    IgnoreOnIsolate: 'no'
    IgnoreSIGPIPE: 'yes'
    InactiveEnterTimestamp: Tue 2025-08-19 16:03:59 UTC
    InactiveEnterTimestampMonotonic: '3868802494534'
    InactiveExitTimestamp: Tue 2025-08-19 16:03:59 UTC
    InactiveExitTimestampMonotonic: '3868802503751'
    InvocationID: ff3e009bc1cf44d38b42e01b48852429
    JobRunningTimeoutUSec: infinity
    JobTimeoutAction: none
    JobTimeoutUSec: infinity
    KeyringMode: private
    KillMode: control-group
    KillSignal: '15'
    LimitAS: infinity
    LimitASSoft: infinity
    LimitCORE: infinity
    LimitCORESoft: '0'
    LimitCPU: infinity
    LimitCPUSoft: infinity
    LimitDATA: infinity
    LimitDATASoft: infinity
    LimitFSIZE: infinity
    LimitFSIZESoft: infinity
    LimitLOCKS: infinity
    LimitLOCKSSoft: infinity
    LimitMEMLOCK: '8388608'
    LimitMEMLOCKSoft: '8388608'
    LimitMSGQUEUE: '819200'
    LimitMSGQUEUESoft: '819200'
    LimitNICE: '0'
    LimitNICESoft: '0'
    LimitNOFILE: '524288'
    LimitNOFILESoft: '1024'
    LimitNPROC: '62392'
    LimitNPROCSoft: '62392'
    LimitRSS: infinity
    LimitRSSSoft: infinity
    LimitRTPRIO: '0'
    LimitRTPRIOSoft: '0'
    LimitRTTIME: infinity
    LimitRTTIMESoft: infinity
    LimitSIGPENDING: '62392'
    LimitSIGPENDINGSoft: '62392'
    LimitSTACK: infinity
    LimitSTACKSoft: '8388608'
    LoadState: loaded
    LockPersonality: 'no'
    LogLevelMax: '-1'
    LogRateLimitBurst: '0'
    LogRateLimitIntervalUSec: '0'
    LogsDirectoryMode: '0755'
    MainPID: '3990859'
    ManagedOOMMemoryPressure: auto
    ManagedOOMMemoryPressureLimit: '0'
    ManagedOOMPreference: none
    ManagedOOMSwap: auto
    MemoryAccounting: 'yes'
    MemoryAvailable: '14660333568'
    MemoryCurrent: '30953472'
    MemoryDenyWriteExecute: 'no'
    MemoryHigh: infinity
    MemoryKSM: 'no'
    MemoryLimit: infinity
    MemoryLow: '0'
    MemoryMax: infinity
    MemoryMin: '0'
    MemoryPeak: '31576064'
    MemoryPressureThresholdUSec: 200ms
    MemoryPressureWatch: auto
    MemorySwapCurrent: '0'
    MemorySwapMax: infinity
    MemorySwapPeak: '0'
    MemoryZSwapCurrent: '0'
    MemoryZSwapMax: infinity
    MountAPIVFS: 'no'
    MountImagePolicy: root=verity+signed+encrypted+unprotected+absent:usr=verity+signed+encrypted+unprotected+absent:home=encrypted+unprotected+absent:srv=encrypted+unprotected+absent:tmp=encrypted+unprotected+absent:var=encrypted+unprotected+absent
    NFileDescriptorStore: '0'
    NRestarts: '0'
    NUMAPolicy: n/a
    Names: kubelet.service
    NeedDaemonReload: 'no'
    Nice: '0'
    NoNewPrivileges: 'no'
    NonBlocking: 'no'
    NotifyAccess: none
    OOMPolicy: stop
    OOMScoreAdjust: '0'
    OnFailureJobMode: replace
    OnSuccessJobMode: fail
    Perpetual: 'no'
    PrivateDevices: 'no'
    PrivateIPC: 'no'
    PrivateMounts: 'no'
    PrivateNetwork: 'no'
    PrivateTmp: 'no'
    PrivateUsers: 'no'
    ProcSubset: all
    ProtectClock: 'no'
    ProtectControlGroups: 'no'
    ProtectHome: 'no'
    ProtectHostname: 'no'
    ProtectKernelLogs: 'no'
    ProtectKernelModules: 'no'
    ProtectKernelTunables: 'no'
    ProtectProc: default
    ProtectSystem: 'no'
    RefuseManualStart: 'no'
    RefuseManualStop: 'no'
    ReloadResult: success
    ReloadSignal: '1'
    RemainAfterExit: 'no'
    RemoveIPC: 'no'
    Requires: system.slice sysinit.target
    Restart: always
    RestartKillSignal: '15'
    RestartMaxDelayUSec: infinity
    RestartMode: normal
    RestartSteps: '0'
    RestartUSec: 10s
    RestartUSecNext: 10s
    RestrictNamespaces: 'no'
    RestrictRealtime: 'no'
    RestrictSUIDSGID: 'no'
    Result: success
    RootDirectoryStartOnly: 'no'
    RootEphemeral: 'no'
    RootImagePolicy: root=verity+signed+encrypted+unprotected+absent:usr=verity+signed+encrypted+unprotected+absent:home=encrypted+unprotected+absent:srv=encrypted+unprotected+absent:tmp=encrypted+unprotected+absent:var=encrypted+unprotected+absent
    RuntimeDirectoryMode: '0755'
    RuntimeDirectoryPreserve: 'no'
    RuntimeMaxUSec: infinity
    RuntimeRandomizedExtraUSec: '0'
    SameProcessGroup: 'no'
    SecureBits: '0'
    SendSIGHUP: 'no'
    SendSIGKILL: 'yes'
    SetLoginEnvironment: 'no'
    Slice: system.slice
    StandardError: inherit
    StandardInput: 'null'
    StandardOutput: journal
    StartLimitAction: none
    StartLimitBurst: '5'
    StartLimitIntervalUSec: '0'
    StartupBlockIOWeight: '[not set]'
    StartupCPUShares: '[not set]'
    StartupCPUWeight: '[not set]'
    StartupIOWeight: '[not set]'
    StartupMemoryHigh: infinity
    StartupMemoryLow: '0'
    StartupMemoryMax: infinity
    StartupMemorySwapMax: infinity
    StartupMemoryZSwapMax: infinity
    StateChangeTimestamp: Tue 2025-08-19 16:03:59 UTC
    StateChangeTimestampMonotonic: '3868802503751'
    StateDirectoryMode: '0755'
    StatusErrno: '0'
    StopWhenUnneeded: 'no'
    SubState: running
    SuccessAction: none
    SurviveFinalKillSignal: 'no'
    SyslogFacility: '3'
    SyslogLevel: '6'
    SyslogLevelPrefix: 'yes'
    SyslogPriority: '30'
    SystemCallErrorNumber: '2147483646'
    TTYReset: 'no'
    TTYVHangup: 'no'
    TTYVTDisallocate: 'no'
    TasksAccounting: 'yes'
    TasksCurrent: '12'
    TasksMax: '18717'
    TimeoutAbortUSec: 1min 30s
    TimeoutCleanUSec: infinity
    TimeoutStartFailureMode: terminate
    TimeoutStartUSec: 1min 30s
    TimeoutStopFailureMode: terminate
    TimeoutStopUSec: 1min 30s
    TimerSlackNSec: '50000'
    Transient: 'no'
    Type: simple
    UID: '[not set]'
    UMask: '0022'
    UnitFilePreset: enabled
    UnitFileState: enabled
    UtmpMode: init
    WantedBy: multi-user.target
    Wants: network-online.target
    WatchdogSignal: '6'
    WatchdogTimestampMonotonic: '0'
    WatchdogUSec: '0'
2025-08-19 12:04:01,030 p=37699 u=ollama n=ansible | changed: [k8s05] => changed=true 
  enabled: true
  name: kubelet
  state: started
  status:
    ActiveEnterTimestamp: Tue 2025-08-19 16:03:59 UTC
    ActiveEnterTimestampMonotonic: '3866160398978'
    ActiveExitTimestamp: Tue 2025-08-19 16:03:59 UTC
    ActiveExitTimestampMonotonic: '3866160347189'
    ActiveState: active
    After: systemd-journald.socket basic.target network-online.target sysinit.target system.slice
    AllowIsolate: 'no'
    AssertResult: 'yes'
    AssertTimestamp: Tue 2025-08-19 16:03:59 UTC
    AssertTimestampMonotonic: '3866160379962'
    Before: shutdown.target multi-user.target
    BlockIOAccounting: 'no'
    BlockIOWeight: '[not set]'
    CPUAccounting: 'yes'
    CPUAffinityFromNUMA: 'no'
    CPUQuotaPerSecUSec: infinity
    CPUQuotaPeriodUSec: infinity
    CPUSchedulingPolicy: '0'
    CPUSchedulingPriority: '0'
    CPUSchedulingResetOnFork: 'no'
    CPUShares: '[not set]'
    CPUUsageNSec: '350237000'
    CPUWeight: '[not set]'
    CacheDirectoryMode: '0755'
    CanFreeze: 'yes'
    CanIsolate: 'no'
    CanReload: 'no'
    CanStart: 'yes'
    CanStop: 'yes'
    CapabilityBoundingSet: cap_chown cap_dac_override cap_dac_read_search cap_fowner cap_fsetid cap_kill cap_setgid cap_setuid cap_setpcap cap_linux_immutable cap_net_bind_service cap_net_broadcast cap_net_admin cap_net_raw cap_ipc_lock cap_ipc_owner cap_sys_module cap_sys_rawio cap_sys_chroot cap_sys_ptrace cap_sys_pacct cap_sys_admin cap_sys_boot cap_sys_nice cap_sys_resource cap_sys_time cap_sys_tty_config cap_mknod cap_lease cap_audit_write cap_audit_control cap_setfcap cap_mac_override cap_mac_admin cap_syslog cap_wake_alarm cap_block_suspend cap_audit_read cap_perfmon cap_bpf cap_checkpoint_restore
    CleanResult: success
    CollectMode: inactive
    ConditionResult: 'yes'
    ConditionTimestamp: Tue 2025-08-19 16:03:59 UTC
    ConditionTimestampMonotonic: '3866160379959'
    ConfigurationDirectoryMode: '0755'
    Conflicts: shutdown.target
    ControlGroup: /system.slice/kubelet.service
    ControlGroupId: '485085'
    ControlPID: '0'
    CoredumpFilter: '0x33'
    CoredumpReceive: 'no'
    DefaultDependencies: 'yes'
    DefaultMemoryLow: '0'
    DefaultMemoryMin: '0'
    DefaultStartupMemoryLow: '0'
    Delegate: 'no'
    Description: 'kubelet: The Kubernetes Node Agent'
    DevicePolicy: auto
    Documentation: https://kubernetes.io/docs/
    DropInPaths: /usr/lib/systemd/system/kubelet.service.d/10-kubeadm.conf
    DynamicUser: 'no'
    EffectiveCPUs: 0-3
    EffectiveMemoryNodes: '0'
    Environment: '"KUBELET_KUBECONFIG_ARGS=--bootstrap-kubeconfig=/etc/kubernetes/bootstrap-kubelet.conf --kubeconfig=/etc/kubernetes/kubelet.conf" KUBELET_CONFIG_ARGS=--config=/var/lib/kubelet/config.yaml'
    EnvironmentFiles: /etc/default/kubelet (ignore_errors=yes)
    ExecMainCode: '0'
    ExecMainExitTimestampMonotonic: '0'
    ExecMainPID: '1653270'
    ExecMainStartTimestamp: Tue 2025-08-19 16:03:59 UTC
    ExecMainStartTimestampMonotonic: '3866160398528'
    ExecMainStatus: '0'
    ExecStart: '{ path=/usr/bin/kubelet ; argv[]=/usr/bin/kubelet $KUBELET_KUBECONFIG_ARGS $KUBELET_CONFIG_ARGS $KUBELET_KUBEADM_ARGS $KUBELET_EXTRA_ARGS ; ignore_errors=no ; start_time=[n/a] ; stop_time=[n/a] ; pid=0 ; code=(null) ; status=0/0 }'
    ExecStartEx: '{ path=/usr/bin/kubelet ; argv[]=/usr/bin/kubelet $KUBELET_KUBECONFIG_ARGS $KUBELET_CONFIG_ARGS $KUBELET_KUBEADM_ARGS $KUBELET_EXTRA_ARGS ; flags= ; start_time=[n/a] ; stop_time=[n/a] ; pid=0 ; code=(null) ; status=0/0 }'
    ExitType: main
    ExtensionImagePolicy: root=verity+signed+encrypted+unprotected+absent:usr=verity+signed+encrypted+unprotected+absent:home=encrypted+unprotected+absent:srv=encrypted+unprotected+absent:tmp=encrypted+unprotected+absent:var=encrypted+unprotected+absent
    FailureAction: none
    FileDescriptorStoreMax: '0'
    FileDescriptorStorePreserve: restart
    FinalKillSignal: '9'
    FragmentPath: /usr/lib/systemd/system/kubelet.service
    FreezerState: running
    GID: '[not set]'
    GuessMainPID: 'yes'
    IOAccounting: 'no'
    IOReadBytes: '[not set]'
    IOReadOperations: '[not set]'
    IOSchedulingClass: '2'
    IOSchedulingPriority: '4'
    IOWeight: '[not set]'
    IOWriteBytes: '[not set]'
    IOWriteOperations: '[not set]'
    IPAccounting: 'no'
    IPEgressBytes: '[no data]'
    IPEgressPackets: '[no data]'
    IPIngressBytes: '[no data]'
    IPIngressPackets: '[no data]'
    Id: kubelet.service
    IgnoreOnIsolate: 'no'
    IgnoreSIGPIPE: 'yes'
    InactiveEnterTimestamp: Tue 2025-08-19 16:03:59 UTC
    InactiveEnterTimestampMonotonic: '3866160379459'
    InactiveExitTimestamp: Tue 2025-08-19 16:03:59 UTC
    InactiveExitTimestampMonotonic: '3866160398978'
    InvocationID: b88f2dbd5a32438cb8f67fd5cc65cccf
    JobRunningTimeoutUSec: infinity
    JobTimeoutAction: none
    JobTimeoutUSec: infinity
    KeyringMode: private
    KillMode: control-group
    KillSignal: '15'
    LimitAS: infinity
    LimitASSoft: infinity
    LimitCORE: infinity
    LimitCORESoft: '0'
    LimitCPU: infinity
    LimitCPUSoft: infinity
    LimitDATA: infinity
    LimitDATASoft: infinity
    LimitFSIZE: infinity
    LimitFSIZESoft: infinity
    LimitLOCKS: infinity
    LimitLOCKSSoft: infinity
    LimitMEMLOCK: '8388608'
    LimitMEMLOCKSoft: '8388608'
    LimitMSGQUEUE: '819200'
    LimitMSGQUEUESoft: '819200'
    LimitNICE: '0'
    LimitNICESoft: '0'
    LimitNOFILE: '524288'
    LimitNOFILESoft: '1024'
    LimitNPROC: '62392'
    LimitNPROCSoft: '62392'
    LimitRSS: infinity
    LimitRSSSoft: infinity
    LimitRTPRIO: '0'
    LimitRTPRIOSoft: '0'
    LimitRTTIME: infinity
    LimitRTTIMESoft: infinity
    LimitSIGPENDING: '62392'
    LimitSIGPENDINGSoft: '62392'
    LimitSTACK: infinity
    LimitSTACKSoft: '8388608'
    LoadState: loaded
    LockPersonality: 'no'
    LogLevelMax: '-1'
    LogRateLimitBurst: '0'
    LogRateLimitIntervalUSec: '0'
    LogsDirectoryMode: '0755'
    MainPID: '1653270'
    ManagedOOMMemoryPressure: auto
    ManagedOOMMemoryPressureLimit: '0'
    ManagedOOMPreference: none
    ManagedOOMSwap: auto
    MemoryAccounting: 'yes'
    MemoryAvailable: '14754545664'
    MemoryCurrent: '30179328'
    MemoryDenyWriteExecute: 'no'
    MemoryHigh: infinity
    MemoryKSM: 'no'
    MemoryLimit: infinity
    MemoryLow: '0'
    MemoryMax: infinity
    MemoryMin: '0'
    MemoryPeak: '31268864'
    MemoryPressureThresholdUSec: 200ms
    MemoryPressureWatch: auto
    MemorySwapCurrent: '0'
    MemorySwapMax: infinity
    MemorySwapPeak: '0'
    MemoryZSwapCurrent: '0'
    MemoryZSwapMax: infinity
    MountAPIVFS: 'no'
    MountImagePolicy: root=verity+signed+encrypted+unprotected+absent:usr=verity+signed+encrypted+unprotected+absent:home=encrypted+unprotected+absent:srv=encrypted+unprotected+absent:tmp=encrypted+unprotected+absent:var=encrypted+unprotected+absent
    NFileDescriptorStore: '0'
    NRestarts: '0'
    NUMAPolicy: n/a
    Names: kubelet.service
    NeedDaemonReload: 'no'
    Nice: '0'
    NoNewPrivileges: 'no'
    NonBlocking: 'no'
    NotifyAccess: none
    OOMPolicy: stop
    OOMScoreAdjust: '0'
    OnFailureJobMode: replace
    OnSuccessJobMode: fail
    Perpetual: 'no'
    PrivateDevices: 'no'
    PrivateIPC: 'no'
    PrivateMounts: 'no'
    PrivateNetwork: 'no'
    PrivateTmp: 'no'
    PrivateUsers: 'no'
    ProcSubset: all
    ProtectClock: 'no'
    ProtectControlGroups: 'no'
    ProtectHome: 'no'
    ProtectHostname: 'no'
    ProtectKernelLogs: 'no'
    ProtectKernelModules: 'no'
    ProtectKernelTunables: 'no'
    ProtectProc: default
    ProtectSystem: 'no'
    RefuseManualStart: 'no'
    RefuseManualStop: 'no'
    ReloadResult: success
    ReloadSignal: '1'
    RemainAfterExit: 'no'
    RemoveIPC: 'no'
    Requires: sysinit.target system.slice
    Restart: always
    RestartKillSignal: '15'
    RestartMaxDelayUSec: infinity
    RestartMode: normal
    RestartSteps: '0'
    RestartUSec: 10s
    RestartUSecNext: 10s
    RestrictNamespaces: 'no'
    RestrictRealtime: 'no'
    RestrictSUIDSGID: 'no'
    Result: success
    RootDirectoryStartOnly: 'no'
    RootEphemeral: 'no'
    RootImagePolicy: root=verity+signed+encrypted+unprotected+absent:usr=verity+signed+encrypted+unprotected+absent:home=encrypted+unprotected+absent:srv=encrypted+unprotected+absent:tmp=encrypted+unprotected+absent:var=encrypted+unprotected+absent
    RuntimeDirectoryMode: '0755'
    RuntimeDirectoryPreserve: 'no'
    RuntimeMaxUSec: infinity
    RuntimeRandomizedExtraUSec: '0'
    SameProcessGroup: 'no'
    SecureBits: '0'
    SendSIGHUP: 'no'
    SendSIGKILL: 'yes'
    SetLoginEnvironment: 'no'
    Slice: system.slice
    StandardError: inherit
    StandardInput: 'null'
    StandardOutput: journal
    StartLimitAction: none
    StartLimitBurst: '5'
    StartLimitIntervalUSec: '0'
    StartupBlockIOWeight: '[not set]'
    StartupCPUShares: '[not set]'
    StartupCPUWeight: '[not set]'
    StartupIOWeight: '[not set]'
    StartupMemoryHigh: infinity
    StartupMemoryLow: '0'
    StartupMemoryMax: infinity
    StartupMemorySwapMax: infinity
    StartupMemoryZSwapMax: infinity
    StateChangeTimestamp: Tue 2025-08-19 16:03:59 UTC
    StateChangeTimestampMonotonic: '3866160398978'
    StateDirectoryMode: '0755'
    StatusErrno: '0'
    StopWhenUnneeded: 'no'
    SubState: running
    SuccessAction: none
    SurviveFinalKillSignal: 'no'
    SyslogFacility: '3'
    SyslogLevel: '6'
    SyslogLevelPrefix: 'yes'
    SyslogPriority: '30'
    SystemCallErrorNumber: '2147483646'
    TTYReset: 'no'
    TTYVHangup: 'no'
    TTYVTDisallocate: 'no'
    TasksAccounting: 'yes'
    TasksCurrent: '12'
    TasksMax: '18717'
    TimeoutAbortUSec: 1min 30s
    TimeoutCleanUSec: infinity
    TimeoutStartFailureMode: terminate
    TimeoutStartUSec: 1min 30s
    TimeoutStopFailureMode: terminate
    TimeoutStopUSec: 1min 30s
    TimerSlackNSec: '50000'
    Transient: 'no'
    Type: simple
    UID: '[not set]'
    UMask: '0022'
    UnitFilePreset: enabled
    UnitFileState: enabled
    UtmpMode: init
    WantedBy: multi-user.target
    Wants: network-online.target
    WatchdogSignal: '6'
    WatchdogTimestampMonotonic: '0'
    WatchdogUSec: '0'
2025-08-19 12:04:11,603 p=37699 u=ollama n=ansible | TASK [Wait for kubelet to be healthy] ******************************************
2025-08-19 12:04:11,603 p=37699 u=ollama n=ansible | ok: [k8s04] => changed=false 
  elapsed: 10
  match_groupdict: {}
  match_groups: []
  path: null
  port: 10250
  search_regex: null
  state: started
2025-08-19 12:04:11,626 p=37699 u=ollama n=ansible | ok: [k8s05] => changed=false 
  elapsed: 10
  match_groupdict: {}
  match_groups: []
  path: null
  port: 10250
  search_regex: null
  state: started
2025-08-19 12:04:11,960 p=37699 u=ollama n=ansible | TASK [Verify kubelet is running] ***********************************************
2025-08-19 12:04:11,962 p=37699 u=ollama n=ansible | ok: [k8s04] => changed=false 
  attempts: 1
  name: kubelet
  state: started
  status:
    ActiveEnterTimestamp: Tue 2025-08-19 16:04:00 UTC
    ActiveEnterTimestampMonotonic: '3868803600493'
    ActiveExitTimestamp: Tue 2025-08-19 16:04:00 UTC
    ActiveExitTimestampMonotonic: '3868803578239'
    ActiveState: active
    After: sysinit.target systemd-journald.socket network-online.target basic.target system.slice
    AllowIsolate: 'no'
    AssertResult: 'yes'
    AssertTimestamp: Tue 2025-08-19 16:04:00 UTC
    AssertTimestampMonotonic: '3868803595083'
    Before: shutdown.target multi-user.target
    BlockIOAccounting: 'no'
    BlockIOWeight: '[not set]'
    CPUAccounting: 'yes'
    CPUAffinityFromNUMA: 'no'
    CPUQuotaPerSecUSec: infinity
    CPUQuotaPeriodUSec: infinity
    CPUSchedulingPolicy: '0'
    CPUSchedulingPriority: '0'
    CPUSchedulingResetOnFork: 'no'
    CPUShares: '[not set]'
    CPUUsageNSec: '831005000'
    CPUWeight: '[not set]'
    CacheDirectoryMode: '0755'
    CanFreeze: 'yes'
    CanIsolate: 'no'
    CanReload: 'no'
    CanStart: 'yes'
    CanStop: 'yes'
    CapabilityBoundingSet: cap_chown cap_dac_override cap_dac_read_search cap_fowner cap_fsetid cap_kill cap_setgid cap_setuid cap_setpcap cap_linux_immutable cap_net_bind_service cap_net_broadcast cap_net_admin cap_net_raw cap_ipc_lock cap_ipc_owner cap_sys_module cap_sys_rawio cap_sys_chroot cap_sys_ptrace cap_sys_pacct cap_sys_admin cap_sys_boot cap_sys_nice cap_sys_resource cap_sys_time cap_sys_tty_config cap_mknod cap_lease cap_audit_write cap_audit_control cap_setfcap cap_mac_override cap_mac_admin cap_syslog cap_wake_alarm cap_block_suspend cap_audit_read cap_perfmon cap_bpf cap_checkpoint_restore
    CleanResult: success
    CollectMode: inactive
    ConditionResult: 'yes'
    ConditionTimestamp: Tue 2025-08-19 16:04:00 UTC
    ConditionTimestampMonotonic: '3868803595081'
    ConfigurationDirectoryMode: '0755'
    Conflicts: shutdown.target
    ControlGroup: /system.slice/kubelet.service
    ControlGroupId: '1631500'
    ControlPID: '0'
    CoredumpFilter: '0x33'
    CoredumpReceive: 'no'
    DefaultDependencies: 'yes'
    DefaultMemoryLow: '0'
    DefaultMemoryMin: '0'
    DefaultStartupMemoryLow: '0'
    Delegate: 'no'
    Description: 'kubelet: The Kubernetes Node Agent'
    DevicePolicy: auto
    Documentation: https://kubernetes.io/docs/
    DropInPaths: /usr/lib/systemd/system/kubelet.service.d/10-kubeadm.conf
    DynamicUser: 'no'
    EffectiveCPUs: 0-3
    EffectiveMemoryNodes: '0'
    Environment: '"KUBELET_KUBECONFIG_ARGS=--bootstrap-kubeconfig=/etc/kubernetes/bootstrap-kubelet.conf --kubeconfig=/etc/kubernetes/kubelet.conf" KUBELET_CONFIG_ARGS=--config=/var/lib/kubelet/config.yaml'
    EnvironmentFiles: /etc/default/kubelet (ignore_errors=yes)
    ExecMainCode: '0'
    ExecMainExitTimestampMonotonic: '0'
    ExecMainPID: '3990975'
    ExecMainStartTimestamp: Tue 2025-08-19 16:04:00 UTC
    ExecMainStartTimestampMonotonic: '3868803600246'
    ExecMainStatus: '0'
    ExecStart: '{ path=/usr/bin/kubelet ; argv[]=/usr/bin/kubelet $KUBELET_KUBECONFIG_ARGS $KUBELET_CONFIG_ARGS $KUBELET_KUBEADM_ARGS $KUBELET_EXTRA_ARGS ; ignore_errors=no ; start_time=[Tue 2025-08-19 16:04:00 UTC] ; stop_time=[n/a] ; pid=3990975 ; code=(null) ; status=0/0 }'
    ExecStartEx: '{ path=/usr/bin/kubelet ; argv[]=/usr/bin/kubelet $KUBELET_KUBECONFIG_ARGS $KUBELET_CONFIG_ARGS $KUBELET_KUBEADM_ARGS $KUBELET_EXTRA_ARGS ; flags= ; start_time=[Tue 2025-08-19 16:04:00 UTC] ; stop_time=[n/a] ; pid=3990975 ; code=(null) ; status=0/0 }'
    ExitType: main
    ExtensionImagePolicy: root=verity+signed+encrypted+unprotected+absent:usr=verity+signed+encrypted+unprotected+absent:home=encrypted+unprotected+absent:srv=encrypted+unprotected+absent:tmp=encrypted+unprotected+absent:var=encrypted+unprotected+absent
    FailureAction: none
    FileDescriptorStoreMax: '0'
    FileDescriptorStorePreserve: restart
    FinalKillSignal: '9'
    FragmentPath: /usr/lib/systemd/system/kubelet.service
    FreezerState: running
    GID: '[not set]'
    GuessMainPID: 'yes'
    IOAccounting: 'no'
    IOReadBytes: '[not set]'
    IOReadOperations: '[not set]'
    IOSchedulingClass: '2'
    IOSchedulingPriority: '4'
    IOWeight: '[not set]'
    IOWriteBytes: '[not set]'
    IOWriteOperations: '[not set]'
    IPAccounting: 'no'
    IPEgressBytes: '[no data]'
    IPEgressPackets: '[no data]'
    IPIngressBytes: '[no data]'
    IPIngressPackets: '[no data]'
    Id: kubelet.service
    IgnoreOnIsolate: 'no'
    IgnoreSIGPIPE: 'yes'
    InactiveEnterTimestamp: Tue 2025-08-19 16:04:00 UTC
    InactiveEnterTimestampMonotonic: '3868803594445'
    InactiveExitTimestamp: Tue 2025-08-19 16:04:00 UTC
    InactiveExitTimestampMonotonic: '3868803600493'
    InvocationID: 796c59e532ab430a9e71a35c0a9b5e36
    JobRunningTimeoutUSec: infinity
    JobTimeoutAction: none
    JobTimeoutUSec: infinity
    KeyringMode: private
    KillMode: control-group
    KillSignal: '15'
    LimitAS: infinity
    LimitASSoft: infinity
    LimitCORE: infinity
    LimitCORESoft: '0'
    LimitCPU: infinity
    LimitCPUSoft: infinity
    LimitDATA: infinity
    LimitDATASoft: infinity
    LimitFSIZE: infinity
    LimitFSIZESoft: infinity
    LimitLOCKS: infinity
    LimitLOCKSSoft: infinity
    LimitMEMLOCK: '8388608'
    LimitMEMLOCKSoft: '8388608'
    LimitMSGQUEUE: '819200'
    LimitMSGQUEUESoft: '819200'
    LimitNICE: '0'
    LimitNICESoft: '0'
    LimitNOFILE: '524288'
    LimitNOFILESoft: '1024'
    LimitNPROC: '62392'
    LimitNPROCSoft: '62392'
    LimitRSS: infinity
    LimitRSSSoft: infinity
    LimitRTPRIO: '0'
    LimitRTPRIOSoft: '0'
    LimitRTTIME: infinity
    LimitRTTIMESoft: infinity
    LimitSIGPENDING: '62392'
    LimitSIGPENDINGSoft: '62392'
    LimitSTACK: infinity
    LimitSTACKSoft: '8388608'
    LoadState: loaded
    LockPersonality: 'no'
    LogLevelMax: '-1'
    LogRateLimitBurst: '0'
    LogRateLimitIntervalUSec: '0'
    LogsDirectoryMode: '0755'
    MainPID: '3990975'
    ManagedOOMMemoryPressure: auto
    ManagedOOMMemoryPressureLimit: '0'
    ManagedOOMPreference: none
    ManagedOOMSwap: auto
    MemoryAccounting: 'yes'
    MemoryAvailable: '14775431168'
    MemoryCurrent: '38395904'
    MemoryDenyWriteExecute: 'no'
    MemoryHigh: infinity
    MemoryKSM: 'no'
    MemoryLimit: infinity
    MemoryLow: '0'
    MemoryMax: infinity
    MemoryMin: '0'
    MemoryPeak: '39145472'
    MemoryPressureThresholdUSec: 200ms
    MemoryPressureWatch: auto
    MemorySwapCurrent: '0'
    MemorySwapMax: infinity
    MemorySwapPeak: '0'
    MemoryZSwapCurrent: '0'
    MemoryZSwapMax: infinity
    MountAPIVFS: 'no'
    MountImagePolicy: root=verity+signed+encrypted+unprotected+absent:usr=verity+signed+encrypted+unprotected+absent:home=encrypted+unprotected+absent:srv=encrypted+unprotected+absent:tmp=encrypted+unprotected+absent:var=encrypted+unprotected+absent
    NFileDescriptorStore: '0'
    NRestarts: '0'
    NUMAPolicy: n/a
    Names: kubelet.service
    NeedDaemonReload: 'no'
    Nice: '0'
    NoNewPrivileges: 'no'
    NonBlocking: 'no'
    NotifyAccess: none
    OOMPolicy: stop
    OOMScoreAdjust: '0'
    OnFailureJobMode: replace
    OnSuccessJobMode: fail
    Perpetual: 'no'
    PrivateDevices: 'no'
    PrivateIPC: 'no'
    PrivateMounts: 'no'
    PrivateNetwork: 'no'
    PrivateTmp: 'no'
    PrivateUsers: 'no'
    ProcSubset: all
    ProtectClock: 'no'
    ProtectControlGroups: 'no'
    ProtectHome: 'no'
    ProtectHostname: 'no'
    ProtectKernelLogs: 'no'
    ProtectKernelModules: 'no'
    ProtectKernelTunables: 'no'
    ProtectProc: default
    ProtectSystem: 'no'
    RefuseManualStart: 'no'
    RefuseManualStop: 'no'
    ReloadResult: success
    ReloadSignal: '1'
    RemainAfterExit: 'no'
    RemoveIPC: 'no'
    Requires: system.slice sysinit.target
    Restart: always
    RestartKillSignal: '15'
    RestartMaxDelayUSec: infinity
    RestartMode: normal
    RestartSteps: '0'
    RestartUSec: 10s
    RestartUSecNext: 10s
    RestrictNamespaces: 'no'
    RestrictRealtime: 'no'
    RestrictSUIDSGID: 'no'
    Result: success
    RootDirectoryStartOnly: 'no'
    RootEphemeral: 'no'
    RootImagePolicy: root=verity+signed+encrypted+unprotected+absent:usr=verity+signed+encrypted+unprotected+absent:home=encrypted+unprotected+absent:srv=encrypted+unprotected+absent:tmp=encrypted+unprotected+absent:var=encrypted+unprotected+absent
    RuntimeDirectoryMode: '0755'
    RuntimeDirectoryPreserve: 'no'
    RuntimeMaxUSec: infinity
    RuntimeRandomizedExtraUSec: '0'
    SameProcessGroup: 'no'
    SecureBits: '0'
    SendSIGHUP: 'no'
    SendSIGKILL: 'yes'
    SetLoginEnvironment: 'no'
    Slice: system.slice
    StandardError: inherit
    StandardInput: 'null'
    StandardOutput: journal
    StartLimitAction: none
    StartLimitBurst: '5'
    StartLimitIntervalUSec: '0'
    StartupBlockIOWeight: '[not set]'
    StartupCPUShares: '[not set]'
    StartupCPUWeight: '[not set]'
    StartupIOWeight: '[not set]'
    StartupMemoryHigh: infinity
    StartupMemoryLow: '0'
    StartupMemoryMax: infinity
    StartupMemorySwapMax: infinity
    StartupMemoryZSwapMax: infinity
    StateChangeTimestamp: Tue 2025-08-19 16:04:00 UTC
    StateChangeTimestampMonotonic: '3868803600493'
    StateDirectoryMode: '0755'
    StatusErrno: '0'
    StopWhenUnneeded: 'no'
    SubState: running
    SuccessAction: none
    SurviveFinalKillSignal: 'no'
    SyslogFacility: '3'
    SyslogLevel: '6'
    SyslogLevelPrefix: 'yes'
    SyslogPriority: '30'
    SystemCallErrorNumber: '2147483646'
    TTYReset: 'no'
    TTYVHangup: 'no'
    TTYVTDisallocate: 'no'
    TasksAccounting: 'yes'
    TasksCurrent: '12'
    TasksMax: '18717'
    TimeoutAbortUSec: 1min 30s
    TimeoutCleanUSec: infinity
    TimeoutStartFailureMode: terminate
    TimeoutStartUSec: 1min 30s
    TimeoutStopFailureMode: terminate
    TimeoutStopUSec: 1min 30s
    TimerSlackNSec: '50000'
    Transient: 'no'
    Type: simple
    UID: '[not set]'
    UMask: '0022'
    UnitFilePreset: enabled
    UnitFileState: enabled
    UtmpMode: init
    WantedBy: multi-user.target
    Wants: network-online.target
    WatchdogSignal: '6'
    WatchdogTimestampMonotonic: '0'
    WatchdogUSec: '0'
2025-08-19 12:04:11,973 p=37699 u=ollama n=ansible | ok: [k8s05] => changed=false 
  attempts: 1
  name: kubelet
  state: started
  status:
    ActiveEnterTimestamp: Tue 2025-08-19 16:04:00 UTC
    ActiveEnterTimestampMonotonic: '3866161636475'
    ActiveExitTimestamp: Tue 2025-08-19 16:04:00 UTC
    ActiveExitTimestampMonotonic: '3866161598601'
    ActiveState: active
    After: systemd-journald.socket basic.target network-online.target sysinit.target system.slice
    AllowIsolate: 'no'
    AssertResult: 'yes'
    AssertTimestamp: Tue 2025-08-19 16:04:00 UTC
    AssertTimestampMonotonic: '3866161627837'
    Before: shutdown.target multi-user.target
    BlockIOAccounting: 'no'
    BlockIOWeight: '[not set]'
    CPUAccounting: 'yes'
    CPUAffinityFromNUMA: 'no'
    CPUQuotaPerSecUSec: infinity
    CPUQuotaPeriodUSec: infinity
    CPUSchedulingPolicy: '0'
    CPUSchedulingPriority: '0'
    CPUSchedulingResetOnFork: 'no'
    CPUShares: '[not set]'
    CPUUsageNSec: '991784000'
    CPUWeight: '[not set]'
    CacheDirectoryMode: '0755'
    CanFreeze: 'yes'
    CanIsolate: 'no'
    CanReload: 'no'
    CanStart: 'yes'
    CanStop: 'yes'
    CapabilityBoundingSet: cap_chown cap_dac_override cap_dac_read_search cap_fowner cap_fsetid cap_kill cap_setgid cap_setuid cap_setpcap cap_linux_immutable cap_net_bind_service cap_net_broadcast cap_net_admin cap_net_raw cap_ipc_lock cap_ipc_owner cap_sys_module cap_sys_rawio cap_sys_chroot cap_sys_ptrace cap_sys_pacct cap_sys_admin cap_sys_boot cap_sys_nice cap_sys_resource cap_sys_time cap_sys_tty_config cap_mknod cap_lease cap_audit_write cap_audit_control cap_setfcap cap_mac_override cap_mac_admin cap_syslog cap_wake_alarm cap_block_suspend cap_audit_read cap_perfmon cap_bpf cap_checkpoint_restore
    CleanResult: success
    CollectMode: inactive
    ConditionResult: 'yes'
    ConditionTimestamp: Tue 2025-08-19 16:04:00 UTC
    ConditionTimestampMonotonic: '3866161627831'
    ConfigurationDirectoryMode: '0755'
    Conflicts: shutdown.target
    ControlGroup: /system.slice/kubelet.service
    ControlGroupId: '485146'
    ControlPID: '0'
    CoredumpFilter: '0x33'
    CoredumpReceive: 'no'
    DefaultDependencies: 'yes'
    DefaultMemoryLow: '0'
    DefaultMemoryMin: '0'
    DefaultStartupMemoryLow: '0'
    Delegate: 'no'
    Description: 'kubelet: The Kubernetes Node Agent'
    DevicePolicy: auto
    Documentation: https://kubernetes.io/docs/
    DropInPaths: /usr/lib/systemd/system/kubelet.service.d/10-kubeadm.conf
    DynamicUser: 'no'
    EffectiveCPUs: 0-3
    EffectiveMemoryNodes: '0'
    Environment: '"KUBELET_KUBECONFIG_ARGS=--bootstrap-kubeconfig=/etc/kubernetes/bootstrap-kubelet.conf --kubeconfig=/etc/kubernetes/kubelet.conf" KUBELET_CONFIG_ARGS=--config=/var/lib/kubelet/config.yaml'
    EnvironmentFiles: /etc/default/kubelet (ignore_errors=yes)
    ExecMainCode: '0'
    ExecMainExitTimestampMonotonic: '0'
    ExecMainPID: '1653407'
    ExecMainStartTimestamp: Tue 2025-08-19 16:04:00 UTC
    ExecMainStartTimestampMonotonic: '3866161636165'
    ExecMainStatus: '0'
    ExecStart: '{ path=/usr/bin/kubelet ; argv[]=/usr/bin/kubelet $KUBELET_KUBECONFIG_ARGS $KUBELET_CONFIG_ARGS $KUBELET_KUBEADM_ARGS $KUBELET_EXTRA_ARGS ; ignore_errors=no ; start_time=[Tue 2025-08-19 16:04:00 UTC] ; stop_time=[n/a] ; pid=1653407 ; code=(null) ; status=0/0 }'
    ExecStartEx: '{ path=/usr/bin/kubelet ; argv[]=/usr/bin/kubelet $KUBELET_KUBECONFIG_ARGS $KUBELET_CONFIG_ARGS $KUBELET_KUBEADM_ARGS $KUBELET_EXTRA_ARGS ; flags= ; start_time=[Tue 2025-08-19 16:04:00 UTC] ; stop_time=[n/a] ; pid=1653407 ; code=(null) ; status=0/0 }'
    ExitType: main
    ExtensionImagePolicy: root=verity+signed+encrypted+unprotected+absent:usr=verity+signed+encrypted+unprotected+absent:home=encrypted+unprotected+absent:srv=encrypted+unprotected+absent:tmp=encrypted+unprotected+absent:var=encrypted+unprotected+absent
    FailureAction: none
    FileDescriptorStoreMax: '0'
    FileDescriptorStorePreserve: restart
    FinalKillSignal: '9'
    FragmentPath: /usr/lib/systemd/system/kubelet.service
    FreezerState: running
    GID: '[not set]'
    GuessMainPID: 'yes'
    IOAccounting: 'no'
    IOReadBytes: '[not set]'
    IOReadOperations: '[not set]'
    IOSchedulingClass: '2'
    IOSchedulingPriority: '4'
    IOWeight: '[not set]'
    IOWriteBytes: '[not set]'
    IOWriteOperations: '[not set]'
    IPAccounting: 'no'
    IPEgressBytes: '[no data]'
    IPEgressPackets: '[no data]'
    IPIngressBytes: '[no data]'
    IPIngressPackets: '[no data]'
    Id: kubelet.service
    IgnoreOnIsolate: 'no'
    IgnoreSIGPIPE: 'yes'
    InactiveEnterTimestamp: Tue 2025-08-19 16:04:00 UTC
    InactiveEnterTimestampMonotonic: '3866161626491'
    InactiveExitTimestamp: Tue 2025-08-19 16:04:00 UTC
    InactiveExitTimestampMonotonic: '3866161636475'
    InvocationID: d786df7d3c4248bc841b9bddb999a246
    JobRunningTimeoutUSec: infinity
    JobTimeoutAction: none
    JobTimeoutUSec: infinity
    KeyringMode: private
    KillMode: control-group
    KillSignal: '15'
    LimitAS: infinity
    LimitASSoft: infinity
    LimitCORE: infinity
    LimitCORESoft: '0'
    LimitCPU: infinity
    LimitCPUSoft: infinity
    LimitDATA: infinity
    LimitDATASoft: infinity
    LimitFSIZE: infinity
    LimitFSIZESoft: infinity
    LimitLOCKS: infinity
    LimitLOCKSSoft: infinity
    LimitMEMLOCK: '8388608'
    LimitMEMLOCKSoft: '8388608'
    LimitMSGQUEUE: '819200'
    LimitMSGQUEUESoft: '819200'
    LimitNICE: '0'
    LimitNICESoft: '0'
    LimitNOFILE: '524288'
    LimitNOFILESoft: '1024'
    LimitNPROC: '62392'
    LimitNPROCSoft: '62392'
    LimitRSS: infinity
    LimitRSSSoft: infinity
    LimitRTPRIO: '0'
    LimitRTPRIOSoft: '0'
    LimitRTTIME: infinity
    LimitRTTIMESoft: infinity
    LimitSIGPENDING: '62392'
    LimitSIGPENDINGSoft: '62392'
    LimitSTACK: infinity
    LimitSTACKSoft: '8388608'
    LoadState: loaded
    LockPersonality: 'no'
    LogLevelMax: '-1'
    LogRateLimitBurst: '0'
    LogRateLimitIntervalUSec: '0'
    LogsDirectoryMode: '0755'
    MainPID: '1653407'
    ManagedOOMMemoryPressure: auto
    ManagedOOMMemoryPressureLimit: '0'
    ManagedOOMPreference: none
    ManagedOOMSwap: auto
    MemoryAccounting: 'yes'
    MemoryAvailable: '14875717632'
    MemoryCurrent: '36098048'
    MemoryDenyWriteExecute: 'no'
    MemoryHigh: infinity
    MemoryKSM: 'no'
    MemoryLimit: infinity
    MemoryLow: '0'
    MemoryMax: infinity
    MemoryMin: '0'
    MemoryPeak: '36679680'
    MemoryPressureThresholdUSec: 200ms
    MemoryPressureWatch: auto
    MemorySwapCurrent: '0'
    MemorySwapMax: infinity
    MemorySwapPeak: '0'
    MemoryZSwapCurrent: '0'
    MemoryZSwapMax: infinity
    MountAPIVFS: 'no'
    MountImagePolicy: root=verity+signed+encrypted+unprotected+absent:usr=verity+signed+encrypted+unprotected+absent:home=encrypted+unprotected+absent:srv=encrypted+unprotected+absent:tmp=encrypted+unprotected+absent:var=encrypted+unprotected+absent
    NFileDescriptorStore: '0'
    NRestarts: '0'
    NUMAPolicy: n/a
    Names: kubelet.service
    NeedDaemonReload: 'no'
    Nice: '0'
    NoNewPrivileges: 'no'
    NonBlocking: 'no'
    NotifyAccess: none
    OOMPolicy: stop
    OOMScoreAdjust: '0'
    OnFailureJobMode: replace
    OnSuccessJobMode: fail
    Perpetual: 'no'
    PrivateDevices: 'no'
    PrivateIPC: 'no'
    PrivateMounts: 'no'
    PrivateNetwork: 'no'
    PrivateTmp: 'no'
    PrivateUsers: 'no'
    ProcSubset: all
    ProtectClock: 'no'
    ProtectControlGroups: 'no'
    ProtectHome: 'no'
    ProtectHostname: 'no'
    ProtectKernelLogs: 'no'
    ProtectKernelModules: 'no'
    ProtectKernelTunables: 'no'
    ProtectProc: default
    ProtectSystem: 'no'
    RefuseManualStart: 'no'
    RefuseManualStop: 'no'
    ReloadResult: success
    ReloadSignal: '1'
    RemainAfterExit: 'no'
    RemoveIPC: 'no'
    Requires: sysinit.target system.slice
    Restart: always
    RestartKillSignal: '15'
    RestartMaxDelayUSec: infinity
    RestartMode: normal
    RestartSteps: '0'
    RestartUSec: 10s
    RestartUSecNext: 10s
    RestrictNamespaces: 'no'
    RestrictRealtime: 'no'
    RestrictSUIDSGID: 'no'
    Result: success
    RootDirectoryStartOnly: 'no'
    RootEphemeral: 'no'
    RootImagePolicy: root=verity+signed+encrypted+unprotected+absent:usr=verity+signed+encrypted+unprotected+absent:home=encrypted+unprotected+absent:srv=encrypted+unprotected+absent:tmp=encrypted+unprotected+absent:var=encrypted+unprotected+absent
    RuntimeDirectoryMode: '0755'
    RuntimeDirectoryPreserve: 'no'
    RuntimeMaxUSec: infinity
    RuntimeRandomizedExtraUSec: '0'
    SameProcessGroup: 'no'
    SecureBits: '0'
    SendSIGHUP: 'no'
    SendSIGKILL: 'yes'
    SetLoginEnvironment: 'no'
    Slice: system.slice
    StandardError: inherit
    StandardInput: 'null'
    StandardOutput: journal
    StartLimitAction: none
    StartLimitBurst: '5'
    StartLimitIntervalUSec: '0'
    StartupBlockIOWeight: '[not set]'
    StartupCPUShares: '[not set]'
    StartupCPUWeight: '[not set]'
    StartupIOWeight: '[not set]'
    StartupMemoryHigh: infinity
    StartupMemoryLow: '0'
    StartupMemoryMax: infinity
    StartupMemorySwapMax: infinity
    StartupMemoryZSwapMax: infinity
    StateChangeTimestamp: Tue 2025-08-19 16:04:00 UTC
    StateChangeTimestampMonotonic: '3866161636475'
    StateDirectoryMode: '0755'
    StatusErrno: '0'
    StopWhenUnneeded: 'no'
    SubState: running
    SuccessAction: none
    SurviveFinalKillSignal: 'no'
    SyslogFacility: '3'
    SyslogLevel: '6'
    SyslogLevelPrefix: 'yes'
    SyslogPriority: '30'
    SystemCallErrorNumber: '2147483646'
    TTYReset: 'no'
    TTYVHangup: 'no'
    TTYVTDisallocate: 'no'
    TasksAccounting: 'yes'
    TasksCurrent: '12'
    TasksMax: '18717'
    TimeoutAbortUSec: 1min 30s
    TimeoutCleanUSec: infinity
    TimeoutStartFailureMode: terminate
    TimeoutStartUSec: 1min 30s
    TimeoutStopFailureMode: terminate
    TimeoutStopUSec: 1min 30s
    TimerSlackNSec: '50000'
    Transient: 'no'
    Type: simple
    UID: '[not set]'
    UMask: '0022'
    UnitFilePreset: enabled
    UnitFileState: enabled
    UtmpMode: init
    WantedBy: multi-user.target
    Wants: network-online.target
    WatchdogSignal: '6'
    WatchdogTimestampMonotonic: '0'
    WatchdogUSec: '0'
2025-08-19 12:04:12,440 p=37699 u=ollama n=ansible | TASK [Uncordon the node] *******************************************************
2025-08-19 12:04:12,441 p=37699 u=ollama n=ansible | changed: [k8s04 -> k8s01(192.168.0.50)] => changed=true 
  attempts: 1
  cmd:
  - kubectl
  - uncordon
  - k8s04
  delta: '0:00:00.137916'
  end: '2025-08-19 16:04:11.745763'
  msg: ''
  rc: 0
  start: '2025-08-19 16:04:11.607847'
  stderr: ''
  stderr_lines: <omitted>
  stdout: node/k8s04 uncordoned
  stdout_lines: <omitted>
2025-08-19 12:04:12,442 p=37699 u=ollama n=ansible | changed: [k8s05 -> k8s01(192.168.0.50)] => changed=true 
  attempts: 1
  cmd:
  - kubectl
  - uncordon
  - k8s05
  delta: '0:00:00.148358'
  end: '2025-08-19 16:04:11.761344'
  msg: ''
  rc: 0
  start: '2025-08-19 16:04:11.612986'
  stderr: ''
  stderr_lines: <omitted>
  stdout: node/k8s05 uncordoned
  stdout_lines: <omitted>
2025-08-19 12:04:12,845 p=37699 u=ollama n=ansible | TASK [Wait for node to be Ready] ***********************************************
2025-08-19 12:04:12,846 p=37699 u=ollama n=ansible | ok: [k8s05 -> k8s01(192.168.0.50)] => changed=false 
  attempts: 1
  cmd:
  - kubectl
  - get
  - node
  - k8s05
  - --no-headers
  delta: '0:00:00.103401'
  end: '2025-08-19 16:04:12.157602'
  msg: ''
  rc: 0
  start: '2025-08-19 16:04:12.054201'
  stderr: ''
  stderr_lines: <omitted>
  stdout: k8s05   Ready   worker   44d   v1.33.4
  stdout_lines: <omitted>
2025-08-19 12:04:12,850 p=37699 u=ollama n=ansible | ok: [k8s04 -> k8s01(192.168.0.50)] => changed=false 
  attempts: 1
  cmd:
  - kubectl
  - get
  - node
  - k8s04
  - --no-headers
  delta: '0:00:00.113890'
  end: '2025-08-19 16:04:12.158368'
  msg: ''
  rc: 0
  start: '2025-08-19 16:04:12.044478'
  stderr: ''
  stderr_lines: <omitted>
  stdout: k8s04   Ready   worker   44d   v1.33.4
  stdout_lines: <omitted>
2025-08-19 12:04:13,232 p=37699 u=ollama n=ansible | [WARNING]: conditional statements should not include jinja2 templating
delimiters such as {{ }} or {% %}. Found: 'v{{ kubernetes_version }}' not in
final_version.stdout

2025-08-19 12:04:13,234 p=37699 u=ollama n=ansible | TASK [Verify final node version] ***********************************************
2025-08-19 12:04:13,235 p=37699 u=ollama n=ansible | ok: [k8s04 -> k8s01(192.168.0.50)] => changed=false 
  cmd:
  - kubectl
  - get
  - node
  - k8s04
  - -o
  - jsonpath={.status.nodeInfo.kubeletVersion}
  delta: '0:00:00.100392'
  end: '2025-08-19 16:04:12.542472'
  failed_when_result: false
  msg: ''
  rc: 0
  start: '2025-08-19 16:04:12.442080'
  stderr: ''
  stderr_lines: <omitted>
  stdout: v1.33.4
  stdout_lines: <omitted>
2025-08-19 12:04:13,279 p=37699 u=ollama n=ansible | ok: [k8s05 -> k8s01(192.168.0.50)] => changed=false 
  cmd:
  - kubectl
  - get
  - node
  - k8s05
  - -o
  - jsonpath={.status.nodeInfo.kubeletVersion}
  delta: '0:00:00.099642'
  end: '2025-08-19 16:04:12.588861'
  failed_when_result: false
  msg: ''
  rc: 0
  start: '2025-08-19 16:04:12.489219'
  stderr: ''
  stderr_lines: <omitted>
  stdout: v1.33.4
  stdout_lines: <omitted>
2025-08-19 12:04:13,346 p=37699 u=ollama n=ansible | TASK [Display upgrade completion] **********************************************
2025-08-19 12:04:13,347 p=37699 u=ollama n=ansible | ok: [k8s04] => 
  msg: |-
    ✓ k8s04 successfully upgraded
    Version: v1.33.4
    Status: Ready and schedulable
2025-08-19 12:04:13,352 p=37699 u=ollama n=ansible | ok: [k8s05] => 
  msg: |-
    ✓ k8s05 successfully upgraded
    Version: v1.33.4
    Status: Ready and schedulable
2025-08-19 12:04:13,373 p=37699 u=ollama n=ansible | Pausing for 30 seconds
2025-08-19 12:04:42,516 p=37699 u=ollama n=ansible | TASK [Wait before next batch] **************************************************
2025-08-19 12:04:42,517 p=37699 u=ollama n=ansible | ok: [k8s04] => changed=false 
  delta: 29
  echo: true
  rc: 0
  start: '2025-08-19 12:04:13.373380'
  stderr: ''
  stdout: Paused for 29.14 seconds
  stop: '2025-08-19 12:04:42.514855'
  user_input: ''
2025-08-19 12:04:42,543 p=37699 u=ollama n=ansible | PLAY [Upgrade Kubernetes Worker Nodes] *****************************************
2025-08-19 12:04:45,339 p=37699 u=ollama n=ansible | TASK [Gathering Facts] *********************************************************
2025-08-19 12:04:45,340 p=37699 u=ollama n=ansible | ok: [k8s07]
2025-08-19 12:04:45,786 p=37699 u=ollama n=ansible | ok: [k8s06]
2025-08-19 12:04:46,129 p=37699 u=ollama n=ansible | TASK [Verify control plane is upgraded first] **********************************
2025-08-19 12:04:46,129 p=37699 u=ollama n=ansible | ok: [k8s06 -> k8s01(192.168.0.50)] => changed=false 
  cmd:
  - kubectl
  - get
  - node
  - k8s01
  - -o
  - jsonpath={.status.nodeInfo.kubeletVersion}
  delta: '0:00:00.086491'
  end: '2025-08-19 16:04:45.331965'
  failed_when_result: false
  msg: ''
  rc: 0
  start: '2025-08-19 16:04:45.245474'
  stderr: ''
  stderr_lines: <omitted>
  stdout: v1.33.4
  stdout_lines: <omitted>
2025-08-19 12:04:46,148 p=37699 u=ollama n=ansible | TASK [Display current node info] ***********************************************
2025-08-19 12:04:46,149 p=37699 u=ollama n=ansible | ok: [k8s06] => 
  msg: Starting upgrade of k8s06 (192.168.0.55)
2025-08-19 12:04:46,157 p=37699 u=ollama n=ansible | ok: [k8s07] => 
  msg: Starting upgrade of k8s07 (192.168.0.56)
2025-08-19 12:04:46,358 p=37699 u=ollama n=ansible | TASK [Check current kubelet version] *******************************************
2025-08-19 12:04:46,359 p=37699 u=ollama n=ansible | ok: [k8s07] => changed=false 
  cmd:
  - kubelet
  - --version
  delta: '0:00:00.025556'
  end: '2025-08-19 16:04:45.565374'
  failed_when_result: false
  msg: ''
  rc: 0
  start: '2025-08-19 16:04:45.539818'
  stderr: ''
  stderr_lines: <omitted>
  stdout: Kubernetes v1.32.8
  stdout_lines: <omitted>
2025-08-19 12:04:46,497 p=37699 u=ollama n=ansible | ok: [k8s06] => changed=false 
  cmd:
  - kubelet
  - --version
  delta: '0:00:00.055887'
  end: '2025-08-19 16:04:45.687475'
  failed_when_result: false
  msg: ''
  rc: 0
  start: '2025-08-19 16:04:45.631588'
  stderr: ''
  stderr_lines: <omitted>
  stdout: Kubernetes v1.32.8
  stdout_lines: <omitted>
2025-08-19 12:04:46,849 p=37699 u=ollama n=ansible | TASK [Add Kubernetes 1.32 repository if needed] ********************************
2025-08-19 12:04:46,849 p=37699 u=ollama n=ansible | ok: [k8s07] => changed=false 
  checksum: daf81f585f74396e4f5a3023957a44f61a94e977
  dest: /etc/apt/sources.list.d/kubernetes-v1.33.list
  gid: 0
  group: root
  mode: '0644'
  owner: root
  path: /etc/apt/sources.list.d/kubernetes-v1.33.list
  size: 108
  state: file
  uid: 0
2025-08-19 12:04:47,113 p=37699 u=ollama n=ansible | ok: [k8s06] => changed=false 
  checksum: daf81f585f74396e4f5a3023957a44f61a94e977
  dest: /etc/apt/sources.list.d/kubernetes-v1.33.list
  gid: 0
  group: root
  mode: '0644'
  owner: root
  path: /etc/apt/sources.list.d/kubernetes-v1.33.list
  size: 108
  state: file
  uid: 0
2025-08-19 12:04:49,069 p=37699 u=ollama n=ansible | TASK [Drain the node (with timeout)] *******************************************
2025-08-19 12:04:49,069 p=37699 u=ollama n=ansible | changed: [k8s06 -> k8s01(192.168.0.50)] => changed=true 
  attempts: 1
  cmd: |-
    timeout 300 kubectl drain k8s06  --ignore-daemonsets  --delete-emptydir-data  --force  --grace-period=60
  delta: '0:00:02.413449'
  end: '2025-08-19 16:04:49.015972'
  failed_when_result: false
  msg: ''
  rc: 0
  start: '2025-08-19 16:04:46.602523'
  stderr: 'Warning: ignoring DaemonSet-managed Pods: kube-system/cilium-envoy-p8v2t, kube-system/cilium-fl6kd, kube-system/configure-insecure-registry-js94p, kube-system/kata-deploy-w6pvs, kube-system/kube-multus-ds-b7k2g, kube-system/kube-proxy-zgmnc, kubevirt/virt-handler-p6dlk, longhorn-system/engine-image-ei-51cc7b9c-vv5lv, longhorn-system/longhorn-csi-plugin-dqtp7, longhorn-system/longhorn-manager-hrt8j, metallb-system/speaker-sh47q'
  stderr_lines: <omitted>
  stdout: |-
    node/k8s06 cordoned
    evicting pod longhorn-system/instance-manager-c63f2eaeef106fef72889e1a15198a2b
    evicting pod longhorn-system/csi-resizer-fcb976d97-vrgkl
    evicting pod kubevirt/virt-operator-79456d8689-t7c7p
    evicting pod longhorn-system/csi-provisioner-6c54656cdf-hlvcf
    evicting pod longhorn-system/csi-attacher-86bc78dd8f-cjx77
    evicting pod longhorn-system/csi-snapshotter-6c686d96f4-nq2hv
    pod/csi-snapshotter-6c686d96f4-nq2hv evicted
    pod/instance-manager-c63f2eaeef106fef72889e1a15198a2b evicted
    pod/csi-resizer-fcb976d97-vrgkl evicted
    pod/virt-operator-79456d8689-t7c7p evicted
    pod/csi-attacher-86bc78dd8f-cjx77 evicted
    pod/csi-provisioner-6c54656cdf-hlvcf evicted
    node/k8s06 drained
  stdout_lines: <omitted>
2025-08-19 12:05:50,324 p=37699 u=ollama n=ansible | changed: [k8s07 -> k8s01(192.168.0.50)] => changed=true 
  attempts: 1
  cmd: |-
    timeout 300 kubectl drain k8s07  --ignore-daemonsets  --delete-emptydir-data  --force  --grace-period=60
  delta: '0:01:03.584338'
  end: '2025-08-19 16:05:50.190435'
  failed_when_result: false
  msg: ''
  rc: 0
  start: '2025-08-19 16:04:46.606097'
  stderr: |-
    Warning: ignoring DaemonSet-managed Pods: kube-system/cilium-6t8zk, kube-system/cilium-envoy-26cwk, kube-system/configure-insecure-registry-jcb94, kube-system/kata-deploy-v76rf, kube-system/kube-multus-ds-wpx7l, kube-system/kube-proxy-qgszg, kubevirt/virt-handler-kpnmz, longhorn-system/engine-image-ei-51cc7b9c-znqkx, longhorn-system/longhorn-csi-plugin-jkxhc, longhorn-system/longhorn-manager-qbl2f, metallb-system/speaker-z9wc7
    I0819 16:04:48.275726  240543 request.go:752] "Waited before sending request" delay="1.198363488s" reason="client-side throttling, not priority and fairness" verb="POST" URL="https://192.168.0.50:6443/api/v1/namespaces/kube-system/pods/metrics-server-bf688598-cv8fb/eviction"
  stderr_lines: <omitted>
  stdout: |-
    node/k8s07 cordoned
    evicting pod metallb-system/controller-86575b897-5clcz
    evicting pod kube-system/coredns-674b8bbfcf-hqj6j
    evicting pod cdi/cdi-apiserver-5c78857767-w97tl
    evicting pod cdi/cdi-deployment-864664c58f-ndz8r
    evicting pod cdi/cdi-operator-74777bf8f9-qqczf
    evicting pod cdi/cdi-uploadproxy-7c98645dc7-mfvch
    evicting pod cert-manager/cert-manager-748cc679d5-lkqqq
    evicting pod kube-system/metrics-server-bf688598-cv8fb
    evicting pod kubevirt/virt-operator-79456d8689-c9827
    evicting pod longhorn-system/csi-attacher-86bc78dd8f-jljqs
    evicting pod longhorn-system/csi-provisioner-6c54656cdf-dqfp5
    evicting pod longhorn-system/csi-resizer-fcb976d97-4h4rv
    evicting pod longhorn-system/csi-snapshotter-6c686d96f4-grw9t
    evicting pod longhorn-system/instance-manager-ac01a85604e20a7f4b06f7ecaf4435a1
    evicting pod longhorn-system/longhorn-driver-deployer-679f5d87fd-85vxd
    evicting pod longhorn-system/longhorn-ui-87977fc97-4g5qj
    evicting pod cert-manager/cert-manager-webhook-854d5d744d-95p77
    evicting pod cert-manager/cert-manager-cainjector-757bc57b8f-pc745
    evicting pod ingress-nginx/ingress-nginx-controller-b6bdff679-qcwsq
    evicting pod ingress-nginx/ingress-nginx-controller-f5d95655-jqjf9
    pod/instance-manager-ac01a85604e20a7f4b06f7ecaf4435a1 evicted
    pod/csi-provisioner-6c54656cdf-dqfp5 evicted
    pod/csi-resizer-fcb976d97-4h4rv evicted
    pod/csi-snapshotter-6c686d96f4-grw9t evicted
    pod/ingress-nginx-controller-f5d95655-jqjf9 evicted
    pod/controller-86575b897-5clcz evicted
    pod/cert-manager-748cc679d5-lkqqq evicted
    pod/cdi-apiserver-5c78857767-w97tl evicted
    pod/cert-manager-webhook-854d5d744d-95p77 evicted
    pod/metrics-server-bf688598-cv8fb evicted
    pod/longhorn-driver-deployer-679f5d87fd-85vxd evicted
    pod/virt-operator-79456d8689-c9827 evicted
    pod/cdi-deployment-864664c58f-ndz8r evicted
    pod/cert-manager-cainjector-757bc57b8f-pc745 evicted
    pod/cdi-operator-74777bf8f9-qqczf evicted
    pod/csi-attacher-86bc78dd8f-jljqs evicted
    pod/coredns-674b8bbfcf-hqj6j evicted
    pod/ingress-nginx-controller-b6bdff679-qcwsq evicted
    pod/longhorn-ui-87977fc97-4g5qj evicted
    pod/cdi-uploadproxy-7c98645dc7-mfvch evicted
    node/k8s07 drained
  stdout_lines: <omitted>
2025-08-19 12:06:13,337 p=37699 u=ollama n=ansible | TASK [Upgrade kubeadm] *********************************************************
2025-08-19 12:06:13,338 p=37699 u=ollama n=ansible | changed: [k8s07] => changed=true 
  cache_update_time: 1755618127
  cache_updated: false
  stderr: |-
    debconf: delaying package configuration, since apt-utils is not installed
  
    The processor microcode seems to be up-to-date.
  
    Restarting services...
  
    Service restarts being deferred:
     /etc/needrestart/restart.d/dbus.service
     systemctl restart getty@tty1.service
     systemctl restart systemd-logind.service
     systemctl restart unattended-upgrades.service
     systemctl restart wpa_supplicant.service
  
    No containers need to be restarted.
  
    No user sessions are running outdated binaries.
  
    No VM guests are running outdated hypervisor (qemu) binaries on this host.
  stderr_lines: <omitted>
  stdout: |-
    Reading package lists...
    Building dependency tree...
    Reading state information...
    The following packages will be upgraded:
      kubeadm
    1 upgraded, 0 newly installed, 0 to remove and 64 not upgraded.
    Need to get 12.7 MB of archives.
    After this operation, 3592 kB of additional disk space will be used.
    Get:1 https://prod-cdn.packages.k8s.io/repositories/isv:/kubernetes:/core:/stable:/v1.33/deb  kubeadm 1.33.4-1.1 [12.7 MB]
    Fetched 12.7 MB in 20s (625 kB/s)
    (Reading database ... (Reading database ... 5%(Reading database ... 10%(Reading database ... 15%(Reading database ... 20%(Reading database ... 25%(Reading database ... 30%(Reading database ... 35%(Reading database ... 40%(Reading database ... 45%(Reading database ... 50%(Reading database ... 55%(Reading database ... 60%(Reading database ... 65%(Reading database ... 70%(Reading database ... 75%(Reading database ... 80%(Reading database ... 85%(Reading database ... 90%(Reading database ... 95%(Reading database ... 100%(Reading database ... 113593 files and directories currently installed.)
    Preparing to unpack .../kubeadm_1.33.4-1.1_amd64.deb ...
    Unpacking kubeadm (1.33.4-1.1) over (1.32.8-1.1) ...
    Setting up kubeadm (1.33.4-1.1) ...
  stdout_lines: <omitted>
2025-08-19 12:06:16,266 p=37699 u=ollama n=ansible | changed: [k8s06] => changed=true 
  cache_update_time: 1755618129
  cache_updated: false
  stderr: |-
    debconf: delaying package configuration, since apt-utils is not installed
  
    The processor microcode seems to be up-to-date.
  
    Restarting services...
  
    Service restarts being deferred:
     /etc/needrestart/restart.d/dbus.service
     systemctl restart getty@tty1.service
     systemctl restart getty@tty6.service
     systemctl restart systemd-logind.service
     systemctl restart unattended-upgrades.service
     systemctl restart wpa_supplicant.service
  
    No containers need to be restarted.
  
    No user sessions are running outdated binaries.
  
    No VM guests are running outdated hypervisor (qemu) binaries on this host.
  stderr_lines: <omitted>
  stdout: |-
    Reading package lists...
    Building dependency tree...
    Reading state information...
    The following packages will be upgraded:
      kubeadm
    1 upgraded, 0 newly installed, 0 to remove and 64 not upgraded.
    Need to get 12.7 MB of archives.
    After this operation, 3592 kB of additional disk space will be used.
    Get:1 https://prod-cdn.packages.k8s.io/repositories/isv:/kubernetes:/core:/stable:/v1.33/deb  kubeadm 1.33.4-1.1 [12.7 MB]
    Fetched 12.7 MB in 21s (618 kB/s)
    (Reading database ... (Reading database ... 5%(Reading database ... 10%(Reading database ... 15%(Reading database ... 20%(Reading database ... 25%(Reading database ... 30%(Reading database ... 35%(Reading database ... 40%(Reading database ... 45%(Reading database ... 50%(Reading database ... 55%(Reading database ... 60%(Reading database ... 65%(Reading database ... 70%(Reading database ... 75%(Reading database ... 80%(Reading database ... 85%(Reading database ... 90%(Reading database ... 95%(Reading database ... 100%(Reading database ... 113593 files and directories currently installed.)
    Preparing to unpack .../kubeadm_1.33.4-1.1_amd64.deb ...
    Unpacking kubeadm (1.33.4-1.1) over (1.32.8-1.1) ...
    Setting up kubeadm (1.33.4-1.1) ...
  stdout_lines: <omitted>
2025-08-19 12:06:16,480 p=37699 u=ollama n=ansible | TASK [Run kubeadm upgrade on worker] *******************************************
2025-08-19 12:06:16,480 p=37699 u=ollama n=ansible | changed: [k8s07] => changed=true 
  cmd:
  - kubeadm
  - upgrade
  - node
  delta: '0:00:00.048569'
  end: '2025-08-19 16:06:16.442739'
  msg: ''
  rc: 0
  start: '2025-08-19 16:06:16.394170'
  stderr: W0819 16:06:16.434978 2761140 postupgrade.go:117] Using temporary directory /etc/kubernetes/tmp/kubeadm-kubelet-config69574855 for kubelet config. To override it set the environment variable KUBEADM_UPGRADE_DRYRUN_DIR
  stderr_lines: <omitted>
  stdout: |-
    [upgrade] Reading configuration from the "kubeadm-config" ConfigMap in namespace "kube-system"...
    [upgrade] Use 'kubeadm init phase upload-config --config your-config-file' to re-upload it.
    [upgrade/preflight] Running pre-flight checks
    [upgrade/preflight] Skipping prepull. Not a control plane node.
    [upgrade/control-plane] Skipping phase. Not a control plane node.
    [upgrade/kubeconfig] Skipping phase. Not a control plane node.
    [upgrade] Backing up kubelet config file to /etc/kubernetes/tmp/kubeadm-kubelet-config69574855/config.yaml
    [kubelet-start] Writing kubelet configuration to file "/var/lib/kubelet/config.yaml"
    [upgrade/kubelet-config] The kubelet configuration for this node was successfully upgraded!
    [upgrade/addon] Skipping the addon/coredns phase. Not a control plane node.
    [upgrade/addon] Skipping the addon/kube-proxy phase. Not a control plane node.
  stdout_lines: <omitted>
2025-08-19 12:06:16,642 p=37699 u=ollama n=ansible | changed: [k8s06] => changed=true 
  cmd:
  - kubeadm
  - upgrade
  - node
  delta: '0:00:00.093279'
  end: '2025-08-19 16:06:16.587236'
  msg: ''
  rc: 0
  start: '2025-08-19 16:06:16.493957'
  stderr: W0819 16:06:16.575685 2008105 postupgrade.go:117] Using temporary directory /etc/kubernetes/tmp/kubeadm-kubelet-config48988097 for kubelet config. To override it set the environment variable KUBEADM_UPGRADE_DRYRUN_DIR
  stderr_lines: <omitted>
  stdout: |-
    [upgrade] Reading configuration from the "kubeadm-config" ConfigMap in namespace "kube-system"...
    [upgrade] Use 'kubeadm init phase upload-config --config your-config-file' to re-upload it.
    [upgrade/preflight] Running pre-flight checks
    [upgrade/preflight] Skipping prepull. Not a control plane node.
    [upgrade/control-plane] Skipping phase. Not a control plane node.
    [upgrade/kubeconfig] Skipping phase. Not a control plane node.
    [upgrade] Backing up kubelet config file to /etc/kubernetes/tmp/kubeadm-kubelet-config48988097/config.yaml
    [kubelet-start] Writing kubelet configuration to file "/var/lib/kubelet/config.yaml"
    [upgrade/kubelet-config] The kubelet configuration for this node was successfully upgraded!
    [upgrade/addon] Skipping the addon/coredns phase. Not a control plane node.
    [upgrade/addon] Skipping the addon/kube-proxy phase. Not a control plane node.
  stdout_lines: <omitted>
2025-08-19 12:06:40,864 p=37699 u=ollama n=ansible | TASK [Upgrade kubelet and kubectl] *********************************************
2025-08-19 12:06:40,865 p=37699 u=ollama n=ansible | changed: [k8s07] => changed=true 
  cache_update_time: 1755618127
  cache_updated: false
  stderr: |-
    debconf: delaying package configuration, since apt-utils is not installed
  
    The processor microcode seems to be up-to-date.
  
    Restarting services...
     systemctl restart kubelet.service
  
    Service restarts being deferred:
     /etc/needrestart/restart.d/dbus.service
     systemctl restart getty@tty1.service
     systemctl restart systemd-logind.service
     systemctl restart unattended-upgrades.service
     systemctl restart wpa_supplicant.service
  
    No containers need to be restarted.
  
    No user sessions are running outdated binaries.
  
    No VM guests are running outdated hypervisor (qemu) binaries on this host.
  stderr_lines: <omitted>
  stdout: |-
    Reading package lists...
    Building dependency tree...
    Reading state information...
    The following packages will be upgraded:
      kubectl kubelet
    2 upgraded, 0 newly installed, 0 to remove and 62 not upgraded.
    Need to get 27.6 MB of archives.
    After this operation, 7094 kB of additional disk space will be used.
    Get:1 https://prod-cdn.packages.k8s.io/repositories/isv:/kubernetes:/core:/stable:/v1.33/deb  kubectl 1.33.4-1.1 [11.7 MB]
    Get:2 https://prod-cdn.packages.k8s.io/repositories/isv:/kubernetes:/core:/stable:/v1.33/deb  kubelet 1.33.4-1.1 [15.9 MB]
    Fetched 27.6 MB in 21s (1343 kB/s)
    (Reading database ... (Reading database ... 5%(Reading database ... 10%(Reading database ... 15%(Reading database ... 20%(Reading database ... 25%(Reading database ... 30%(Reading database ... 35%(Reading database ... 40%(Reading database ... 45%(Reading database ... 50%(Reading database ... 55%(Reading database ... 60%(Reading database ... 65%(Reading database ... 70%(Reading database ... 75%(Reading database ... 80%(Reading database ... 85%(Reading database ... 90%(Reading database ... 95%(Reading database ... 100%(Reading database ... 113593 files and directories currently installed.)
    Preparing to unpack .../kubectl_1.33.4-1.1_amd64.deb ...
    Unpacking kubectl (1.33.4-1.1) over (1.32.8-1.1) ...
    Preparing to unpack .../kubelet_1.33.4-1.1_amd64.deb ...
    Unpacking kubelet (1.33.4-1.1) over (1.32.8-1.1) ...
    Setting up kubectl (1.33.4-1.1) ...
    Setting up kubelet (1.33.4-1.1) ...
  stdout_lines: <omitted>
2025-08-19 12:06:46,294 p=37699 u=ollama n=ansible | changed: [k8s06] => changed=true 
  cache_update_time: 1755618129
  cache_updated: false
  stderr: |-
    debconf: delaying package configuration, since apt-utils is not installed
  
    The processor microcode seems to be up-to-date.
  
    Restarting services...
     systemctl restart kubelet.service
  
    Service restarts being deferred:
     /etc/needrestart/restart.d/dbus.service
     systemctl restart getty@tty1.service
     systemctl restart getty@tty6.service
     systemctl restart systemd-logind.service
     systemctl restart unattended-upgrades.service
     systemctl restart wpa_supplicant.service
  
    No containers need to be restarted.
  
    No user sessions are running outdated binaries.
  
    No VM guests are running outdated hypervisor (qemu) binaries on this host.
  stderr_lines: <omitted>
  stdout: |-
    Reading package lists...
    Building dependency tree...
    Reading state information...
    The following packages will be upgraded:
      kubectl kubelet
    2 upgraded, 0 newly installed, 0 to remove and 62 not upgraded.
    Need to get 27.6 MB of archives.
    After this operation, 7094 kB of additional disk space will be used.
    Get:1 https://prod-cdn.packages.k8s.io/repositories/isv:/kubernetes:/core:/stable:/v1.33/deb  kubectl 1.33.4-1.1 [11.7 MB]
    Get:2 https://prod-cdn.packages.k8s.io/repositories/isv:/kubernetes:/core:/stable:/v1.33/deb  kubelet 1.33.4-1.1 [15.9 MB]
    Fetched 27.6 MB in 21s (1331 kB/s)
    (Reading database ... (Reading database ... 5%(Reading database ... 10%(Reading database ... 15%(Reading database ... 20%(Reading database ... 25%(Reading database ... 30%(Reading database ... 35%(Reading database ... 40%(Reading database ... 45%(Reading database ... 50%(Reading database ... 55%(Reading database ... 60%(Reading database ... 65%(Reading database ... 70%(Reading database ... 75%(Reading database ... 80%(Reading database ... 85%(Reading database ... 90%(Reading database ... 95%(Reading database ... 100%(Reading database ... 113593 files and directories currently installed.)
    Preparing to unpack .../kubectl_1.33.4-1.1_amd64.deb ...
    Unpacking kubectl (1.33.4-1.1) over (1.32.8-1.1) ...
    Preparing to unpack .../kubelet_1.33.4-1.1_amd64.deb ...
    Unpacking kubelet (1.33.4-1.1) over (1.32.8-1.1) ...
    Setting up kubectl (1.33.4-1.1) ...
    Setting up kubelet (1.33.4-1.1) ...
  stdout_lines: <omitted>
2025-08-19 12:06:46,840 p=37699 u=ollama n=ansible | TASK [Restart and enable kubelet] **********************************************
2025-08-19 12:06:46,845 p=37699 u=ollama n=ansible | changed: [k8s07] => changed=true 
  enabled: true
  name: kubelet
  state: started
  status:
    ActiveEnterTimestamp: Tue 2025-08-19 16:06:39 UTC
    ActiveEnterTimestampMonotonic: '3864515976180'
    ActiveExitTimestamp: Tue 2025-08-19 16:06:39 UTC
    ActiveExitTimestampMonotonic: '3864515923148'
    ActiveState: active
    After: sysinit.target network-online.target systemd-journald.socket basic.target system.slice
    AllowIsolate: 'no'
    AssertResult: 'yes'
    AssertTimestamp: Tue 2025-08-19 16:06:39 UTC
    AssertTimestampMonotonic: '3864515958284'
    Before: shutdown.target multi-user.target
    BlockIOAccounting: 'no'
    BlockIOWeight: '[not set]'
    CPUAccounting: 'yes'
    CPUAffinityFromNUMA: 'no'
    CPUQuotaPerSecUSec: infinity
    CPUQuotaPeriodUSec: infinity
    CPUSchedulingPolicy: '0'
    CPUSchedulingPriority: '0'
    CPUSchedulingResetOnFork: 'no'
    CPUShares: '[not set]'
    CPUUsageNSec: '576065000'
    CPUWeight: '[not set]'
    CacheDirectoryMode: '0755'
    CanFreeze: 'yes'
    CanIsolate: 'no'
    CanReload: 'no'
    CanStart: 'yes'
    CanStop: 'yes'
    CapabilityBoundingSet: cap_chown cap_dac_override cap_dac_read_search cap_fowner cap_fsetid cap_kill cap_setgid cap_setuid cap_setpcap cap_linux_immutable cap_net_bind_service cap_net_broadcast cap_net_admin cap_net_raw cap_ipc_lock cap_ipc_owner cap_sys_module cap_sys_rawio cap_sys_chroot cap_sys_ptrace cap_sys_pacct cap_sys_admin cap_sys_boot cap_sys_nice cap_sys_resource cap_sys_time cap_sys_tty_config cap_mknod cap_lease cap_audit_write cap_audit_control cap_setfcap cap_mac_override cap_mac_admin cap_syslog cap_wake_alarm cap_block_suspend cap_audit_read cap_perfmon cap_bpf cap_checkpoint_restore
    CleanResult: success
    CollectMode: inactive
    ConditionResult: 'yes'
    ConditionTimestamp: Tue 2025-08-19 16:06:39 UTC
    ConditionTimestampMonotonic: '3864515958283'
    ConfigurationDirectoryMode: '0755'
    Conflicts: shutdown.target
    ControlGroup: /system.slice/kubelet.service
    ControlGroupId: '4287677'
    ControlPID: '0'
    CoredumpFilter: '0x33'
    CoredumpReceive: 'no'
    DefaultDependencies: 'yes'
    DefaultMemoryLow: '0'
    DefaultMemoryMin: '0'
    DefaultStartupMemoryLow: '0'
    Delegate: 'no'
    Description: 'kubelet: The Kubernetes Node Agent'
    DevicePolicy: auto
    Documentation: https://kubernetes.io/docs/
    DropInPaths: /usr/lib/systemd/system/kubelet.service.d/10-kubeadm.conf
    DynamicUser: 'no'
    EffectiveCPUs: 0-7
    EffectiveMemoryNodes: '0'
    Environment: '"KUBELET_KUBECONFIG_ARGS=--bootstrap-kubeconfig=/etc/kubernetes/bootstrap-kubelet.conf --kubeconfig=/etc/kubernetes/kubelet.conf" KUBELET_CONFIG_ARGS=--config=/var/lib/kubelet/config.yaml'
    EnvironmentFiles: /etc/default/kubelet (ignore_errors=yes)
    ExecMainCode: '0'
    ExecMainExitTimestampMonotonic: '0'
    ExecMainPID: '2761683'
    ExecMainStartTimestamp: Tue 2025-08-19 16:06:39 UTC
    ExecMainStartTimestampMonotonic: '3864515975684'
    ExecMainStatus: '0'
    ExecStart: '{ path=/usr/bin/kubelet ; argv[]=/usr/bin/kubelet $KUBELET_KUBECONFIG_ARGS $KUBELET_CONFIG_ARGS $KUBELET_KUBEADM_ARGS $KUBELET_EXTRA_ARGS ; ignore_errors=no ; start_time=[n/a] ; stop_time=[n/a] ; pid=0 ; code=(null) ; status=0/0 }'
    ExecStartEx: '{ path=/usr/bin/kubelet ; argv[]=/usr/bin/kubelet $KUBELET_KUBECONFIG_ARGS $KUBELET_CONFIG_ARGS $KUBELET_KUBEADM_ARGS $KUBELET_EXTRA_ARGS ; flags= ; start_time=[n/a] ; stop_time=[n/a] ; pid=0 ; code=(null) ; status=0/0 }'
    ExitType: main
    ExtensionImagePolicy: root=verity+signed+encrypted+unprotected+absent:usr=verity+signed+encrypted+unprotected+absent:home=encrypted+unprotected+absent:srv=encrypted+unprotected+absent:tmp=encrypted+unprotected+absent:var=encrypted+unprotected+absent
    FailureAction: none
    FileDescriptorStoreMax: '0'
    FileDescriptorStorePreserve: restart
    FinalKillSignal: '9'
    FragmentPath: /usr/lib/systemd/system/kubelet.service
    FreezerState: running
    GID: '[not set]'
    GuessMainPID: 'yes'
    IOAccounting: 'no'
    IOReadBytes: '[not set]'
    IOReadOperations: '[not set]'
    IOSchedulingClass: '2'
    IOSchedulingPriority: '4'
    IOWeight: '[not set]'
    IOWriteBytes: '[not set]'
    IOWriteOperations: '[not set]'
    IPAccounting: 'no'
    IPEgressBytes: '[no data]'
    IPEgressPackets: '[no data]'
    IPIngressBytes: '[no data]'
    IPIngressPackets: '[no data]'
    Id: kubelet.service
    IgnoreOnIsolate: 'no'
    IgnoreSIGPIPE: 'yes'
    InactiveEnterTimestamp: Tue 2025-08-19 16:06:39 UTC
    InactiveEnterTimestampMonotonic: '3864515957856'
    InactiveExitTimestamp: Tue 2025-08-19 16:06:39 UTC
    InactiveExitTimestampMonotonic: '3864515976180'
    InvocationID: 3ca98293292c4f76ba354d0bfb4283a9
    JobRunningTimeoutUSec: infinity
    JobTimeoutAction: none
    JobTimeoutUSec: infinity
    KeyringMode: private
    KillMode: control-group
    KillSignal: '15'
    LimitAS: infinity
    LimitASSoft: infinity
    LimitCORE: infinity
    LimitCORESoft: '0'
    LimitCPU: infinity
    LimitCPUSoft: infinity
    LimitDATA: infinity
    LimitDATASoft: infinity
    LimitFSIZE: infinity
    LimitFSIZESoft: infinity
    LimitLOCKS: infinity
    LimitLOCKSSoft: infinity
    LimitMEMLOCK: '8388608'
    LimitMEMLOCKSoft: '8388608'
    LimitMSGQUEUE: '819200'
    LimitMSGQUEUESoft: '819200'
    LimitNICE: '0'
    LimitNICESoft: '0'
    LimitNOFILE: '524288'
    LimitNOFILESoft: '1024'
    LimitNPROC: '61975'
    LimitNPROCSoft: '61975'
    LimitRSS: infinity
    LimitRSSSoft: infinity
    LimitRTPRIO: '0'
    LimitRTPRIOSoft: '0'
    LimitRTTIME: infinity
    LimitRTTIMESoft: infinity
    LimitSIGPENDING: '61975'
    LimitSIGPENDINGSoft: '61975'
    LimitSTACK: infinity
    LimitSTACKSoft: '8388608'
    LoadState: loaded
    LockPersonality: 'no'
    LogLevelMax: '-1'
    LogRateLimitBurst: '0'
    LogRateLimitIntervalUSec: '0'
    LogsDirectoryMode: '0755'
    MainPID: '2761683'
    ManagedOOMMemoryPressure: auto
    ManagedOOMMemoryPressureLimit: '0'
    ManagedOOMPreference: none
    ManagedOOMSwap: auto
    MemoryAccounting: 'yes'
    MemoryAvailable: '14518198272'
    MemoryCurrent: '39698432'
    MemoryDenyWriteExecute: 'no'
    MemoryHigh: infinity
    MemoryKSM: 'no'
    MemoryLimit: infinity
    MemoryLow: '0'
    MemoryMax: infinity
    MemoryMin: '0'
    MemoryPeak: '40935424'
    MemoryPressureThresholdUSec: 200ms
    MemoryPressureWatch: auto
    MemorySwapCurrent: '0'
    MemorySwapMax: infinity
    MemorySwapPeak: '0'
    MemoryZSwapCurrent: '0'
    MemoryZSwapMax: infinity
    MountAPIVFS: 'no'
    MountImagePolicy: root=verity+signed+encrypted+unprotected+absent:usr=verity+signed+encrypted+unprotected+absent:home=encrypted+unprotected+absent:srv=encrypted+unprotected+absent:tmp=encrypted+unprotected+absent:var=encrypted+unprotected+absent
    NFileDescriptorStore: '0'
    NRestarts: '0'
    NUMAPolicy: n/a
    Names: kubelet.service
    NeedDaemonReload: 'no'
    Nice: '0'
    NoNewPrivileges: 'no'
    NonBlocking: 'no'
    NotifyAccess: none
    OOMPolicy: stop
    OOMScoreAdjust: '0'
    OnFailureJobMode: replace
    OnSuccessJobMode: fail
    Perpetual: 'no'
    PrivateDevices: 'no'
    PrivateIPC: 'no'
    PrivateMounts: 'no'
    PrivateNetwork: 'no'
    PrivateTmp: 'no'
    PrivateUsers: 'no'
    ProcSubset: all
    ProtectClock: 'no'
    ProtectControlGroups: 'no'
    ProtectHome: 'no'
    ProtectHostname: 'no'
    ProtectKernelLogs: 'no'
    ProtectKernelModules: 'no'
    ProtectKernelTunables: 'no'
    ProtectProc: default
    ProtectSystem: 'no'
    RefuseManualStart: 'no'
    RefuseManualStop: 'no'
    ReloadResult: success
    ReloadSignal: '1'
    RemainAfterExit: 'no'
    RemoveIPC: 'no'
    Requires: sysinit.target system.slice
    Restart: always
    RestartKillSignal: '15'
    RestartMaxDelayUSec: infinity
    RestartMode: normal
    RestartSteps: '0'
    RestartUSec: 10s
    RestartUSecNext: 10s
    RestrictNamespaces: 'no'
    RestrictRealtime: 'no'
    RestrictSUIDSGID: 'no'
    Result: success
    RootDirectoryStartOnly: 'no'
    RootEphemeral: 'no'
    RootImagePolicy: root=verity+signed+encrypted+unprotected+absent:usr=verity+signed+encrypted+unprotected+absent:home=encrypted+unprotected+absent:srv=encrypted+unprotected+absent:tmp=encrypted+unprotected+absent:var=encrypted+unprotected+absent
    RuntimeDirectoryMode: '0755'
    RuntimeDirectoryPreserve: 'no'
    RuntimeMaxUSec: infinity
    RuntimeRandomizedExtraUSec: '0'
    SameProcessGroup: 'no'
    SecureBits: '0'
    SendSIGHUP: 'no'
    SendSIGKILL: 'yes'
    SetLoginEnvironment: 'no'
    Slice: system.slice
    StandardError: inherit
    StandardInput: 'null'
    StandardOutput: journal
    StartLimitAction: none
    StartLimitBurst: '5'
    StartLimitIntervalUSec: '0'
    StartupBlockIOWeight: '[not set]'
    StartupCPUShares: '[not set]'
    StartupCPUWeight: '[not set]'
    StartupIOWeight: '[not set]'
    StartupMemoryHigh: infinity
    StartupMemoryLow: '0'
    StartupMemoryMax: infinity
    StartupMemorySwapMax: infinity
    StartupMemoryZSwapMax: infinity
    StateChangeTimestamp: Tue 2025-08-19 16:06:39 UTC
    StateChangeTimestampMonotonic: '3864515976180'
    StateDirectoryMode: '0755'
    StatusErrno: '0'
    StopWhenUnneeded: 'no'
    SubState: running
    SuccessAction: none
    SurviveFinalKillSignal: 'no'
    SyslogFacility: '3'
    SyslogLevel: '6'
    SyslogLevelPrefix: 'yes'
    SyslogPriority: '30'
    SystemCallErrorNumber: '2147483646'
    TTYReset: 'no'
    TTYVHangup: 'no'
    TTYVTDisallocate: 'no'
    TasksAccounting: 'yes'
    TasksCurrent: '16'
    TasksMax: '18592'
    TimeoutAbortUSec: 1min 30s
    TimeoutCleanUSec: infinity
    TimeoutStartFailureMode: terminate
    TimeoutStartUSec: 1min 30s
    TimeoutStopFailureMode: terminate
    TimeoutStopUSec: 1min 30s
    TimerSlackNSec: '50000'
    Transient: 'no'
    Type: simple
    UID: '[not set]'
    UMask: '0022'
    UnitFilePreset: enabled
    UnitFileState: enabled
    UtmpMode: init
    WantedBy: multi-user.target
    Wants: network-online.target
    WatchdogSignal: '6'
    WatchdogTimestampMonotonic: '0'
    WatchdogUSec: '0'
2025-08-19 12:06:47,572 p=37699 u=ollama n=ansible | changed: [k8s06] => changed=true 
  enabled: true
  name: kubelet
  state: started
  status:
    ActiveEnterTimestamp: Tue 2025-08-19 16:06:45 UTC
    ActiveEnterTimestampMonotonic: '3867267653752'
    ActiveExitTimestamp: Tue 2025-08-19 16:06:45 UTC
    ActiveExitTimestampMonotonic: '3867267593792'
    ActiveState: active
    After: network-online.target basic.target system.slice systemd-journald.socket sysinit.target
    AllowIsolate: 'no'
    AssertResult: 'yes'
    AssertTimestamp: Tue 2025-08-19 16:06:45 UTC
    AssertTimestampMonotonic: '3867267645674'
    Before: multi-user.target shutdown.target
    BlockIOAccounting: 'no'
    BlockIOWeight: '[not set]'
    CPUAccounting: 'yes'
    CPUAffinityFromNUMA: 'no'
    CPUQuotaPerSecUSec: infinity
    CPUQuotaPeriodUSec: infinity
    CPUSchedulingPolicy: '0'
    CPUSchedulingPriority: '0'
    CPUSchedulingResetOnFork: 'no'
    CPUShares: '[not set]'
    CPUUsageNSec: '664622000'
    CPUWeight: '[not set]'
    CacheDirectoryMode: '0755'
    CanFreeze: 'yes'
    CanIsolate: 'no'
    CanReload: 'no'
    CanStart: 'yes'
    CanStop: 'yes'
    CapabilityBoundingSet: cap_chown cap_dac_override cap_dac_read_search cap_fowner cap_fsetid cap_kill cap_setgid cap_setuid cap_setpcap cap_linux_immutable cap_net_bind_service cap_net_broadcast cap_net_admin cap_net_raw cap_ipc_lock cap_ipc_owner cap_sys_module cap_sys_rawio cap_sys_chroot cap_sys_ptrace cap_sys_pacct cap_sys_admin cap_sys_boot cap_sys_nice cap_sys_resource cap_sys_time cap_sys_tty_config cap_mknod cap_lease cap_audit_write cap_audit_control cap_setfcap cap_mac_override cap_mac_admin cap_syslog cap_wake_alarm cap_block_suspend cap_audit_read cap_perfmon cap_bpf cap_checkpoint_restore
    CleanResult: success
    CollectMode: inactive
    ConditionResult: 'yes'
    ConditionTimestamp: Tue 2025-08-19 16:06:45 UTC
    ConditionTimestampMonotonic: '3867267645671'
    ConfigurationDirectoryMode: '0755'
    Conflicts: shutdown.target
    ControlGroup: /system.slice/kubelet.service
    ControlGroupId: '486577'
    ControlPID: '0'
    CoredumpFilter: '0x33'
    CoredumpReceive: 'no'
    DefaultDependencies: 'yes'
    DefaultMemoryLow: '0'
    DefaultMemoryMin: '0'
    DefaultStartupMemoryLow: '0'
    Delegate: 'no'
    Description: 'kubelet: The Kubernetes Node Agent'
    DevicePolicy: auto
    Documentation: https://kubernetes.io/docs/
    DropInPaths: /usr/lib/systemd/system/kubelet.service.d/10-kubeadm.conf
    DynamicUser: 'no'
    EffectiveCPUs: 0-3
    EffectiveMemoryNodes: '0'
    Environment: '"KUBELET_KUBECONFIG_ARGS=--bootstrap-kubeconfig=/etc/kubernetes/bootstrap-kubelet.conf --kubeconfig=/etc/kubernetes/kubelet.conf" KUBELET_CONFIG_ARGS=--config=/var/lib/kubelet/config.yaml'
    EnvironmentFiles: /etc/default/kubelet (ignore_errors=yes)
    ExecMainCode: '0'
    ExecMainExitTimestampMonotonic: '0'
    ExecMainPID: '2008710'
    ExecMainStartTimestamp: Tue 2025-08-19 16:06:45 UTC
    ExecMainStartTimestampMonotonic: '3867267653285'
    ExecMainStatus: '0'
    ExecStart: '{ path=/usr/bin/kubelet ; argv[]=/usr/bin/kubelet $KUBELET_KUBECONFIG_ARGS $KUBELET_CONFIG_ARGS $KUBELET_KUBEADM_ARGS $KUBELET_EXTRA_ARGS ; ignore_errors=no ; start_time=[n/a] ; stop_time=[n/a] ; pid=0 ; code=(null) ; status=0/0 }'
    ExecStartEx: '{ path=/usr/bin/kubelet ; argv[]=/usr/bin/kubelet $KUBELET_KUBECONFIG_ARGS $KUBELET_CONFIG_ARGS $KUBELET_KUBEADM_ARGS $KUBELET_EXTRA_ARGS ; flags= ; start_time=[n/a] ; stop_time=[n/a] ; pid=0 ; code=(null) ; status=0/0 }'
    ExitType: main
    ExtensionImagePolicy: root=verity+signed+encrypted+unprotected+absent:usr=verity+signed+encrypted+unprotected+absent:home=encrypted+unprotected+absent:srv=encrypted+unprotected+absent:tmp=encrypted+unprotected+absent:var=encrypted+unprotected+absent
    FailureAction: none
    FileDescriptorStoreMax: '0'
    FileDescriptorStorePreserve: restart
    FinalKillSignal: '9'
    FragmentPath: /usr/lib/systemd/system/kubelet.service
    FreezerState: running
    GID: '[not set]'
    GuessMainPID: 'yes'
    IOAccounting: 'no'
    IOReadBytes: '[not set]'
    IOReadOperations: '[not set]'
    IOSchedulingClass: '2'
    IOSchedulingPriority: '4'
    IOWeight: '[not set]'
    IOWriteBytes: '[not set]'
    IOWriteOperations: '[not set]'
    IPAccounting: 'no'
    IPEgressBytes: '[no data]'
    IPEgressPackets: '[no data]'
    IPIngressBytes: '[no data]'
    IPIngressPackets: '[no data]'
    Id: kubelet.service
    IgnoreOnIsolate: 'no'
    IgnoreSIGPIPE: 'yes'
    InactiveEnterTimestamp: Tue 2025-08-19 16:06:45 UTC
    InactiveEnterTimestampMonotonic: '3867267644859'
    InactiveExitTimestamp: Tue 2025-08-19 16:06:45 UTC
    InactiveExitTimestampMonotonic: '3867267653752'
    InvocationID: 954b5fc47b914cc48ff13ca731bdfd79
    JobRunningTimeoutUSec: infinity
    JobTimeoutAction: none
    JobTimeoutUSec: infinity
    KeyringMode: private
    KillMode: control-group
    KillSignal: '15'
    LimitAS: infinity
    LimitASSoft: infinity
    LimitCORE: infinity
    LimitCORESoft: '0'
    LimitCPU: infinity
    LimitCPUSoft: infinity
    LimitDATA: infinity
    LimitDATASoft: infinity
    LimitFSIZE: infinity
    LimitFSIZESoft: infinity
    LimitLOCKS: infinity
    LimitLOCKSSoft: infinity
    LimitMEMLOCK: '8388608'
    LimitMEMLOCKSoft: '8388608'
    LimitMSGQUEUE: '819200'
    LimitMSGQUEUESoft: '819200'
    LimitNICE: '0'
    LimitNICESoft: '0'
    LimitNOFILE: '524288'
    LimitNOFILESoft: '1024'
    LimitNPROC: '30353'
    LimitNPROCSoft: '30353'
    LimitRSS: infinity
    LimitRSSSoft: infinity
    LimitRTPRIO: '0'
    LimitRTPRIOSoft: '0'
    LimitRTTIME: infinity
    LimitRTTIMESoft: infinity
    LimitSIGPENDING: '30353'
    LimitSIGPENDINGSoft: '30353'
    LimitSTACK: infinity
    LimitSTACKSoft: '8388608'
    LoadState: loaded
    LockPersonality: 'no'
    LogLevelMax: '-1'
    LogRateLimitBurst: '0'
    LogRateLimitIntervalUSec: '0'
    LogsDirectoryMode: '0755'
    MainPID: '2008710'
    ManagedOOMMemoryPressure: auto
    ManagedOOMMemoryPressureLimit: '0'
    ManagedOOMPreference: none
    ManagedOOMSwap: auto
    MemoryAccounting: 'yes'
    MemoryAvailable: '6572642304'
    MemoryCurrent: '34521088'
    MemoryDenyWriteExecute: 'no'
    MemoryHigh: infinity
    MemoryKSM: 'no'
    MemoryLimit: infinity
    MemoryLow: '0'
    MemoryMax: infinity
    MemoryMin: '0'
    MemoryPeak: '35168256'
    MemoryPressureThresholdUSec: 200ms
    MemoryPressureWatch: auto
    MemorySwapCurrent: '0'
    MemorySwapMax: infinity
    MemorySwapPeak: '0'
    MemoryZSwapCurrent: '0'
    MemoryZSwapMax: infinity
    MountAPIVFS: 'no'
    MountImagePolicy: root=verity+signed+encrypted+unprotected+absent:usr=verity+signed+encrypted+unprotected+absent:home=encrypted+unprotected+absent:srv=encrypted+unprotected+absent:tmp=encrypted+unprotected+absent:var=encrypted+unprotected+absent
    NFileDescriptorStore: '0'
    NRestarts: '0'
    NUMAPolicy: n/a
    Names: kubelet.service
    NeedDaemonReload: 'no'
    Nice: '0'
    NoNewPrivileges: 'no'
    NonBlocking: 'no'
    NotifyAccess: none
    OOMPolicy: stop
    OOMScoreAdjust: '0'
    OnFailureJobMode: replace
    OnSuccessJobMode: fail
    Perpetual: 'no'
    PrivateDevices: 'no'
    PrivateIPC: 'no'
    PrivateMounts: 'no'
    PrivateNetwork: 'no'
    PrivateTmp: 'no'
    PrivateUsers: 'no'
    ProcSubset: all
    ProtectClock: 'no'
    ProtectControlGroups: 'no'
    ProtectHome: 'no'
    ProtectHostname: 'no'
    ProtectKernelLogs: 'no'
    ProtectKernelModules: 'no'
    ProtectKernelTunables: 'no'
    ProtectProc: default
    ProtectSystem: 'no'
    RefuseManualStart: 'no'
    RefuseManualStop: 'no'
    ReloadResult: success
    ReloadSignal: '1'
    RemainAfterExit: 'no'
    RemoveIPC: 'no'
    Requires: system.slice sysinit.target
    Restart: always
    RestartKillSignal: '15'
    RestartMaxDelayUSec: infinity
    RestartMode: normal
    RestartSteps: '0'
    RestartUSec: 10s
    RestartUSecNext: 10s
    RestrictNamespaces: 'no'
    RestrictRealtime: 'no'
    RestrictSUIDSGID: 'no'
    Result: success
    RootDirectoryStartOnly: 'no'
    RootEphemeral: 'no'
    RootImagePolicy: root=verity+signed+encrypted+unprotected+absent:usr=verity+signed+encrypted+unprotected+absent:home=encrypted+unprotected+absent:srv=encrypted+unprotected+absent:tmp=encrypted+unprotected+absent:var=encrypted+unprotected+absent
    RuntimeDirectoryMode: '0755'
    RuntimeDirectoryPreserve: 'no'
    RuntimeMaxUSec: infinity
    RuntimeRandomizedExtraUSec: '0'
    SameProcessGroup: 'no'
    SecureBits: '0'
    SendSIGHUP: 'no'
    SendSIGKILL: 'yes'
    SetLoginEnvironment: 'no'
    Slice: system.slice
    StandardError: inherit
    StandardInput: 'null'
    StandardOutput: journal
    StartLimitAction: none
    StartLimitBurst: '5'
    StartLimitIntervalUSec: '0'
    StartupBlockIOWeight: '[not set]'
    StartupCPUShares: '[not set]'
    StartupCPUWeight: '[not set]'
    StartupIOWeight: '[not set]'
    StartupMemoryHigh: infinity
    StartupMemoryLow: '0'
    StartupMemoryMax: infinity
    StartupMemorySwapMax: infinity
    StartupMemoryZSwapMax: infinity
    StateChangeTimestamp: Tue 2025-08-19 16:06:45 UTC
    StateChangeTimestampMonotonic: '3867267653752'
    StateDirectoryMode: '0755'
    StatusErrno: '0'
    StopWhenUnneeded: 'no'
    SubState: running
    SuccessAction: none
    SurviveFinalKillSignal: 'no'
    SyslogFacility: '3'
    SyslogLevel: '6'
    SyslogLevelPrefix: 'yes'
    SyslogPriority: '30'
    SystemCallErrorNumber: '2147483646'
    TTYReset: 'no'
    TTYVHangup: 'no'
    TTYVTDisallocate: 'no'
    TasksAccounting: 'yes'
    TasksCurrent: '13'
    TasksMax: '9106'
    TimeoutAbortUSec: 1min 30s
    TimeoutCleanUSec: infinity
    TimeoutStartFailureMode: terminate
    TimeoutStartUSec: 1min 30s
    TimeoutStopFailureMode: terminate
    TimeoutStopUSec: 1min 30s
    TimerSlackNSec: '50000'
    Transient: 'no'
    Type: simple
    UID: '[not set]'
    UMask: '0022'
    UnitFilePreset: enabled
    UnitFileState: enabled
    UtmpMode: init
    WantedBy: multi-user.target
    Wants: network-online.target
    WatchdogSignal: '6'
    WatchdogTimestampMonotonic: '0'
    WatchdogUSec: '0'
2025-08-19 12:06:58,027 p=37699 u=ollama n=ansible | TASK [Wait for kubelet to be healthy] ******************************************
2025-08-19 12:06:58,028 p=37699 u=ollama n=ansible | ok: [k8s07] => changed=false 
  elapsed: 10
  match_groupdict: {}
  match_groups: []
  path: null
  port: 10250
  search_regex: null
  state: started
2025-08-19 12:06:58,245 p=37699 u=ollama n=ansible | ok: [k8s06] => changed=false 
  elapsed: 10
  match_groupdict: {}
  match_groups: []
  path: null
  port: 10250
  search_regex: null
  state: started
2025-08-19 12:06:58,544 p=37699 u=ollama n=ansible | TASK [Verify kubelet is running] ***********************************************
2025-08-19 12:06:58,546 p=37699 u=ollama n=ansible | ok: [k8s07] => changed=false 
  attempts: 1
  name: kubelet
  state: started
  status:
    ActiveEnterTimestamp: Tue 2025-08-19 16:06:46 UTC
    ActiveEnterTimestampMonotonic: '3864522852768'
    ActiveExitTimestamp: Tue 2025-08-19 16:06:46 UTC
    ActiveExitTimestampMonotonic: '3864522815500'
    ActiveState: active
    After: sysinit.target network-online.target systemd-journald.socket basic.target system.slice
    AllowIsolate: 'no'
    AssertResult: 'yes'
    AssertTimestamp: Tue 2025-08-19 16:06:46 UTC
    AssertTimestampMonotonic: '3864522838692'
    Before: shutdown.target multi-user.target
    BlockIOAccounting: 'no'
    BlockIOWeight: '[not set]'
    CPUAccounting: 'yes'
    CPUAffinityFromNUMA: 'no'
    CPUQuotaPerSecUSec: infinity
    CPUQuotaPeriodUSec: infinity
    CPUSchedulingPolicy: '0'
    CPUSchedulingPriority: '0'
    CPUSchedulingResetOnFork: 'no'
    CPUShares: '[not set]'
    CPUUsageNSec: '674962000'
    CPUWeight: '[not set]'
    CacheDirectoryMode: '0755'
    CanFreeze: 'yes'
    CanIsolate: 'no'
    CanReload: 'no'
    CanStart: 'yes'
    CanStop: 'yes'
    CapabilityBoundingSet: cap_chown cap_dac_override cap_dac_read_search cap_fowner cap_fsetid cap_kill cap_setgid cap_setuid cap_setpcap cap_linux_immutable cap_net_bind_service cap_net_broadcast cap_net_admin cap_net_raw cap_ipc_lock cap_ipc_owner cap_sys_module cap_sys_rawio cap_sys_chroot cap_sys_ptrace cap_sys_pacct cap_sys_admin cap_sys_boot cap_sys_nice cap_sys_resource cap_sys_time cap_sys_tty_config cap_mknod cap_lease cap_audit_write cap_audit_control cap_setfcap cap_mac_override cap_mac_admin cap_syslog cap_wake_alarm cap_block_suspend cap_audit_read cap_perfmon cap_bpf cap_checkpoint_restore
    CleanResult: success
    CollectMode: inactive
    ConditionResult: 'yes'
    ConditionTimestamp: Tue 2025-08-19 16:06:46 UTC
    ConditionTimestampMonotonic: '3864522838689'
    ConfigurationDirectoryMode: '0755'
    Conflicts: shutdown.target
    ControlGroup: /system.slice/kubelet.service
    ControlGroupId: '4288375'
    ControlPID: '0'
    CoredumpFilter: '0x33'
    CoredumpReceive: 'no'
    DefaultDependencies: 'yes'
    DefaultMemoryLow: '0'
    DefaultMemoryMin: '0'
    DefaultStartupMemoryLow: '0'
    Delegate: 'no'
    Description: 'kubelet: The Kubernetes Node Agent'
    DevicePolicy: auto
    Documentation: https://kubernetes.io/docs/
    DropInPaths: /usr/lib/systemd/system/kubelet.service.d/10-kubeadm.conf
    DynamicUser: 'no'
    EffectiveCPUs: 0-7
    EffectiveMemoryNodes: '0'
    Environment: '"KUBELET_KUBECONFIG_ARGS=--bootstrap-kubeconfig=/etc/kubernetes/bootstrap-kubelet.conf --kubeconfig=/etc/kubernetes/kubelet.conf" KUBELET_CONFIG_ARGS=--config=/var/lib/kubelet/config.yaml'
    EnvironmentFiles: /etc/default/kubelet (ignore_errors=yes)
    ExecMainCode: '0'
    ExecMainExitTimestampMonotonic: '0'
    ExecMainPID: '2762583'
    ExecMainStartTimestamp: Tue 2025-08-19 16:06:46 UTC
    ExecMainStartTimestampMonotonic: '3864522852406'
    ExecMainStatus: '0'
    ExecStart: '{ path=/usr/bin/kubelet ; argv[]=/usr/bin/kubelet $KUBELET_KUBECONFIG_ARGS $KUBELET_CONFIG_ARGS $KUBELET_KUBEADM_ARGS $KUBELET_EXTRA_ARGS ; ignore_errors=no ; start_time=[Tue 2025-08-19 16:06:46 UTC] ; stop_time=[n/a] ; pid=2762583 ; code=(null) ; status=0/0 }'
    ExecStartEx: '{ path=/usr/bin/kubelet ; argv[]=/usr/bin/kubelet $KUBELET_KUBECONFIG_ARGS $KUBELET_CONFIG_ARGS $KUBELET_KUBEADM_ARGS $KUBELET_EXTRA_ARGS ; flags= ; start_time=[Tue 2025-08-19 16:06:46 UTC] ; stop_time=[n/a] ; pid=2762583 ; code=(null) ; status=0/0 }'
    ExitType: main
    ExtensionImagePolicy: root=verity+signed+encrypted+unprotected+absent:usr=verity+signed+encrypted+unprotected+absent:home=encrypted+unprotected+absent:srv=encrypted+unprotected+absent:tmp=encrypted+unprotected+absent:var=encrypted+unprotected+absent
    FailureAction: none
    FileDescriptorStoreMax: '0'
    FileDescriptorStorePreserve: restart
    FinalKillSignal: '9'
    FragmentPath: /usr/lib/systemd/system/kubelet.service
    FreezerState: running
    GID: '[not set]'
    GuessMainPID: 'yes'
    IOAccounting: 'no'
    IOReadBytes: '[not set]'
    IOReadOperations: '[not set]'
    IOSchedulingClass: '2'
    IOSchedulingPriority: '4'
    IOWeight: '[not set]'
    IOWriteBytes: '[not set]'
    IOWriteOperations: '[not set]'
    IPAccounting: 'no'
    IPEgressBytes: '[no data]'
    IPEgressPackets: '[no data]'
    IPIngressBytes: '[no data]'
    IPIngressPackets: '[no data]'
    Id: kubelet.service
    IgnoreOnIsolate: 'no'
    IgnoreSIGPIPE: 'yes'
    InactiveEnterTimestamp: Tue 2025-08-19 16:06:46 UTC
    InactiveEnterTimestampMonotonic: '3864522837730'
    InactiveExitTimestamp: Tue 2025-08-19 16:06:46 UTC
    InactiveExitTimestampMonotonic: '3864522852768'
    InvocationID: 1833e194cb50468796ab3c63da1253c4
    JobRunningTimeoutUSec: infinity
    JobTimeoutAction: none
    JobTimeoutUSec: infinity
    KeyringMode: private
    KillMode: control-group
    KillSignal: '15'
    LimitAS: infinity
    LimitASSoft: infinity
    LimitCORE: infinity
    LimitCORESoft: '0'
    LimitCPU: infinity
    LimitCPUSoft: infinity
    LimitDATA: infinity
    LimitDATASoft: infinity
    LimitFSIZE: infinity
    LimitFSIZESoft: infinity
    LimitLOCKS: infinity
    LimitLOCKSSoft: infinity
    LimitMEMLOCK: '8388608'
    LimitMEMLOCKSoft: '8388608'
    LimitMSGQUEUE: '819200'
    LimitMSGQUEUESoft: '819200'
    LimitNICE: '0'
    LimitNICESoft: '0'
    LimitNOFILE: '524288'
    LimitNOFILESoft: '1024'
    LimitNPROC: '61975'
    LimitNPROCSoft: '61975'
    LimitRSS: infinity
    LimitRSSSoft: infinity
    LimitRTPRIO: '0'
    LimitRTPRIOSoft: '0'
    LimitRTTIME: infinity
    LimitRTTIMESoft: infinity
    LimitSIGPENDING: '61975'
    LimitSIGPENDINGSoft: '61975'
    LimitSTACK: infinity
    LimitSTACKSoft: '8388608'
    LoadState: loaded
    LockPersonality: 'no'
    LogLevelMax: '-1'
    LogRateLimitBurst: '0'
    LogRateLimitIntervalUSec: '0'
    LogsDirectoryMode: '0755'
    MainPID: '2762583'
    ManagedOOMMemoryPressure: auto
    ManagedOOMMemoryPressureLimit: '0'
    ManagedOOMPreference: none
    ManagedOOMSwap: auto
    MemoryAccounting: 'yes'
    MemoryAvailable: '14485331968'
    MemoryCurrent: '37171200'
    MemoryDenyWriteExecute: 'no'
    MemoryHigh: infinity
    MemoryKSM: 'no'
    MemoryLimit: infinity
    MemoryLow: '0'
    MemoryMax: infinity
    MemoryMin: '0'
    MemoryPeak: '38252544'
    MemoryPressureThresholdUSec: 200ms
    MemoryPressureWatch: auto
    MemorySwapCurrent: '0'
    MemorySwapMax: infinity
    MemorySwapPeak: '0'
    MemoryZSwapCurrent: '0'
    MemoryZSwapMax: infinity
    MountAPIVFS: 'no'
    MountImagePolicy: root=verity+signed+encrypted+unprotected+absent:usr=verity+signed+encrypted+unprotected+absent:home=encrypted+unprotected+absent:srv=encrypted+unprotected+absent:tmp=encrypted+unprotected+absent:var=encrypted+unprotected+absent
    NFileDescriptorStore: '0'
    NRestarts: '0'
    NUMAPolicy: n/a
    Names: kubelet.service
    NeedDaemonReload: 'no'
    Nice: '0'
    NoNewPrivileges: 'no'
    NonBlocking: 'no'
    NotifyAccess: none
    OOMPolicy: stop
    OOMScoreAdjust: '0'
    OnFailureJobMode: replace
    OnSuccessJobMode: fail
    Perpetual: 'no'
    PrivateDevices: 'no'
    PrivateIPC: 'no'
    PrivateMounts: 'no'
    PrivateNetwork: 'no'
    PrivateTmp: 'no'
    PrivateUsers: 'no'
    ProcSubset: all
    ProtectClock: 'no'
    ProtectControlGroups: 'no'
    ProtectHome: 'no'
    ProtectHostname: 'no'
    ProtectKernelLogs: 'no'
    ProtectKernelModules: 'no'
    ProtectKernelTunables: 'no'
    ProtectProc: default
    ProtectSystem: 'no'
    RefuseManualStart: 'no'
    RefuseManualStop: 'no'
    ReloadResult: success
    ReloadSignal: '1'
    RemainAfterExit: 'no'
    RemoveIPC: 'no'
    Requires: sysinit.target system.slice
    Restart: always
    RestartKillSignal: '15'
    RestartMaxDelayUSec: infinity
    RestartMode: normal
    RestartSteps: '0'
    RestartUSec: 10s
    RestartUSecNext: 10s
    RestrictNamespaces: 'no'
    RestrictRealtime: 'no'
    RestrictSUIDSGID: 'no'
    Result: success
    RootDirectoryStartOnly: 'no'
    RootEphemeral: 'no'
    RootImagePolicy: root=verity+signed+encrypted+unprotected+absent:usr=verity+signed+encrypted+unprotected+absent:home=encrypted+unprotected+absent:srv=encrypted+unprotected+absent:tmp=encrypted+unprotected+absent:var=encrypted+unprotected+absent
    RuntimeDirectoryMode: '0755'
    RuntimeDirectoryPreserve: 'no'
    RuntimeMaxUSec: infinity
    RuntimeRandomizedExtraUSec: '0'
    SameProcessGroup: 'no'
    SecureBits: '0'
    SendSIGHUP: 'no'
    SendSIGKILL: 'yes'
    SetLoginEnvironment: 'no'
    Slice: system.slice
    StandardError: inherit
    StandardInput: 'null'
    StandardOutput: journal
    StartLimitAction: none
    StartLimitBurst: '5'
    StartLimitIntervalUSec: '0'
    StartupBlockIOWeight: '[not set]'
    StartupCPUShares: '[not set]'
    StartupCPUWeight: '[not set]'
    StartupIOWeight: '[not set]'
    StartupMemoryHigh: infinity
    StartupMemoryLow: '0'
    StartupMemoryMax: infinity
    StartupMemorySwapMax: infinity
    StartupMemoryZSwapMax: infinity
    StateChangeTimestamp: Tue 2025-08-19 16:06:46 UTC
    StateChangeTimestampMonotonic: '3864522852768'
    StateDirectoryMode: '0755'
    StatusErrno: '0'
    StopWhenUnneeded: 'no'
    SubState: running
    SuccessAction: none
    SurviveFinalKillSignal: 'no'
    SyslogFacility: '3'
    SyslogLevel: '6'
    SyslogLevelPrefix: 'yes'
    SyslogPriority: '30'
    SystemCallErrorNumber: '2147483646'
    TTYReset: 'no'
    TTYVHangup: 'no'
    TTYVTDisallocate: 'no'
    TasksAccounting: 'yes'
    TasksCurrent: '15'
    TasksMax: '18592'
    TimeoutAbortUSec: 1min 30s
    TimeoutCleanUSec: infinity
    TimeoutStartFailureMode: terminate
    TimeoutStartUSec: 1min 30s
    TimeoutStopFailureMode: terminate
    TimeoutStopUSec: 1min 30s
    TimerSlackNSec: '50000'
    Transient: 'no'
    Type: simple
    UID: '[not set]'
    UMask: '0022'
    UnitFilePreset: enabled
    UnitFileState: enabled
    UtmpMode: init
    WantedBy: multi-user.target
    Wants: network-online.target
    WatchdogSignal: '6'
    WatchdogTimestampMonotonic: '0'
    WatchdogUSec: '0'
2025-08-19 12:06:58,773 p=37699 u=ollama n=ansible | ok: [k8s06] => changed=false 
  attempts: 1
  name: kubelet
  state: started
  status:
    ActiveEnterTimestamp: Tue 2025-08-19 16:06:47 UTC
    ActiveEnterTimestampMonotonic: '3867269391738'
    ActiveExitTimestamp: Tue 2025-08-19 16:06:47 UTC
    ActiveExitTimestampMonotonic: '3867269350361'
    ActiveState: active
    After: network-online.target basic.target system.slice systemd-journald.socket sysinit.target
    AllowIsolate: 'no'
    AssertResult: 'yes'
    AssertTimestamp: Tue 2025-08-19 16:06:47 UTC
    AssertTimestampMonotonic: '3867269373573'
    Before: multi-user.target shutdown.target
    BlockIOAccounting: 'no'
    BlockIOWeight: '[not set]'
    CPUAccounting: 'yes'
    CPUAffinityFromNUMA: 'no'
    CPUQuotaPerSecUSec: infinity
    CPUQuotaPeriodUSec: infinity
    CPUSchedulingPolicy: '0'
    CPUSchedulingPriority: '0'
    CPUSchedulingResetOnFork: 'no'
    CPUShares: '[not set]'
    CPUUsageNSec: '1639323000'
    CPUWeight: '[not set]'
    CacheDirectoryMode: '0755'
    CanFreeze: 'yes'
    CanIsolate: 'no'
    CanReload: 'no'
    CanStart: 'yes'
    CanStop: 'yes'
    CapabilityBoundingSet: cap_chown cap_dac_override cap_dac_read_search cap_fowner cap_fsetid cap_kill cap_setgid cap_setuid cap_setpcap cap_linux_immutable cap_net_bind_service cap_net_broadcast cap_net_admin cap_net_raw cap_ipc_lock cap_ipc_owner cap_sys_module cap_sys_rawio cap_sys_chroot cap_sys_ptrace cap_sys_pacct cap_sys_admin cap_sys_boot cap_sys_nice cap_sys_resource cap_sys_time cap_sys_tty_config cap_mknod cap_lease cap_audit_write cap_audit_control cap_setfcap cap_mac_override cap_mac_admin cap_syslog cap_wake_alarm cap_block_suspend cap_audit_read cap_perfmon cap_bpf cap_checkpoint_restore
    CleanResult: success
    CollectMode: inactive
    ConditionResult: 'yes'
    ConditionTimestamp: Tue 2025-08-19 16:06:47 UTC
    ConditionTimestampMonotonic: '3867269373549'
    ConfigurationDirectoryMode: '0755'
    Conflicts: shutdown.target
    ControlGroup: /system.slice/kubelet.service
    ControlGroupId: '486638'
    ControlPID: '0'
    CoredumpFilter: '0x33'
    CoredumpReceive: 'no'
    DefaultDependencies: 'yes'
    DefaultMemoryLow: '0'
    DefaultMemoryMin: '0'
    DefaultStartupMemoryLow: '0'
    Delegate: 'no'
    Description: 'kubelet: The Kubernetes Node Agent'
    DevicePolicy: auto
    Documentation: https://kubernetes.io/docs/
    DropInPaths: /usr/lib/systemd/system/kubelet.service.d/10-kubeadm.conf
    DynamicUser: 'no'
    EffectiveCPUs: 0-3
    EffectiveMemoryNodes: '0'
    Environment: '"KUBELET_KUBECONFIG_ARGS=--bootstrap-kubeconfig=/etc/kubernetes/bootstrap-kubelet.conf --kubeconfig=/etc/kubernetes/kubelet.conf" KUBELET_CONFIG_ARGS=--config=/var/lib/kubelet/config.yaml'
    EnvironmentFiles: /etc/default/kubelet (ignore_errors=yes)
    ExecMainCode: '0'
    ExecMainExitTimestampMonotonic: '0'
    ExecMainPID: '2008862'
    ExecMainStartTimestamp: Tue 2025-08-19 16:06:47 UTC
    ExecMainStartTimestampMonotonic: '3867269391308'
    ExecMainStatus: '0'
    ExecStart: '{ path=/usr/bin/kubelet ; argv[]=/usr/bin/kubelet $KUBELET_KUBECONFIG_ARGS $KUBELET_CONFIG_ARGS $KUBELET_KUBEADM_ARGS $KUBELET_EXTRA_ARGS ; ignore_errors=no ; start_time=[Tue 2025-08-19 16:06:47 UTC] ; stop_time=[n/a] ; pid=2008862 ; code=(null) ; status=0/0 }'
    ExecStartEx: '{ path=/usr/bin/kubelet ; argv[]=/usr/bin/kubelet $KUBELET_KUBECONFIG_ARGS $KUBELET_CONFIG_ARGS $KUBELET_KUBEADM_ARGS $KUBELET_EXTRA_ARGS ; flags= ; start_time=[Tue 2025-08-19 16:06:47 UTC] ; stop_time=[n/a] ; pid=2008862 ; code=(null) ; status=0/0 }'
    ExitType: main
    ExtensionImagePolicy: root=verity+signed+encrypted+unprotected+absent:usr=verity+signed+encrypted+unprotected+absent:home=encrypted+unprotected+absent:srv=encrypted+unprotected+absent:tmp=encrypted+unprotected+absent:var=encrypted+unprotected+absent
    FailureAction: none
    FileDescriptorStoreMax: '0'
    FileDescriptorStorePreserve: restart
    FinalKillSignal: '9'
    FragmentPath: /usr/lib/systemd/system/kubelet.service
    FreezerState: running
    GID: '[not set]'
    GuessMainPID: 'yes'
    IOAccounting: 'no'
    IOReadBytes: '[not set]'
    IOReadOperations: '[not set]'
    IOSchedulingClass: '2'
    IOSchedulingPriority: '4'
    IOWeight: '[not set]'
    IOWriteBytes: '[not set]'
    IOWriteOperations: '[not set]'
    IPAccounting: 'no'
    IPEgressBytes: '[no data]'
    IPEgressPackets: '[no data]'
    IPIngressBytes: '[no data]'
    IPIngressPackets: '[no data]'
    Id: kubelet.service
    IgnoreOnIsolate: 'no'
    IgnoreSIGPIPE: 'yes'
    InactiveEnterTimestamp: Tue 2025-08-19 16:06:47 UTC
    InactiveEnterTimestampMonotonic: '3867269372376'
    InactiveExitTimestamp: Tue 2025-08-19 16:06:47 UTC
    InactiveExitTimestampMonotonic: '3867269391738'
    InvocationID: 4d0a41ed59dd46e88a35875ab8e2ee58
    JobRunningTimeoutUSec: infinity
    JobTimeoutAction: none
    JobTimeoutUSec: infinity
    KeyringMode: private
    KillMode: control-group
    KillSignal: '15'
    LimitAS: infinity
    LimitASSoft: infinity
    LimitCORE: infinity
    LimitCORESoft: '0'
    LimitCPU: infinity
    LimitCPUSoft: infinity
    LimitDATA: infinity
    LimitDATASoft: infinity
    LimitFSIZE: infinity
    LimitFSIZESoft: infinity
    LimitLOCKS: infinity
    LimitLOCKSSoft: infinity
    LimitMEMLOCK: '8388608'
    LimitMEMLOCKSoft: '8388608'
    LimitMSGQUEUE: '819200'
    LimitMSGQUEUESoft: '819200'
    LimitNICE: '0'
    LimitNICESoft: '0'
    LimitNOFILE: '524288'
    LimitNOFILESoft: '1024'
    LimitNPROC: '30353'
    LimitNPROCSoft: '30353'
    LimitRSS: infinity
    LimitRSSSoft: infinity
    LimitRTPRIO: '0'
    LimitRTPRIOSoft: '0'
    LimitRTTIME: infinity
    LimitRTTIMESoft: infinity
    LimitSIGPENDING: '30353'
    LimitSIGPENDINGSoft: '30353'
    LimitSTACK: infinity
    LimitSTACKSoft: '8388608'
    LoadState: loaded
    LockPersonality: 'no'
    LogLevelMax: '-1'
    LogRateLimitBurst: '0'
    LogRateLimitIntervalUSec: '0'
    LogsDirectoryMode: '0755'
    MainPID: '2008862'
    ManagedOOMMemoryPressure: auto
    ManagedOOMMemoryPressureLimit: '0'
    ManagedOOMPreference: none
    ManagedOOMSwap: auto
    MemoryAccounting: 'yes'
    MemoryAvailable: '6776172544'
    MemoryCurrent: '34713600'
    MemoryDenyWriteExecute: 'no'
    MemoryHigh: infinity
    MemoryKSM: 'no'
    MemoryLimit: infinity
    MemoryLow: '0'
    MemoryMax: infinity
    MemoryMin: '0'
    MemoryPeak: '35753984'
    MemoryPressureThresholdUSec: 200ms
    MemoryPressureWatch: auto
    MemorySwapCurrent: '0'
    MemorySwapMax: infinity
    MemorySwapPeak: '0'
    MemoryZSwapCurrent: '0'
    MemoryZSwapMax: infinity
    MountAPIVFS: 'no'
    MountImagePolicy: root=verity+signed+encrypted+unprotected+absent:usr=verity+signed+encrypted+unprotected+absent:home=encrypted+unprotected+absent:srv=encrypted+unprotected+absent:tmp=encrypted+unprotected+absent:var=encrypted+unprotected+absent
    NFileDescriptorStore: '0'
    NRestarts: '0'
    NUMAPolicy: n/a
    Names: kubelet.service
    NeedDaemonReload: 'no'
    Nice: '0'
    NoNewPrivileges: 'no'
    NonBlocking: 'no'
    NotifyAccess: none
    OOMPolicy: stop
    OOMScoreAdjust: '0'
    OnFailureJobMode: replace
    OnSuccessJobMode: fail
    Perpetual: 'no'
    PrivateDevices: 'no'
    PrivateIPC: 'no'
    PrivateMounts: 'no'
    PrivateNetwork: 'no'
    PrivateTmp: 'no'
    PrivateUsers: 'no'
    ProcSubset: all
    ProtectClock: 'no'
    ProtectControlGroups: 'no'
    ProtectHome: 'no'
    ProtectHostname: 'no'
    ProtectKernelLogs: 'no'
    ProtectKernelModules: 'no'
    ProtectKernelTunables: 'no'
    ProtectProc: default
    ProtectSystem: 'no'
    RefuseManualStart: 'no'
    RefuseManualStop: 'no'
    ReloadResult: success
    ReloadSignal: '1'
    RemainAfterExit: 'no'
    RemoveIPC: 'no'
    Requires: system.slice sysinit.target
    Restart: always
    RestartKillSignal: '15'
    RestartMaxDelayUSec: infinity
    RestartMode: normal
    RestartSteps: '0'
    RestartUSec: 10s
    RestartUSecNext: 10s
    RestrictNamespaces: 'no'
    RestrictRealtime: 'no'
    RestrictSUIDSGID: 'no'
    Result: success
    RootDirectoryStartOnly: 'no'
    RootEphemeral: 'no'
    RootImagePolicy: root=verity+signed+encrypted+unprotected+absent:usr=verity+signed+encrypted+unprotected+absent:home=encrypted+unprotected+absent:srv=encrypted+unprotected+absent:tmp=encrypted+unprotected+absent:var=encrypted+unprotected+absent
    RuntimeDirectoryMode: '0755'
    RuntimeDirectoryPreserve: 'no'
    RuntimeMaxUSec: infinity
    RuntimeRandomizedExtraUSec: '0'
    SameProcessGroup: 'no'
    SecureBits: '0'
    SendSIGHUP: 'no'
    SendSIGKILL: 'yes'
    SetLoginEnvironment: 'no'
    Slice: system.slice
    StandardError: inherit
    StandardInput: 'null'
    StandardOutput: journal
    StartLimitAction: none
    StartLimitBurst: '5'
    StartLimitIntervalUSec: '0'
    StartupBlockIOWeight: '[not set]'
    StartupCPUShares: '[not set]'
    StartupCPUWeight: '[not set]'
    StartupIOWeight: '[not set]'
    StartupMemoryHigh: infinity
    StartupMemoryLow: '0'
    StartupMemoryMax: infinity
    StartupMemorySwapMax: infinity
    StartupMemoryZSwapMax: infinity
    StateChangeTimestamp: Tue 2025-08-19 16:06:47 UTC
    StateChangeTimestampMonotonic: '3867269391738'
    StateDirectoryMode: '0755'
    StatusErrno: '0'
    StopWhenUnneeded: 'no'
    SubState: running
    SuccessAction: none
    SurviveFinalKillSignal: 'no'
    SyslogFacility: '3'
    SyslogLevel: '6'
    SyslogLevelPrefix: 'yes'
    SyslogPriority: '30'
    SystemCallErrorNumber: '2147483646'
    TTYReset: 'no'
    TTYVHangup: 'no'
    TTYVTDisallocate: 'no'
    TasksAccounting: 'yes'
    TasksCurrent: '12'
    TasksMax: '9106'
    TimeoutAbortUSec: 1min 30s
    TimeoutCleanUSec: infinity
    TimeoutStartFailureMode: terminate
    TimeoutStartUSec: 1min 30s
    TimeoutStopFailureMode: terminate
    TimeoutStopUSec: 1min 30s
    TimerSlackNSec: '50000'
    Transient: 'no'
    Type: simple
    UID: '[not set]'
    UMask: '0022'
    UnitFilePreset: enabled
    UnitFileState: enabled
    UtmpMode: init
    WantedBy: multi-user.target
    Wants: network-online.target
    WatchdogSignal: '6'
    WatchdogTimestampMonotonic: '0'
    WatchdogUSec: '0'
2025-08-19 12:06:59,235 p=37699 u=ollama n=ansible | TASK [Uncordon the node] *******************************************************
2025-08-19 12:06:59,235 p=37699 u=ollama n=ansible | changed: [k8s07 -> k8s01(192.168.0.50)] => changed=true 
  attempts: 1
  cmd:
  - kubectl
  - uncordon
  - k8s07
  delta: '0:00:00.144713'
  end: '2025-08-19 16:06:58.792399'
  msg: ''
  rc: 0
  start: '2025-08-19 16:06:58.647686'
  stderr: ''
  stderr_lines: <omitted>
  stdout: node/k8s07 uncordoned
  stdout_lines: <omitted>
2025-08-19 12:06:59,255 p=37699 u=ollama n=ansible | changed: [k8s06 -> k8s01(192.168.0.50)] => changed=true 
  attempts: 1
  cmd:
  - kubectl
  - uncordon
  - k8s06
  delta: '0:00:00.149351'
  end: '2025-08-19 16:06:58.801148'
  msg: ''
  rc: 0
  start: '2025-08-19 16:06:58.651797'
  stderr: ''
  stderr_lines: <omitted>
  stdout: node/k8s06 uncordoned
  stdout_lines: <omitted>
2025-08-19 12:06:59,656 p=37699 u=ollama n=ansible | TASK [Wait for node to be Ready] ***********************************************
2025-08-19 12:06:59,657 p=37699 u=ollama n=ansible | ok: [k8s06 -> k8s01(192.168.0.50)] => changed=false 
  attempts: 1
  cmd:
  - kubectl
  - get
  - node
  - k8s06
  - --no-headers
  delta: '0:00:00.105718'
  end: '2025-08-19 16:06:59.209506'
  msg: ''
  rc: 0
  start: '2025-08-19 16:06:59.103788'
  stderr: ''
  stderr_lines: <omitted>
  stdout: k8s06   Ready   worker   44d   v1.33.4
  stdout_lines: <omitted>
2025-08-19 12:06:59,672 p=37699 u=ollama n=ansible | ok: [k8s07 -> k8s01(192.168.0.50)] => changed=false 
  attempts: 1
  cmd:
  - kubectl
  - get
  - node
  - k8s07
  - --no-headers
  delta: '0:00:00.105676'
  end: '2025-08-19 16:06:59.228474'
  msg: ''
  rc: 0
  start: '2025-08-19 16:06:59.122798'
  stderr: ''
  stderr_lines: <omitted>
  stdout: k8s07   Ready   worker   44d   v1.33.4
  stdout_lines: <omitted>
2025-08-19 12:07:00,059 p=37699 u=ollama n=ansible | TASK [Verify final node version] ***********************************************
2025-08-19 12:07:00,059 p=37699 u=ollama n=ansible | ok: [k8s06 -> k8s01(192.168.0.50)] => changed=false 
  cmd:
  - kubectl
  - get
  - node
  - k8s06
  - -o
  - jsonpath={.status.nodeInfo.kubeletVersion}
  delta: '0:00:00.105036'
  end: '2025-08-19 16:06:59.598546'
  failed_when_result: false
  msg: ''
  rc: 0
  start: '2025-08-19 16:06:59.493510'
  stderr: ''
  stderr_lines: <omitted>
  stdout: v1.33.4
  stdout_lines: <omitted>
2025-08-19 12:07:00,068 p=37699 u=ollama n=ansible | ok: [k8s07 -> k8s01(192.168.0.50)] => changed=false 
  cmd:
  - kubectl
  - get
  - node
  - k8s07
  - -o
  - jsonpath={.status.nodeInfo.kubeletVersion}
  delta: '0:00:00.103296'
  end: '2025-08-19 16:06:59.610699'
  failed_when_result: false
  msg: ''
  rc: 0
  start: '2025-08-19 16:06:59.507403'
  stderr: ''
  stderr_lines: <omitted>
  stdout: v1.33.4
  stdout_lines: <omitted>
2025-08-19 12:07:00,107 p=37699 u=ollama n=ansible | TASK [Display upgrade completion] **********************************************
2025-08-19 12:07:00,108 p=37699 u=ollama n=ansible | ok: [k8s06] => 
  msg: |-
    ✓ k8s06 successfully upgraded
    Version: v1.33.4
    Status: Ready and schedulable
2025-08-19 12:07:00,114 p=37699 u=ollama n=ansible | ok: [k8s07] => 
  msg: |-
    ✓ k8s07 successfully upgraded
    Version: v1.33.4
    Status: Ready and schedulable
2025-08-19 12:07:00,132 p=37699 u=ollama n=ansible | Pausing for 30 seconds
2025-08-19 12:07:29,269 p=37699 u=ollama n=ansible | TASK [Wait before next batch] **************************************************
2025-08-19 12:07:29,270 p=37699 u=ollama n=ansible | ok: [k8s06] => changed=false 
  delta: 29
  echo: true
  rc: 0
  start: '2025-08-19 12:07:00.132183'
  stderr: ''
  stdout: Paused for 29.14 seconds
  stop: '2025-08-19 12:07:29.268358'
  user_input: ''
2025-08-19 12:07:29,291 p=37699 u=ollama n=ansible | PLAY [Upgrade Kubernetes Worker Nodes] *****************************************
2025-08-19 12:07:32,242 p=37699 u=ollama n=ansible | TASK [Gathering Facts] *********************************************************
2025-08-19 12:07:32,242 p=37699 u=ollama n=ansible | ok: [k8s08]
2025-08-19 12:07:43,941 p=37699 u=ollama n=ansible | ok: [k8s09]
2025-08-19 12:07:43,455 p=37699 u=ollama n=ansible | TASK [Verify control plane is upgraded first] **********************************
2025-08-19 12:07:43,456 p=37699 u=ollama n=ansible | ok: [k8s08 -> k8s01(192.168.0.50)] => changed=false 
  cmd:
  - kubectl
  - get
  - node
  - k8s01
  - -o
  - jsonpath={.status.nodeInfo.kubeletVersion}
  delta: '0:00:00.090891'
  end: '2025-08-19 16:07:43.419371'
  failed_when_result: false
  msg: ''
  rc: 0
  start: '2025-08-19 16:07:43.328480'
  stderr: ''
  stderr_lines: <omitted>
  stdout: v1.33.4
  stdout_lines: <omitted>
2025-08-19 12:07:43,472 p=37699 u=ollama n=ansible | TASK [Display current node info] ***********************************************
2025-08-19 12:07:43,473 p=37699 u=ollama n=ansible | ok: [k8s08] => 
  msg: Starting upgrade of k8s08 (192.168.0.57)
2025-08-19 12:07:43,481 p=37699 u=ollama n=ansible | ok: [k8s09] => 
  msg: Starting upgrade of k8s09 (192.168.0.58)
2025-08-19 12:07:43,691 p=37699 u=ollama n=ansible | TASK [Check current kubelet version] *******************************************
2025-08-19 12:07:43,692 p=37699 u=ollama n=ansible | ok: [k8s09] => changed=false 
  cmd:
  - kubelet
  - --version
  delta: '0:00:00.029605'
  end: '2025-08-19 16:07:43.659348'
  failed_when_result: false
  msg: ''
  rc: 0
  start: '2025-08-19 16:07:43.629743'
  stderr: ''
  stderr_lines: <omitted>
  stdout: Kubernetes v1.32.8
  stdout_lines: <omitted>
2025-08-19 12:07:43,779 p=37699 u=ollama n=ansible | ok: [k8s08] => changed=false 
  cmd:
  - kubelet
  - --version
  delta: '0:00:00.038955'
  end: '2025-08-19 16:07:43.735688'
  failed_when_result: false
  msg: ''
  rc: 0
  start: '2025-08-19 16:07:43.696733'
  stderr: ''
  stderr_lines: <omitted>
  stdout: Kubernetes v1.32.8
  stdout_lines: <omitted>
2025-08-19 12:07:44,218 p=37699 u=ollama n=ansible | TASK [Add Kubernetes 1.32 repository if needed] ********************************
2025-08-19 12:07:44,218 p=37699 u=ollama n=ansible | ok: [k8s09] => changed=false 
  checksum: daf81f585f74396e4f5a3023957a44f61a94e977
  dest: /etc/apt/sources.list.d/kubernetes-v1.33.list
  gid: 0
  group: root
  mode: '0644'
  owner: root
  path: /etc/apt/sources.list.d/kubernetes-v1.33.list
  size: 108
  state: file
  uid: 0
2025-08-19 12:07:44,257 p=37699 u=ollama n=ansible | ok: [k8s08] => changed=false 
  checksum: daf81f585f74396e4f5a3023957a44f61a94e977
  dest: /etc/apt/sources.list.d/kubernetes-v1.33.list
  gid: 0
  group: root
  mode: '0644'
  owner: root
  path: /etc/apt/sources.list.d/kubernetes-v1.33.list
  size: 108
  state: file
  uid: 0
2025-08-19 12:08:01,497 p=37699 u=ollama n=ansible | TASK [Drain the node (with timeout)] *******************************************
2025-08-19 12:08:01,497 p=37699 u=ollama n=ansible | changed: [k8s09 -> k8s01(192.168.0.50)] => changed=true 
  attempts: 1
  cmd: |-
    timeout 300 kubectl drain k8s09  --ignore-daemonsets  --delete-emptydir-data  --force  --grace-period=60
  delta: '0:00:16.466931'
  end: '2025-08-19 16:08:00.945542'
  failed_when_result: false
  msg: ''
  rc: 0
  start: '2025-08-19 16:07:44.478611'
  stderr: |-
    Warning: ignoring DaemonSet-managed Pods: kube-system/cilium-4fwqj, kube-system/cilium-envoy-hrw2m, kube-system/configure-insecure-registry-q7k9s, kube-system/kata-deploy-2xqg7, kube-system/kube-multus-ds-hx7mm, kube-system/kube-proxy-2qdcd, kubevirt/virt-handler-b2qsj, longhorn-system/engine-image-ei-51cc7b9c-nks5q, longhorn-system/longhorn-csi-plugin-wtjvl, longhorn-system/longhorn-manager-sgh56, metallb-system/speaker-g8z2j
    error when evicting pods/"instance-manager-3b1c628e1151a6503cef1397ae8bfd42" -n "longhorn-system" (will retry after 5s): Cannot evict pod as it would violate the pod's disruption budget.
    error when evicting pods/"instance-manager-3b1c628e1151a6503cef1397ae8bfd42" -n "longhorn-system" (will retry after 5s): Cannot evict pod as it would violate the pod's disruption budget.
    error when evicting pods/"instance-manager-3b1c628e1151a6503cef1397ae8bfd42" -n "longhorn-system" (will retry after 5s): Cannot evict pod as it would violate the pod's disruption budget.
  stderr_lines: <omitted>
  stdout: |-
    node/k8s09 cordoned
    evicting pod longhorn-system/instance-manager-3b1c628e1151a6503cef1397ae8bfd42
    evicting pod kubeadm-vms/virt-launcher-master1-7zs8p
    evicting pod kubeadm-vms/virt-launcher-master2-vrphr
    evicting pod kubeadm-vms/virt-launcher-master3-xv7pn
    evicting pod kubeadm-vms/virt-launcher-worker1-k66dh
    evicting pod kubeadm-vms/virt-launcher-worker2-4ddrx
    evicting pod longhorn-system/instance-manager-3b1c628e1151a6503cef1397ae8bfd42
    pod/virt-launcher-worker1-k66dh evicted
    pod/virt-launcher-master1-7zs8p evicted
    pod/virt-launcher-worker2-4ddrx evicted
    pod/virt-launcher-master3-xv7pn evicted
    pod/virt-launcher-master2-vrphr evicted
    evicting pod longhorn-system/instance-manager-3b1c628e1151a6503cef1397ae8bfd42
    evicting pod longhorn-system/instance-manager-3b1c628e1151a6503cef1397ae8bfd42
    pod/instance-manager-3b1c628e1151a6503cef1397ae8bfd42 evicted
    node/k8s09 drained
  stdout_lines: <omitted>
2025-08-19 12:08:46,095 p=37699 u=ollama n=ansible | changed: [k8s08 -> k8s01(192.168.0.50)] => changed=true 
  attempts: 1
  cmd: |-
    timeout 300 kubectl drain k8s08  --ignore-daemonsets  --delete-emptydir-data  --force  --grace-period=60
  delta: '0:01:01.465350'
  end: '2025-08-19 16:08:45.938150'
  failed_when_result: false
  msg: ''
  rc: 0
  start: '2025-08-19 16:07:44.472800'
  stderr: |-
    Warning: ignoring DaemonSet-managed Pods: kube-system/cilium-envoy-phmnq, kube-system/cilium-pmbh9, kube-system/configure-insecure-registry-df2n9, kube-system/kata-deploy-xxhhr, kube-system/kube-multus-ds-vtzpn, kube-system/kube-proxy-25x6q, kubevirt/virt-handler-pk565, longhorn-system/engine-image-ei-51cc7b9c-rrddd, longhorn-system/longhorn-csi-plugin-jwl6w, longhorn-system/longhorn-manager-pqxb9, metallb-system/speaker-xht5j
    I0819 16:07:46.978229  240731 request.go:752] "Waited before sending request" delay="1.044773185s" reason="client-side throttling, not priority and fairness" verb="GET" URL="https://192.168.0.50:6443/api/v1/namespaces/longhorn-system/pods/csi-resizer-fcb976d97-gszmb"
  stderr_lines: <omitted>
  stdout: |-
    node/k8s08 cordoned
    evicting pod longhorn-system/longhorn-ui-87977fc97-vwffn
    evicting pod longhorn-system/csi-attacher-86bc78dd8f-xsjtc
    evicting pod kube-system/metrics-server-bf688598-tz5tb
    evicting pod longhorn-system/csi-resizer-fcb976d97-gszmb
    evicting pod cdi/cdi-operator-74777bf8f9-zlv6b
    evicting pod kube-system/coredns-674b8bbfcf-6kwl8
    evicting pod longhorn-system/csi-snapshotter-6c686d96f4-clcrp
    evicting pod longhorn-system/csi-provisioner-6c54656cdf-zmhj9
    evicting pod longhorn-system/instance-manager-e96dfd4f1cb9d356f7cee6107e8808fc
    evicting pod kubevirt/virt-operator-79456d8689-mgzq8
    evicting pod cert-manager/cert-manager-cainjector-757bc57b8f-vqnkw
    pod/csi-resizer-fcb976d97-gszmb evicted
    pod/csi-attacher-86bc78dd8f-xsjtc evicted
    pod/cdi-operator-74777bf8f9-zlv6b evicted
    pod/instance-manager-e96dfd4f1cb9d356f7cee6107e8808fc evicted
    pod/csi-provisioner-6c54656cdf-zmhj9 evicted
    pod/cert-manager-cainjector-757bc57b8f-vqnkw evicted
    pod/virt-operator-79456d8689-mgzq8 evicted
    pod/csi-snapshotter-6c686d96f4-clcrp evicted
    pod/metrics-server-bf688598-tz5tb evicted
    pod/coredns-674b8bbfcf-6kwl8 evicted
    pod/longhorn-ui-87977fc97-vwffn evicted
    node/k8s08 drained
  stdout_lines: <omitted>
2025-08-19 12:09:09,400 p=37699 u=ollama n=ansible | TASK [Upgrade kubeadm] *********************************************************
2025-08-19 12:09:09,401 p=37699 u=ollama n=ansible | changed: [k8s09] => changed=true 
  cache_update_time: 1755618126
  cache_updated: false
  stderr: |-
    debconf: delaying package configuration, since apt-utils is not installed
  
    The processor microcode seems to be up-to-date.
  
    Restarting services...
  
    Service restarts being deferred:
     /etc/needrestart/restart.d/dbus.service
     systemctl restart getty@tty1.service
     systemctl restart getty@tty6.service
     systemctl restart systemd-logind.service
     systemctl restart unattended-upgrades.service
     systemctl restart wpa_supplicant.service
  
    No containers need to be restarted.
  
    No user sessions are running outdated binaries.
  
    No VM guests are running outdated hypervisor (qemu) binaries on this host.
  stderr_lines: <omitted>
  stdout: |-
    Reading package lists...
    Building dependency tree...
    Reading state information...
    The following packages will be upgraded:
      kubeadm
    1 upgraded, 0 newly installed, 0 to remove and 83 not upgraded.
    Need to get 12.7 MB of archives.
    After this operation, 3592 kB of additional disk space will be used.
    Get:1 https://prod-cdn.packages.k8s.io/repositories/isv:/kubernetes:/core:/stable:/v1.33/deb  kubeadm 1.33.4-1.1 [12.7 MB]
    Fetched 12.7 MB in 21s (616 kB/s)
    (Reading database ... (Reading database ... 5%(Reading database ... 10%(Reading database ... 15%(Reading database ... 20%(Reading database ... 25%(Reading database ... 30%(Reading database ... 35%(Reading database ... 40%(Reading database ... 45%(Reading database ... 50%(Reading database ... 55%(Reading database ... 60%(Reading database ... 65%(Reading database ... 70%(Reading database ... 75%(Reading database ... 80%(Reading database ... 85%(Reading database ... 90%(Reading database ... 95%(Reading database ... 100%(Reading database ... 115620 files and directories currently installed.)
    Preparing to unpack .../kubeadm_1.33.4-1.1_amd64.deb ...
    Unpacking kubeadm (1.33.4-1.1) over (1.32.8-1.1) ...
    Setting up kubeadm (1.33.4-1.1) ...
  stdout_lines: <omitted>
2025-08-19 12:09:10,214 p=37699 u=ollama n=ansible | changed: [k8s08] => changed=true 
  cache_update_time: 1755618128
  cache_updated: false
  stderr: |-
    debconf: delaying package configuration, since apt-utils is not installed
  
    The processor microcode seems to be up-to-date.
  
    Restarting services...
  
    Service restarts being deferred:
     /etc/needrestart/restart.d/dbus.service
     systemctl restart systemd-logind.service
     systemctl restart unattended-upgrades.service
     systemctl restart wpa_supplicant.service
  
    No containers need to be restarted.
  
    User sessions running outdated binaries:
     mmajere @ session #1: login[1023]
     mmajere @ user manager service: systemd[1169]
  
    No VM guests are running outdated hypervisor (qemu) binaries on this host.
  stderr_lines: <omitted>
  stdout: |-
    Reading package lists...
    Building dependency tree...
    Reading state information...
    The following packages will be upgraded:
      kubeadm
    1 upgraded, 0 newly installed, 0 to remove and 64 not upgraded.
    Need to get 12.7 MB of archives.
    After this operation, 3592 kB of additional disk space will be used.
    Get:1 https://prod-cdn.packages.k8s.io/repositories/isv:/kubernetes:/core:/stable:/v1.33/deb  kubeadm 1.33.4-1.1 [12.7 MB]
    Fetched 12.7 MB in 20s (624 kB/s)
    (Reading database ... (Reading database ... 5%(Reading database ... 10%(Reading database ... 15%(Reading database ... 20%(Reading database ... 25%(Reading database ... 30%(Reading database ... 35%(Reading database ... 40%(Reading database ... 45%(Reading database ... 50%(Reading database ... 55%(Reading database ... 60%(Reading database ... 65%(Reading database ... 70%(Reading database ... 75%(Reading database ... 80%(Reading database ... 85%(Reading database ... 90%(Reading database ... 95%(Reading database ... 100%(Reading database ... 113594 files and directories currently installed.)
    Preparing to unpack .../kubeadm_1.33.4-1.1_amd64.deb ...
    Unpacking kubeadm (1.33.4-1.1) over (1.32.8-1.1) ...
    Setting up kubeadm (1.33.4-1.1) ...
  stdout_lines: <omitted>
2025-08-19 12:09:10,425 p=37699 u=ollama n=ansible | TASK [Run kubeadm upgrade on worker] *******************************************
2025-08-19 12:09:10,426 p=37699 u=ollama n=ansible | changed: [k8s09] => changed=true 
  cmd:
  - kubeadm
  - upgrade
  - node
  delta: '0:00:00.054351'
  end: '2025-08-19 16:09:09.586102'
  msg: ''
  rc: 0
  start: '2025-08-19 16:09:09.531751'
  stderr: W0819 16:09:09.578009 3252077 postupgrade.go:117] Using temporary directory /etc/kubernetes/tmp/kubeadm-kubelet-config2421941947 for kubelet config. To override it set the environment variable KUBEADM_UPGRADE_DRYRUN_DIR
  stderr_lines: <omitted>
  stdout: |-
    [upgrade] Reading configuration from the "kubeadm-config" ConfigMap in namespace "kube-system"...
    [upgrade] Use 'kubeadm init phase upload-config --config your-config-file' to re-upload it.
    [upgrade/preflight] Running pre-flight checks
    [upgrade/preflight] Skipping prepull. Not a control plane node.
    [upgrade/control-plane] Skipping phase. Not a control plane node.
    [upgrade/kubeconfig] Skipping phase. Not a control plane node.
    [upgrade] Backing up kubelet config file to /etc/kubernetes/tmp/kubeadm-kubelet-config2421941947/config.yaml
    [kubelet-start] Writing kubelet configuration to file "/var/lib/kubelet/config.yaml"
    [upgrade/kubelet-config] The kubelet configuration for this node was successfully upgraded!
    [upgrade/addon] Skipping the addon/coredns phase. Not a control plane node.
    [upgrade/addon] Skipping the addon/kube-proxy phase. Not a control plane node.
  stdout_lines: <omitted>
2025-08-19 12:09:10,485 p=37699 u=ollama n=ansible | changed: [k8s08] => changed=true 
  cmd:
  - kubeadm
  - upgrade
  - node
  delta: '0:00:00.071330'
  end: '2025-08-19 16:09:09.639918'
  msg: ''
  rc: 0
  start: '2025-08-19 16:09:09.568588'
  stderr: W0819 16:09:09.631907 3572846 postupgrade.go:117] Using temporary directory /etc/kubernetes/tmp/kubeadm-kubelet-config1921404093 for kubelet config. To override it set the environment variable KUBEADM_UPGRADE_DRYRUN_DIR
  stderr_lines: <omitted>
  stdout: |-
    [upgrade] Reading configuration from the "kubeadm-config" ConfigMap in namespace "kube-system"...
    [upgrade] Use 'kubeadm init phase upload-config --config your-config-file' to re-upload it.
    [upgrade/preflight] Running pre-flight checks
    [upgrade/preflight] Skipping prepull. Not a control plane node.
    [upgrade/control-plane] Skipping phase. Not a control plane node.
    [upgrade/kubeconfig] Skipping phase. Not a control plane node.
    [upgrade] Backing up kubelet config file to /etc/kubernetes/tmp/kubeadm-kubelet-config1921404093/config.yaml
    [kubelet-start] Writing kubelet configuration to file "/var/lib/kubelet/config.yaml"
    [upgrade/kubelet-config] The kubelet configuration for this node was successfully upgraded!
    [upgrade/addon] Skipping the addon/coredns phase. Not a control plane node.
    [upgrade/addon] Skipping the addon/kube-proxy phase. Not a control plane node.
  stdout_lines: <omitted>
2025-08-19 12:09:33,883 p=37699 u=ollama n=ansible | TASK [Upgrade kubelet and kubectl] *********************************************
2025-08-19 12:09:33,884 p=37699 u=ollama n=ansible | changed: [k8s09] => changed=true 
  cache_update_time: 1755618126
  cache_updated: false
  stderr: |-
    debconf: delaying package configuration, since apt-utils is not installed
  
    The processor microcode seems to be up-to-date.
  
    Restarting services...
     systemctl restart kubelet.service
  
    Service restarts being deferred:
     /etc/needrestart/restart.d/dbus.service
     systemctl restart getty@tty1.service
     systemctl restart getty@tty6.service
     systemctl restart systemd-logind.service
     systemctl restart unattended-upgrades.service
     systemctl restart wpa_supplicant.service
  
    No containers need to be restarted.
  
    No user sessions are running outdated binaries.
  
    No VM guests are running outdated hypervisor (qemu) binaries on this host.
  stderr_lines: <omitted>
  stdout: |-
    Reading package lists...
    Building dependency tree...
    Reading state information...
    The following packages will be upgraded:
      kubectl kubelet
    2 upgraded, 0 newly installed, 0 to remove and 81 not upgraded.
    Need to get 27.6 MB of archives.
    After this operation, 7094 kB of additional disk space will be used.
    Get:1 https://prod-cdn.packages.k8s.io/repositories/isv:/kubernetes:/core:/stable:/v1.33/deb  kubectl 1.33.4-1.1 [11.7 MB]
    Get:2 https://prod-cdn.packages.k8s.io/repositories/isv:/kubernetes:/core:/stable:/v1.33/deb  kubelet 1.33.4-1.1 [15.9 MB]
    Fetched 27.6 MB in 20s (1345 kB/s)
    (Reading database ... (Reading database ... 5%(Reading database ... 10%(Reading database ... 15%(Reading database ... 20%(Reading database ... 25%(Reading database ... 30%(Reading database ... 35%(Reading database ... 40%(Reading database ... 45%(Reading database ... 50%(Reading database ... 55%(Reading database ... 60%(Reading database ... 65%(Reading database ... 70%(Reading database ... 75%(Reading database ... 80%(Reading database ... 85%(Reading database ... 90%(Reading database ... 95%(Reading database ... 100%(Reading database ... 115620 files and directories currently installed.)
    Preparing to unpack .../kubectl_1.33.4-1.1_amd64.deb ...
    Unpacking kubectl (1.33.4-1.1) over (1.32.8-1.1) ...
    Preparing to unpack .../kubelet_1.33.4-1.1_amd64.deb ...
    Unpacking kubelet (1.33.4-1.1) over (1.32.8-1.1) ...
    Setting up kubectl (1.33.4-1.1) ...
    Setting up kubelet (1.33.4-1.1) ...
  stdout_lines: <omitted>
2025-08-19 12:09:35,702 p=37699 u=ollama n=ansible | changed: [k8s08] => changed=true 
  cache_update_time: 1755618128
  cache_updated: false
  stderr: |-
    debconf: delaying package configuration, since apt-utils is not installed
  
    The processor microcode seems to be up-to-date.
  
    Restarting services...
     systemctl restart kubelet.service
  
    Service restarts being deferred:
     /etc/needrestart/restart.d/dbus.service
     systemctl restart systemd-logind.service
     systemctl restart unattended-upgrades.service
     systemctl restart wpa_supplicant.service
  
    No containers need to be restarted.
  
    User sessions running outdated binaries:
     mmajere @ session #1: login[1023]
     mmajere @ user manager service: systemd[1169]
  
    No VM guests are running outdated hypervisor (qemu) binaries on this host.
  stderr_lines: <omitted>
  stdout: |-
    Reading package lists...
    Building dependency tree...
    Reading state information...
    The following packages will be upgraded:
      kubectl kubelet
    2 upgraded, 0 newly installed, 0 to remove and 62 not upgraded.
    Need to get 27.6 MB of archives.
    After this operation, 7094 kB of additional disk space will be used.
    Get:1 https://prod-cdn.packages.k8s.io/repositories/isv:/kubernetes:/core:/stable:/v1.33/deb  kubectl 1.33.4-1.1 [11.7 MB]
    Get:2 https://prod-cdn.packages.k8s.io/repositories/isv:/kubernetes:/core:/stable:/v1.33/deb  kubelet 1.33.4-1.1 [15.9 MB]
    Fetched 27.6 MB in 21s (1337 kB/s)
    (Reading database ... (Reading database ... 5%(Reading database ... 10%(Reading database ... 15%(Reading database ... 20%(Reading database ... 25%(Reading database ... 30%(Reading database ... 35%(Reading database ... 40%(Reading database ... 45%(Reading database ... 50%(Reading database ... 55%(Reading database ... 60%(Reading database ... 65%(Reading database ... 70%(Reading database ... 75%(Reading database ... 80%(Reading database ... 85%(Reading database ... 90%(Reading database ... 95%(Reading database ... 100%(Reading database ... 113594 files and directories currently installed.)
    Preparing to unpack .../kubectl_1.33.4-1.1_amd64.deb ...
    Unpacking kubectl (1.33.4-1.1) over (1.32.8-1.1) ...
    Preparing to unpack .../kubelet_1.33.4-1.1_amd64.deb ...
    Unpacking kubelet (1.33.4-1.1) over (1.32.8-1.1) ...
    Setting up kubectl (1.33.4-1.1) ...
    Setting up kubelet (1.33.4-1.1) ...
  stdout_lines: <omitted>
2025-08-19 12:09:36,377 p=37699 u=ollama n=ansible | TASK [Restart and enable kubelet] **********************************************
2025-08-19 12:09:36,379 p=37699 u=ollama n=ansible | changed: [k8s09] => changed=true 
  enabled: true
  name: kubelet
  state: started
  status:
    ActiveEnterTimestamp: Tue 2025-08-19 16:09:32 UTC
    ActiveEnterTimestampMonotonic: '3861694090316'
    ActiveExitTimestamp: Tue 2025-08-19 16:09:32 UTC
    ActiveExitTimestampMonotonic: '3861694036534'
    ActiveState: active
    After: network-online.target systemd-journald.socket sysinit.target basic.target system.slice
    AllowIsolate: 'no'
    AssertResult: 'yes'
    AssertTimestamp: Tue 2025-08-19 16:09:32 UTC
    AssertTimestampMonotonic: '3861694069876'
    Before: multi-user.target shutdown.target
    BlockIOAccounting: 'no'
    BlockIOWeight: '[not set]'
    CPUAccounting: 'yes'
    CPUAffinityFromNUMA: 'no'
    CPUQuotaPerSecUSec: infinity
    CPUQuotaPeriodUSec: infinity
    CPUSchedulingPolicy: '0'
    CPUSchedulingPriority: '0'
    CPUSchedulingResetOnFork: 'no'
    CPUShares: '[not set]'
    CPUUsageNSec: '463829000'
    CPUWeight: '[not set]'
    CacheDirectoryMode: '0755'
    CanFreeze: 'yes'
    CanIsolate: 'no'
    CanReload: 'no'
    CanStart: 'yes'
    CanStop: 'yes'
    CapabilityBoundingSet: cap_chown cap_dac_override cap_dac_read_search cap_fowner cap_fsetid cap_kill cap_setgid cap_setuid cap_setpcap cap_linux_immutable cap_net_bind_service cap_net_broadcast cap_net_admin cap_net_raw cap_ipc_lock cap_ipc_owner cap_sys_module cap_sys_rawio cap_sys_chroot cap_sys_ptrace cap_sys_pacct cap_sys_admin cap_sys_boot cap_sys_nice cap_sys_resource cap_sys_time cap_sys_tty_config cap_mknod cap_lease cap_audit_write cap_audit_control cap_setfcap cap_mac_override cap_mac_admin cap_syslog cap_wake_alarm cap_block_suspend cap_audit_read cap_perfmon cap_bpf cap_checkpoint_restore
    CleanResult: success
    CollectMode: inactive
    ConditionResult: 'yes'
    ConditionTimestamp: Tue 2025-08-19 16:09:32 UTC
    ConditionTimestampMonotonic: '3861694069875'
    ConfigurationDirectoryMode: '0755'
    Conflicts: shutdown.target
    ControlGroup: /system.slice/kubelet.service
    ControlGroupId: '1474025'
    ControlPID: '0'
    CoredumpFilter: '0x33'
    CoredumpReceive: 'no'
    DefaultDependencies: 'yes'
    DefaultMemoryLow: '0'
    DefaultMemoryMin: '0'
    DefaultStartupMemoryLow: '0'
    Delegate: 'no'
    Description: 'kubelet: The Kubernetes Node Agent'
    DevicePolicy: auto
    Documentation: https://kubernetes.io/docs/
    DropInPaths: /usr/lib/systemd/system/kubelet.service.d/10-kubeadm.conf
    DynamicUser: 'no'
    EffectiveCPUs: 0-11
    EffectiveMemoryNodes: '0'
    Environment: '"KUBELET_KUBECONFIG_ARGS=--bootstrap-kubeconfig=/etc/kubernetes/bootstrap-kubelet.conf --kubeconfig=/etc/kubernetes/kubelet.conf" KUBELET_CONFIG_ARGS=--config=/var/lib/kubelet/config.yaml'
    EnvironmentFiles: /etc/default/kubelet (ignore_errors=yes)
    ExecMainCode: '0'
    ExecMainExitTimestampMonotonic: '0'
    ExecMainPID: '3252617'
    ExecMainStartTimestamp: Tue 2025-08-19 16:09:32 UTC
    ExecMainStartTimestampMonotonic: '3861694090087'
    ExecMainStatus: '0'
    ExecStart: '{ path=/usr/bin/kubelet ; argv[]=/usr/bin/kubelet $KUBELET_KUBECONFIG_ARGS $KUBELET_CONFIG_ARGS $KUBELET_KUBEADM_ARGS $KUBELET_EXTRA_ARGS ; ignore_errors=no ; start_time=[n/a] ; stop_time=[n/a] ; pid=0 ; code=(null) ; status=0/0 }'
    ExecStartEx: '{ path=/usr/bin/kubelet ; argv[]=/usr/bin/kubelet $KUBELET_KUBECONFIG_ARGS $KUBELET_CONFIG_ARGS $KUBELET_KUBEADM_ARGS $KUBELET_EXTRA_ARGS ; flags= ; start_time=[n/a] ; stop_time=[n/a] ; pid=0 ; code=(null) ; status=0/0 }'
    ExitType: main
    ExtensionImagePolicy: root=verity+signed+encrypted+unprotected+absent:usr=verity+signed+encrypted+unprotected+absent:home=encrypted+unprotected+absent:srv=encrypted+unprotected+absent:tmp=encrypted+unprotected+absent:var=encrypted+unprotected+absent
    FailureAction: none
    FileDescriptorStoreMax: '0'
    FileDescriptorStorePreserve: restart
    FinalKillSignal: '9'
    FragmentPath: /usr/lib/systemd/system/kubelet.service
    FreezerState: running
    GID: '[not set]'
    GuessMainPID: 'yes'
    IOAccounting: 'no'
    IOReadBytes: '[not set]'
    IOReadOperations: '[not set]'
    IOSchedulingClass: '2'
    IOSchedulingPriority: '4'
    IOWeight: '[not set]'
    IOWriteBytes: '[not set]'
    IOWriteOperations: '[not set]'
    IPAccounting: 'no'
    IPEgressBytes: '[no data]'
    IPEgressPackets: '[no data]'
    IPIngressBytes: '[no data]'
    IPIngressPackets: '[no data]'
    Id: kubelet.service
    IgnoreOnIsolate: 'no'
    IgnoreSIGPIPE: 'yes'
    InactiveEnterTimestamp: Tue 2025-08-19 16:09:32 UTC
    InactiveEnterTimestampMonotonic: '3861694069299'
    InactiveExitTimestamp: Tue 2025-08-19 16:09:32 UTC
    InactiveExitTimestampMonotonic: '3861694090316'
    InvocationID: bdeefc6effcf4e6f9c80d4a9f2feb5aa
    JobRunningTimeoutUSec: infinity
    JobTimeoutAction: none
    JobTimeoutUSec: infinity
    KeyringMode: private
    KillMode: control-group
    KillSignal: '15'
    LimitAS: infinity
    LimitASSoft: infinity
    LimitCORE: infinity
    LimitCORESoft: '0'
    LimitCPU: infinity
    LimitCPUSoft: infinity
    LimitDATA: infinity
    LimitDATASoft: infinity
    LimitFSIZE: infinity
    LimitFSIZESoft: infinity
    LimitLOCKS: infinity
    LimitLOCKSSoft: infinity
    LimitMEMLOCK: '8388608'
    LimitMEMLOCKSoft: '8388608'
    LimitMSGQUEUE: '819200'
    LimitMSGQUEUESoft: '819200'
    LimitNICE: '0'
    LimitNICESoft: '0'
    LimitNOFILE: '524288'
    LimitNOFILESoft: '1024'
    LimitNPROC: '253741'
    LimitNPROCSoft: '253741'
    LimitRSS: infinity
    LimitRSSSoft: infinity
    LimitRTPRIO: '0'
    LimitRTPRIOSoft: '0'
    LimitRTTIME: infinity
    LimitRTTIMESoft: infinity
    LimitSIGPENDING: '253741'
    LimitSIGPENDINGSoft: '253741'
    LimitSTACK: infinity
    LimitSTACKSoft: '8388608'
    LoadState: loaded
    LockPersonality: 'no'
    LogLevelMax: '-1'
    LogRateLimitBurst: '0'
    LogRateLimitIntervalUSec: '0'
    LogsDirectoryMode: '0755'
    MainPID: '3252617'
    ManagedOOMMemoryPressure: auto
    ManagedOOMMemoryPressureLimit: '0'
    ManagedOOMPreference: none
    ManagedOOMSwap: auto
    MemoryAccounting: 'yes'
    MemoryAvailable: '64094932992'
    MemoryCurrent: '35155968'
    MemoryDenyWriteExecute: 'no'
    MemoryHigh: infinity
    MemoryKSM: 'no'
    MemoryLimit: infinity
    MemoryLow: '0'
    MemoryMax: infinity
    MemoryMin: '0'
    MemoryPeak: '36491264'
    MemoryPressureThresholdUSec: 200ms
    MemoryPressureWatch: auto
    MemorySwapCurrent: '0'
    MemorySwapMax: infinity
    MemorySwapPeak: '0'
    MemoryZSwapCurrent: '0'
    MemoryZSwapMax: infinity
    MountAPIVFS: 'no'
    MountImagePolicy: root=verity+signed+encrypted+unprotected+absent:usr=verity+signed+encrypted+unprotected+absent:home=encrypted+unprotected+absent:srv=encrypted+unprotected+absent:tmp=encrypted+unprotected+absent:var=encrypted+unprotected+absent
    NFileDescriptorStore: '0'
    NRestarts: '0'
    NUMAPolicy: n/a
    Names: kubelet.service
    NeedDaemonReload: 'no'
    Nice: '0'
    NoNewPrivileges: 'no'
    NonBlocking: 'no'
    NotifyAccess: none
    OOMPolicy: stop
    OOMScoreAdjust: '0'
    OnFailureJobMode: replace
    OnSuccessJobMode: fail
    Perpetual: 'no'
    PrivateDevices: 'no'
    PrivateIPC: 'no'
    PrivateMounts: 'no'
    PrivateNetwork: 'no'
    PrivateTmp: 'no'
    PrivateUsers: 'no'
    ProcSubset: all
    ProtectClock: 'no'
    ProtectControlGroups: 'no'
    ProtectHome: 'no'
    ProtectHostname: 'no'
    ProtectKernelLogs: 'no'
    ProtectKernelModules: 'no'
    ProtectKernelTunables: 'no'
    ProtectProc: default
    ProtectSystem: 'no'
    RefuseManualStart: 'no'
    RefuseManualStop: 'no'
    ReloadResult: success
    ReloadSignal: '1'
    RemainAfterExit: 'no'
    RemoveIPC: 'no'
    Requires: system.slice sysinit.target
    Restart: always
    RestartKillSignal: '15'
    RestartMaxDelayUSec: infinity
    RestartMode: normal
    RestartSteps: '0'
    RestartUSec: 10s
    RestartUSecNext: 10s
    RestrictNamespaces: 'no'
    RestrictRealtime: 'no'
    RestrictSUIDSGID: 'no'
    Result: success
    RootDirectoryStartOnly: 'no'
    RootEphemeral: 'no'
    RootImagePolicy: root=verity+signed+encrypted+unprotected+absent:usr=verity+signed+encrypted+unprotected+absent:home=encrypted+unprotected+absent:srv=encrypted+unprotected+absent:tmp=encrypted+unprotected+absent:var=encrypted+unprotected+absent
    RuntimeDirectoryMode: '0755'
    RuntimeDirectoryPreserve: 'no'
    RuntimeMaxUSec: infinity
    RuntimeRandomizedExtraUSec: '0'
    SameProcessGroup: 'no'
    SecureBits: '0'
    SendSIGHUP: 'no'
    SendSIGKILL: 'yes'
    SetLoginEnvironment: 'no'
    Slice: system.slice
    StandardError: inherit
    StandardInput: 'null'
    StandardOutput: journal
    StartLimitAction: none
    StartLimitBurst: '5'
    StartLimitIntervalUSec: '0'
    StartupBlockIOWeight: '[not set]'
    StartupCPUShares: '[not set]'
    StartupCPUWeight: '[not set]'
    StartupIOWeight: '[not set]'
    StartupMemoryHigh: infinity
    StartupMemoryLow: '0'
    StartupMemoryMax: infinity
    StartupMemorySwapMax: infinity
    StartupMemoryZSwapMax: infinity
    StateChangeTimestamp: Tue 2025-08-19 16:09:32 UTC
    StateChangeTimestampMonotonic: '3861694090316'
    StateDirectoryMode: '0755'
    StatusErrno: '0'
    StopWhenUnneeded: 'no'
    SubState: running
    SuccessAction: none
    SurviveFinalKillSignal: 'no'
    SyslogFacility: '3'
    SyslogLevel: '6'
    SyslogLevelPrefix: 'yes'
    SyslogPriority: '30'
    SystemCallErrorNumber: '2147483646'
    TTYReset: 'no'
    TTYVHangup: 'no'
    TTYVTDisallocate: 'no'
    TasksAccounting: 'yes'
    TasksCurrent: '19'
    TasksMax: '76122'
    TimeoutAbortUSec: 1min 30s
    TimeoutCleanUSec: infinity
    TimeoutStartFailureMode: terminate
    TimeoutStartUSec: 1min 30s
    TimeoutStopFailureMode: terminate
    TimeoutStopUSec: 1min 30s
    TimerSlackNSec: '50000'
    Transient: 'no'
    Type: simple
    UID: '[not set]'
    UMask: '0022'
    UnitFilePreset: enabled
    UnitFileState: enabled
    UtmpMode: init
    WantedBy: multi-user.target
    Wants: network-online.target
    WatchdogSignal: '6'
    WatchdogTimestampMonotonic: '0'
    WatchdogUSec: '0'
2025-08-19 12:09:36,549 p=37699 u=ollama n=ansible | changed: [k8s08] => changed=true 
  enabled: true
  name: kubelet
  state: started
  status:
    ActiveEnterTimestamp: Tue 2025-08-19 16:09:34 UTC
    ActiveEnterTimestampMonotonic: '3862421562544'
    ActiveExitTimestamp: Tue 2025-08-19 16:09:34 UTC
    ActiveExitTimestampMonotonic: '3862421524721'
    ActiveState: active
    After: system.slice systemd-journald.socket sysinit.target basic.target network-online.target
    AllowIsolate: 'no'
    AssertResult: 'yes'
    AssertTimestamp: Tue 2025-08-19 16:09:34 UTC
    AssertTimestampMonotonic: '3862421549901'
    Before: multi-user.target shutdown.target
    BlockIOAccounting: 'no'
    BlockIOWeight: '[not set]'
    CPUAccounting: 'yes'
    CPUAffinityFromNUMA: 'no'
    CPUQuotaPerSecUSec: infinity
    CPUQuotaPeriodUSec: infinity
    CPUSchedulingPolicy: '0'
    CPUSchedulingPriority: '0'
    CPUSchedulingResetOnFork: 'no'
    CPUShares: '[not set]'
    CPUUsageNSec: '360472000'
    CPUWeight: '[not set]'
    CacheDirectoryMode: '0755'
    CanFreeze: 'yes'
    CanIsolate: 'no'
    CanReload: 'no'
    CanStart: 'yes'
    CanStop: 'yes'
    CapabilityBoundingSet: cap_chown cap_dac_override cap_dac_read_search cap_fowner cap_fsetid cap_kill cap_setgid cap_setuid cap_setpcap cap_linux_immutable cap_net_bind_service cap_net_broadcast cap_net_admin cap_net_raw cap_ipc_lock cap_ipc_owner cap_sys_module cap_sys_rawio cap_sys_chroot cap_sys_ptrace cap_sys_pacct cap_sys_admin cap_sys_boot cap_sys_nice cap_sys_resource cap_sys_time cap_sys_tty_config cap_mknod cap_lease cap_audit_write cap_audit_control cap_setfcap cap_mac_override cap_mac_admin cap_syslog cap_wake_alarm cap_block_suspend cap_audit_read cap_perfmon cap_bpf cap_checkpoint_restore
    CleanResult: success
    CollectMode: inactive
    ConditionResult: 'yes'
    ConditionTimestamp: Tue 2025-08-19 16:09:34 UTC
    ConditionTimestampMonotonic: '3862421549899'
    ConfigurationDirectoryMode: '0755'
    Conflicts: shutdown.target
    ControlGroup: /system.slice/kubelet.service
    ControlGroupId: '707107'
    ControlPID: '0'
    CoredumpFilter: '0x33'
    CoredumpReceive: 'no'
    DefaultDependencies: 'yes'
    DefaultMemoryLow: '0'
    DefaultMemoryMin: '0'
    DefaultStartupMemoryLow: '0'
    Delegate: 'no'
    Description: 'kubelet: The Kubernetes Node Agent'
    DevicePolicy: auto
    Documentation: https://kubernetes.io/docs/
    DropInPaths: /usr/lib/systemd/system/kubelet.service.d/10-kubeadm.conf
    DynamicUser: 'no'
    EffectiveCPUs: 0-3
    EffectiveMemoryNodes: '0'
    Environment: '"KUBELET_KUBECONFIG_ARGS=--bootstrap-kubeconfig=/etc/kubernetes/bootstrap-kubelet.conf --kubeconfig=/etc/kubernetes/kubelet.conf" KUBELET_CONFIG_ARGS=--config=/var/lib/kubelet/config.yaml'
    EnvironmentFiles: /etc/default/kubelet (ignore_errors=yes)
    ExecMainCode: '0'
    ExecMainExitTimestampMonotonic: '0'
    ExecMainPID: '3573306'
    ExecMainStartTimestamp: Tue 2025-08-19 16:09:34 UTC
    ExecMainStartTimestampMonotonic: '3862421562161'
    ExecMainStatus: '0'
    ExecStart: '{ path=/usr/bin/kubelet ; argv[]=/usr/bin/kubelet $KUBELET_KUBECONFIG_ARGS $KUBELET_CONFIG_ARGS $KUBELET_KUBEADM_ARGS $KUBELET_EXTRA_ARGS ; ignore_errors=no ; start_time=[n/a] ; stop_time=[n/a] ; pid=0 ; code=(null) ; status=0/0 }'
    ExecStartEx: '{ path=/usr/bin/kubelet ; argv[]=/usr/bin/kubelet $KUBELET_KUBECONFIG_ARGS $KUBELET_CONFIG_ARGS $KUBELET_KUBEADM_ARGS $KUBELET_EXTRA_ARGS ; flags= ; start_time=[n/a] ; stop_time=[n/a] ; pid=0 ; code=(null) ; status=0/0 }'
    ExitType: main
    ExtensionImagePolicy: root=verity+signed+encrypted+unprotected+absent:usr=verity+signed+encrypted+unprotected+absent:home=encrypted+unprotected+absent:srv=encrypted+unprotected+absent:tmp=encrypted+unprotected+absent:var=encrypted+unprotected+absent
    FailureAction: none
    FileDescriptorStoreMax: '0'
    FileDescriptorStorePreserve: restart
    FinalKillSignal: '9'
    FragmentPath: /usr/lib/systemd/system/kubelet.service
    FreezerState: running
    GID: '[not set]'
    GuessMainPID: 'yes'
    IOAccounting: 'no'
    IOReadBytes: '[not set]'
    IOReadOperations: '[not set]'
    IOSchedulingClass: '2'
    IOSchedulingPriority: '4'
    IOWeight: '[not set]'
    IOWriteBytes: '[not set]'
    IOWriteOperations: '[not set]'
    IPAccounting: 'no'
    IPEgressBytes: '[no data]'
    IPEgressPackets: '[no data]'
    IPIngressBytes: '[no data]'
    IPIngressPackets: '[no data]'
    Id: kubelet.service
    IgnoreOnIsolate: 'no'
    IgnoreSIGPIPE: 'yes'
    InactiveEnterTimestamp: Tue 2025-08-19 16:09:34 UTC
    InactiveEnterTimestampMonotonic: '3862421549239'
    InactiveExitTimestamp: Tue 2025-08-19 16:09:34 UTC
    InactiveExitTimestampMonotonic: '3862421562544'
    InvocationID: 17d52cc5b7924226aefe835ec658ac89
    JobRunningTimeoutUSec: infinity
    JobTimeoutAction: none
    JobTimeoutUSec: infinity
    KeyringMode: private
    KillMode: control-group
    KillSignal: '15'
    LimitAS: infinity
    LimitASSoft: infinity
    LimitCORE: infinity
    LimitCORESoft: '0'
    LimitCPU: infinity
    LimitCPUSoft: infinity
    LimitDATA: infinity
    LimitDATASoft: infinity
    LimitFSIZE: infinity
    LimitFSIZESoft: infinity
    LimitLOCKS: infinity
    LimitLOCKSSoft: infinity
    LimitMEMLOCK: '8388608'
    LimitMEMLOCKSoft: '8388608'
    LimitMSGQUEUE: '819200'
    LimitMSGQUEUESoft: '819200'
    LimitNICE: '0'
    LimitNICESoft: '0'
    LimitNOFILE: '524288'
    LimitNOFILESoft: '1024'
    LimitNPROC: '62969'
    LimitNPROCSoft: '62969'
    LimitRSS: infinity
    LimitRSSSoft: infinity
    LimitRTPRIO: '0'
    LimitRTPRIOSoft: '0'
    LimitRTTIME: infinity
    LimitRTTIMESoft: infinity
    LimitSIGPENDING: '62969'
    LimitSIGPENDINGSoft: '62969'
    LimitSTACK: infinity
    LimitSTACKSoft: '8388608'
    LoadState: loaded
    LockPersonality: 'no'
    LogLevelMax: '-1'
    LogRateLimitBurst: '0'
    LogRateLimitIntervalUSec: '0'
    LogsDirectoryMode: '0755'
    MainPID: '3573306'
    ManagedOOMMemoryPressure: auto
    ManagedOOMMemoryPressureLimit: '0'
    ManagedOOMPreference: none
    ManagedOOMSwap: auto
    MemoryAccounting: 'yes'
    MemoryAvailable: '14909882368'
    MemoryCurrent: '33550336'
    MemoryDenyWriteExecute: 'no'
    MemoryHigh: infinity
    MemoryKSM: 'no'
    MemoryLimit: infinity
    MemoryLow: '0'
    MemoryMax: infinity
    MemoryMin: '0'
    MemoryPeak: '34340864'
    MemoryPressureThresholdUSec: 200ms
    MemoryPressureWatch: auto
    MemorySwapCurrent: '0'
    MemorySwapMax: infinity
    MemorySwapPeak: '0'
    MemoryZSwapCurrent: '0'
    MemoryZSwapMax: infinity
    MountAPIVFS: 'no'
    MountImagePolicy: root=verity+signed+encrypted+unprotected+absent:usr=verity+signed+encrypted+unprotected+absent:home=encrypted+unprotected+absent:srv=encrypted+unprotected+absent:tmp=encrypted+unprotected+absent:var=encrypted+unprotected+absent
    NFileDescriptorStore: '0'
    NRestarts: '0'
    NUMAPolicy: n/a
    Names: kubelet.service
    NeedDaemonReload: 'no'
    Nice: '0'
    NoNewPrivileges: 'no'
    NonBlocking: 'no'
    NotifyAccess: none
    OOMPolicy: stop
    OOMScoreAdjust: '0'
    OnFailureJobMode: replace
    OnSuccessJobMode: fail
    Perpetual: 'no'
    PrivateDevices: 'no'
    PrivateIPC: 'no'
    PrivateMounts: 'no'
    PrivateNetwork: 'no'
    PrivateTmp: 'no'
    PrivateUsers: 'no'
    ProcSubset: all
    ProtectClock: 'no'
    ProtectControlGroups: 'no'
    ProtectHome: 'no'
    ProtectHostname: 'no'
    ProtectKernelLogs: 'no'
    ProtectKernelModules: 'no'
    ProtectKernelTunables: 'no'
    ProtectProc: default
    ProtectSystem: 'no'
    RefuseManualStart: 'no'
    RefuseManualStop: 'no'
    ReloadResult: success
    ReloadSignal: '1'
    RemainAfterExit: 'no'
    RemoveIPC: 'no'
    Requires: sysinit.target system.slice
    Restart: always
    RestartKillSignal: '15'
    RestartMaxDelayUSec: infinity
    RestartMode: normal
    RestartSteps: '0'
    RestartUSec: 10s
    RestartUSecNext: 10s
    RestrictNamespaces: 'no'
    RestrictRealtime: 'no'
    RestrictSUIDSGID: 'no'
    Result: success
    RootDirectoryStartOnly: 'no'
    RootEphemeral: 'no'
    RootImagePolicy: root=verity+signed+encrypted+unprotected+absent:usr=verity+signed+encrypted+unprotected+absent:home=encrypted+unprotected+absent:srv=encrypted+unprotected+absent:tmp=encrypted+unprotected+absent:var=encrypted+unprotected+absent
    RuntimeDirectoryMode: '0755'
    RuntimeDirectoryPreserve: 'no'
    RuntimeMaxUSec: infinity
    RuntimeRandomizedExtraUSec: '0'
    SameProcessGroup: 'no'
    SecureBits: '0'
    SendSIGHUP: 'no'
    SendSIGKILL: 'yes'
    SetLoginEnvironment: 'no'
    Slice: system.slice
    StandardError: inherit
    StandardInput: 'null'
    StandardOutput: journal
    StartLimitAction: none
    StartLimitBurst: '5'
    StartLimitIntervalUSec: '0'
    StartupBlockIOWeight: '[not set]'
    StartupCPUShares: '[not set]'
    StartupCPUWeight: '[not set]'
    StartupIOWeight: '[not set]'
    StartupMemoryHigh: infinity
    StartupMemoryLow: '0'
    StartupMemoryMax: infinity
    StartupMemorySwapMax: infinity
    StartupMemoryZSwapMax: infinity
    StateChangeTimestamp: Tue 2025-08-19 16:09:34 UTC
    StateChangeTimestampMonotonic: '3862421562544'
    StateDirectoryMode: '0755'
    StatusErrno: '0'
    StopWhenUnneeded: 'no'
    SubState: running
    SuccessAction: none
    SurviveFinalKillSignal: 'no'
    SyslogFacility: '3'
    SyslogLevel: '6'
    SyslogLevelPrefix: 'yes'
    SyslogPriority: '30'
    SystemCallErrorNumber: '2147483646'
    TTYReset: 'no'
    TTYVHangup: 'no'
    TTYVTDisallocate: 'no'
    TasksAccounting: 'yes'
    TasksCurrent: '12'
    TasksMax: '18890'
    TimeoutAbortUSec: 1min 30s
    TimeoutCleanUSec: infinity
    TimeoutStartFailureMode: terminate
    TimeoutStartUSec: 1min 30s
    TimeoutStopFailureMode: terminate
    TimeoutStopUSec: 1min 30s
    TimerSlackNSec: '50000'
    Transient: 'no'
    Type: simple
    UID: '[not set]'
    UMask: '0022'
    UnitFilePreset: enabled
    UnitFileState: enabled
    UtmpMode: init
    WantedBy: multi-user.target
    Wants: network-online.target
    WatchdogSignal: '6'
    WatchdogTimestampMonotonic: '0'
    WatchdogUSec: '0'
2025-08-19 12:09:46,146 p=37699 u=ollama n=ansible | TASK [Wait for kubelet to be healthy] ******************************************
2025-08-19 12:09:46,146 p=37699 u=ollama n=ansible | ok: [k8s09] => changed=false 
  elapsed: 10
  match_groupdict: {}
  match_groups: []
  path: null
  port: 10250
  search_regex: null
  state: started
2025-08-19 12:09:46,262 p=37699 u=ollama n=ansible | ok: [k8s08] => changed=false 
  elapsed: 10
  match_groupdict: {}
  match_groups: []
  path: null
  port: 10250
  search_regex: null
  state: started
2025-08-19 12:09:46,527 p=37699 u=ollama n=ansible | TASK [Verify kubelet is running] ***********************************************
2025-08-19 12:09:46,530 p=37699 u=ollama n=ansible | ok: [k8s09] => changed=false 
  attempts: 1
  name: kubelet
  state: started
  status:
    ActiveEnterTimestamp: Tue 2025-08-19 16:09:35 UTC
    ActiveEnterTimestampMonotonic: '3861696749533'
    ActiveExitTimestamp: Tue 2025-08-19 16:09:35 UTC
    ActiveExitTimestampMonotonic: '3861696701666'
    ActiveState: active
    After: network-online.target systemd-journald.socket sysinit.target basic.target system.slice
    AllowIsolate: 'no'
    AssertResult: 'yes'
    AssertTimestamp: Tue 2025-08-19 16:09:35 UTC
    AssertTimestampMonotonic: '3861696736577'
    Before: multi-user.target shutdown.target
    BlockIOAccounting: 'no'
    BlockIOWeight: '[not set]'
    CPUAccounting: 'yes'
    CPUAffinityFromNUMA: 'no'
    CPUQuotaPerSecUSec: infinity
    CPUQuotaPeriodUSec: infinity
    CPUSchedulingPolicy: '0'
    CPUSchedulingPriority: '0'
    CPUSchedulingResetOnFork: 'no'
    CPUShares: '[not set]'
    CPUUsageNSec: '603733000'
    CPUWeight: '[not set]'
    CacheDirectoryMode: '0755'
    CanFreeze: 'yes'
    CanIsolate: 'no'
    CanReload: 'no'
    CanStart: 'yes'
    CanStop: 'yes'
    CapabilityBoundingSet: cap_chown cap_dac_override cap_dac_read_search cap_fowner cap_fsetid cap_kill cap_setgid cap_setuid cap_setpcap cap_linux_immutable cap_net_bind_service cap_net_broadcast cap_net_admin cap_net_raw cap_ipc_lock cap_ipc_owner cap_sys_module cap_sys_rawio cap_sys_chroot cap_sys_ptrace cap_sys_pacct cap_sys_admin cap_sys_boot cap_sys_nice cap_sys_resource cap_sys_time cap_sys_tty_config cap_mknod cap_lease cap_audit_write cap_audit_control cap_setfcap cap_mac_override cap_mac_admin cap_syslog cap_wake_alarm cap_block_suspend cap_audit_read cap_perfmon cap_bpf cap_checkpoint_restore
    CleanResult: success
    CollectMode: inactive
    ConditionResult: 'yes'
    ConditionTimestamp: Tue 2025-08-19 16:09:35 UTC
    ConditionTimestampMonotonic: '3861696736576'
    ConfigurationDirectoryMode: '0755'
    Conflicts: shutdown.target
    ControlGroup: /system.slice/kubelet.service
    ControlGroupId: '1474477'
    ControlPID: '0'
    CoredumpFilter: '0x33'
    CoredumpReceive: 'no'
    DefaultDependencies: 'yes'
    DefaultMemoryLow: '0'
    DefaultMemoryMin: '0'
    DefaultStartupMemoryLow: '0'
    Delegate: 'no'
    Description: 'kubelet: The Kubernetes Node Agent'
    DevicePolicy: auto
    Documentation: https://kubernetes.io/docs/
    DropInPaths: /usr/lib/systemd/system/kubelet.service.d/10-kubeadm.conf
    DynamicUser: 'no'
    EffectiveCPUs: 0-11
    EffectiveMemoryNodes: '0'
    Environment: '"KUBELET_KUBECONFIG_ARGS=--bootstrap-kubeconfig=/etc/kubernetes/bootstrap-kubelet.conf --kubeconfig=/etc/kubernetes/kubelet.conf" KUBELET_CONFIG_ARGS=--config=/var/lib/kubelet/config.yaml'
    EnvironmentFiles: /etc/default/kubelet (ignore_errors=yes)
    ExecMainCode: '0'
    ExecMainExitTimestampMonotonic: '0'
    ExecMainPID: '3253256'
    ExecMainStartTimestamp: Tue 2025-08-19 16:09:35 UTC
    ExecMainStartTimestampMonotonic: '3861696749238'
    ExecMainStatus: '0'
    ExecStart: '{ path=/usr/bin/kubelet ; argv[]=/usr/bin/kubelet $KUBELET_KUBECONFIG_ARGS $KUBELET_CONFIG_ARGS $KUBELET_KUBEADM_ARGS $KUBELET_EXTRA_ARGS ; ignore_errors=no ; start_time=[Tue 2025-08-19 16:09:35 UTC] ; stop_time=[n/a] ; pid=3253256 ; code=(null) ; status=0/0 }'
    ExecStartEx: '{ path=/usr/bin/kubelet ; argv[]=/usr/bin/kubelet $KUBELET_KUBECONFIG_ARGS $KUBELET_CONFIG_ARGS $KUBELET_KUBEADM_ARGS $KUBELET_EXTRA_ARGS ; flags= ; start_time=[Tue 2025-08-19 16:09:35 UTC] ; stop_time=[n/a] ; pid=3253256 ; code=(null) ; status=0/0 }'
    ExitType: main
    ExtensionImagePolicy: root=verity+signed+encrypted+unprotected+absent:usr=verity+signed+encrypted+unprotected+absent:home=encrypted+unprotected+absent:srv=encrypted+unprotected+absent:tmp=encrypted+unprotected+absent:var=encrypted+unprotected+absent
    FailureAction: none
    FileDescriptorStoreMax: '0'
    FileDescriptorStorePreserve: restart
    FinalKillSignal: '9'
    FragmentPath: /usr/lib/systemd/system/kubelet.service
    FreezerState: running
    GID: '[not set]'
    GuessMainPID: 'yes'
    IOAccounting: 'no'
    IOReadBytes: '[not set]'
    IOReadOperations: '[not set]'
    IOSchedulingClass: '2'
    IOSchedulingPriority: '4'
    IOWeight: '[not set]'
    IOWriteBytes: '[not set]'
    IOWriteOperations: '[not set]'
    IPAccounting: 'no'
    IPEgressBytes: '[no data]'
    IPEgressPackets: '[no data]'
    IPIngressBytes: '[no data]'
    IPIngressPackets: '[no data]'
    Id: kubelet.service
    IgnoreOnIsolate: 'no'
    IgnoreSIGPIPE: 'yes'
    InactiveEnterTimestamp: Tue 2025-08-19 16:09:35 UTC
    InactiveEnterTimestampMonotonic: '3861696735998'
    InactiveExitTimestamp: Tue 2025-08-19 16:09:35 UTC
    InactiveExitTimestampMonotonic: '3861696749533'
    InvocationID: 1072d4dce03a443e99fcb66b86c4a681
    JobRunningTimeoutUSec: infinity
    JobTimeoutAction: none
    JobTimeoutUSec: infinity
    KeyringMode: private
    KillMode: control-group
    KillSignal: '15'
    LimitAS: infinity
    LimitASSoft: infinity
    LimitCORE: infinity
    LimitCORESoft: '0'
    LimitCPU: infinity
    LimitCPUSoft: infinity
    LimitDATA: infinity
    LimitDATASoft: infinity
    LimitFSIZE: infinity
    LimitFSIZESoft: infinity
    LimitLOCKS: infinity
    LimitLOCKSSoft: infinity
    LimitMEMLOCK: '8388608'
    LimitMEMLOCKSoft: '8388608'
    LimitMSGQUEUE: '819200'
    LimitMSGQUEUESoft: '819200'
    LimitNICE: '0'
    LimitNICESoft: '0'
    LimitNOFILE: '524288'
    LimitNOFILESoft: '1024'
    LimitNPROC: '253741'
    LimitNPROCSoft: '253741'
    LimitRSS: infinity
    LimitRSSSoft: infinity
    LimitRTPRIO: '0'
    LimitRTPRIOSoft: '0'
    LimitRTTIME: infinity
    LimitRTTIMESoft: infinity
    LimitSIGPENDING: '253741'
    LimitSIGPENDINGSoft: '253741'
    LimitSTACK: infinity
    LimitSTACKSoft: '8388608'
    LoadState: loaded
    LockPersonality: 'no'
    LogLevelMax: '-1'
    LogRateLimitBurst: '0'
    LogRateLimitIntervalUSec: '0'
    LogsDirectoryMode: '0755'
    MainPID: '3253256'
    ManagedOOMMemoryPressure: auto
    ManagedOOMMemoryPressureLimit: '0'
    ManagedOOMPreference: none
    ManagedOOMSwap: auto
    MemoryAccounting: 'yes'
    MemoryAvailable: '64099516416'
    MemoryCurrent: '36458496'
    MemoryDenyWriteExecute: 'no'
    MemoryHigh: infinity
    MemoryKSM: 'no'
    MemoryLimit: infinity
    MemoryLow: '0'
    MemoryMax: infinity
    MemoryMin: '0'
    MemoryPeak: '40534016'
    MemoryPressureThresholdUSec: 200ms
    MemoryPressureWatch: auto
    MemorySwapCurrent: '0'
    MemorySwapMax: infinity
    MemorySwapPeak: '0'
    MemoryZSwapCurrent: '0'
    MemoryZSwapMax: infinity
    MountAPIVFS: 'no'
    MountImagePolicy: root=verity+signed+encrypted+unprotected+absent:usr=verity+signed+encrypted+unprotected+absent:home=encrypted+unprotected+absent:srv=encrypted+unprotected+absent:tmp=encrypted+unprotected+absent:var=encrypted+unprotected+absent
    NFileDescriptorStore: '0'
    NRestarts: '0'
    NUMAPolicy: n/a
    Names: kubelet.service
    NeedDaemonReload: 'no'
    Nice: '0'
    NoNewPrivileges: 'no'
    NonBlocking: 'no'
    NotifyAccess: none
    OOMPolicy: stop
    OOMScoreAdjust: '0'
    OnFailureJobMode: replace
    OnSuccessJobMode: fail
    Perpetual: 'no'
    PrivateDevices: 'no'
    PrivateIPC: 'no'
    PrivateMounts: 'no'
    PrivateNetwork: 'no'
    PrivateTmp: 'no'
    PrivateUsers: 'no'
    ProcSubset: all
    ProtectClock: 'no'
    ProtectControlGroups: 'no'
    ProtectHome: 'no'
    ProtectHostname: 'no'
    ProtectKernelLogs: 'no'
    ProtectKernelModules: 'no'
    ProtectKernelTunables: 'no'
    ProtectProc: default
    ProtectSystem: 'no'
    RefuseManualStart: 'no'
    RefuseManualStop: 'no'
    ReloadResult: success
    ReloadSignal: '1'
    RemainAfterExit: 'no'
    RemoveIPC: 'no'
    Requires: system.slice sysinit.target
    Restart: always
    RestartKillSignal: '15'
    RestartMaxDelayUSec: infinity
    RestartMode: normal
    RestartSteps: '0'
    RestartUSec: 10s
    RestartUSecNext: 10s
    RestrictNamespaces: 'no'
    RestrictRealtime: 'no'
    RestrictSUIDSGID: 'no'
    Result: success
    RootDirectoryStartOnly: 'no'
    RootEphemeral: 'no'
    RootImagePolicy: root=verity+signed+encrypted+unprotected+absent:usr=verity+signed+encrypted+unprotected+absent:home=encrypted+unprotected+absent:srv=encrypted+unprotected+absent:tmp=encrypted+unprotected+absent:var=encrypted+unprotected+absent
    RuntimeDirectoryMode: '0755'
    RuntimeDirectoryPreserve: 'no'
    RuntimeMaxUSec: infinity
    RuntimeRandomizedExtraUSec: '0'
    SameProcessGroup: 'no'
    SecureBits: '0'
    SendSIGHUP: 'no'
    SendSIGKILL: 'yes'
    SetLoginEnvironment: 'no'
    Slice: system.slice
    StandardError: inherit
    StandardInput: 'null'
    StandardOutput: journal
    StartLimitAction: none
    StartLimitBurst: '5'
    StartLimitIntervalUSec: '0'
    StartupBlockIOWeight: '[not set]'
    StartupCPUShares: '[not set]'
    StartupCPUWeight: '[not set]'
    StartupIOWeight: '[not set]'
    StartupMemoryHigh: infinity
    StartupMemoryLow: '0'
    StartupMemoryMax: infinity
    StartupMemorySwapMax: infinity
    StartupMemoryZSwapMax: infinity
    StateChangeTimestamp: Tue 2025-08-19 16:09:35 UTC
    StateChangeTimestampMonotonic: '3861696749533'
    StateDirectoryMode: '0755'
    StatusErrno: '0'
    StopWhenUnneeded: 'no'
    SubState: running
    SuccessAction: none
    SurviveFinalKillSignal: 'no'
    SyslogFacility: '3'
    SyslogLevel: '6'
    SyslogLevelPrefix: 'yes'
    SyslogPriority: '30'
    SystemCallErrorNumber: '2147483646'
    TTYReset: 'no'
    TTYVHangup: 'no'
    TTYVTDisallocate: 'no'
    TasksAccounting: 'yes'
    TasksCurrent: '19'
    TasksMax: '76122'
    TimeoutAbortUSec: 1min 30s
    TimeoutCleanUSec: infinity
    TimeoutStartFailureMode: terminate
    TimeoutStartUSec: 1min 30s
    TimeoutStopFailureMode: terminate
    TimeoutStopUSec: 1min 30s
    TimerSlackNSec: '50000'
    Transient: 'no'
    Type: simple
    UID: '[not set]'
    UMask: '0022'
    UnitFilePreset: enabled
    UnitFileState: enabled
    UtmpMode: init
    WantedBy: multi-user.target
    Wants: network-online.target
    WatchdogSignal: '6'
    WatchdogTimestampMonotonic: '0'
    WatchdogUSec: '0'
2025-08-19 12:09:46,627 p=37699 u=ollama n=ansible | ok: [k8s08] => changed=false 
  attempts: 1
  name: kubelet
  state: started
  status:
    ActiveEnterTimestamp: Tue 2025-08-19 16:09:35 UTC
    ActiveEnterTimestampMonotonic: '3862422729501'
    ActiveExitTimestamp: Tue 2025-08-19 16:09:35 UTC
    ActiveExitTimestampMonotonic: '3862422700530'
    ActiveState: active
    After: system.slice systemd-journald.socket sysinit.target basic.target network-online.target
    AllowIsolate: 'no'
    AssertResult: 'yes'
    AssertTimestamp: Tue 2025-08-19 16:09:35 UTC
    AssertTimestampMonotonic: '3862422721652'
    Before: multi-user.target shutdown.target
    BlockIOAccounting: 'no'
    BlockIOWeight: '[not set]'
    CPUAccounting: 'yes'
    CPUAffinityFromNUMA: 'no'
    CPUQuotaPerSecUSec: infinity
    CPUQuotaPeriodUSec: infinity
    CPUSchedulingPolicy: '0'
    CPUSchedulingPriority: '0'
    CPUSchedulingResetOnFork: 'no'
    CPUShares: '[not set]'
    CPUUsageNSec: '1282145000'
    CPUWeight: '[not set]'
    CacheDirectoryMode: '0755'
    CanFreeze: 'yes'
    CanIsolate: 'no'
    CanReload: 'no'
    CanStart: 'yes'
    CanStop: 'yes'
    CapabilityBoundingSet: cap_chown cap_dac_override cap_dac_read_search cap_fowner cap_fsetid cap_kill cap_setgid cap_setuid cap_setpcap cap_linux_immutable cap_net_bind_service cap_net_broadcast cap_net_admin cap_net_raw cap_ipc_lock cap_ipc_owner cap_sys_module cap_sys_rawio cap_sys_chroot cap_sys_ptrace cap_sys_pacct cap_sys_admin cap_sys_boot cap_sys_nice cap_sys_resource cap_sys_time cap_sys_tty_config cap_mknod cap_lease cap_audit_write cap_audit_control cap_setfcap cap_mac_override cap_mac_admin cap_syslog cap_wake_alarm cap_block_suspend cap_audit_read cap_perfmon cap_bpf cap_checkpoint_restore
    CleanResult: success
    CollectMode: inactive
    ConditionResult: 'yes'
    ConditionTimestamp: Tue 2025-08-19 16:09:35 UTC
    ConditionTimestampMonotonic: '3862422721650'
    ConfigurationDirectoryMode: '0755'
    Conflicts: shutdown.target
    ControlGroup: /system.slice/kubelet.service
    ControlGroupId: '707168'
    ControlPID: '0'
    CoredumpFilter: '0x33'
    CoredumpReceive: 'no'
    DefaultDependencies: 'yes'
    DefaultMemoryLow: '0'
    DefaultMemoryMin: '0'
    DefaultStartupMemoryLow: '0'
    Delegate: 'no'
    Description: 'kubelet: The Kubernetes Node Agent'
    DevicePolicy: auto
    Documentation: https://kubernetes.io/docs/
    DropInPaths: /usr/lib/systemd/system/kubelet.service.d/10-kubeadm.conf
    DynamicUser: 'no'
    EffectiveCPUs: 0-3
    EffectiveMemoryNodes: '0'
    Environment: '"KUBELET_KUBECONFIG_ARGS=--bootstrap-kubeconfig=/etc/kubernetes/bootstrap-kubelet.conf --kubeconfig=/etc/kubernetes/kubelet.conf" KUBELET_CONFIG_ARGS=--config=/var/lib/kubelet/config.yaml'
    EnvironmentFiles: /etc/default/kubelet (ignore_errors=yes)
    ExecMainCode: '0'
    ExecMainExitTimestampMonotonic: '0'
    ExecMainPID: '3573450'
    ExecMainStartTimestamp: Tue 2025-08-19 16:09:35 UTC
    ExecMainStartTimestampMonotonic: '3862422729196'
    ExecMainStatus: '0'
    ExecStart: '{ path=/usr/bin/kubelet ; argv[]=/usr/bin/kubelet $KUBELET_KUBECONFIG_ARGS $KUBELET_CONFIG_ARGS $KUBELET_KUBEADM_ARGS $KUBELET_EXTRA_ARGS ; ignore_errors=no ; start_time=[Tue 2025-08-19 16:09:35 UTC] ; stop_time=[n/a] ; pid=3573450 ; code=(null) ; status=0/0 }'
    ExecStartEx: '{ path=/usr/bin/kubelet ; argv[]=/usr/bin/kubelet $KUBELET_KUBECONFIG_ARGS $KUBELET_CONFIG_ARGS $KUBELET_KUBEADM_ARGS $KUBELET_EXTRA_ARGS ; flags= ; start_time=[Tue 2025-08-19 16:09:35 UTC] ; stop_time=[n/a] ; pid=3573450 ; code=(null) ; status=0/0 }'
    ExitType: main
    ExtensionImagePolicy: root=verity+signed+encrypted+unprotected+absent:usr=verity+signed+encrypted+unprotected+absent:home=encrypted+unprotected+absent:srv=encrypted+unprotected+absent:tmp=encrypted+unprotected+absent:var=encrypted+unprotected+absent
    FailureAction: none
    FileDescriptorStoreMax: '0'
    FileDescriptorStorePreserve: restart
    FinalKillSignal: '9'
    FragmentPath: /usr/lib/systemd/system/kubelet.service
    FreezerState: running
    GID: '[not set]'
    GuessMainPID: 'yes'
    IOAccounting: 'no'
    IOReadBytes: '[not set]'
    IOReadOperations: '[not set]'
    IOSchedulingClass: '2'
    IOSchedulingPriority: '4'
    IOWeight: '[not set]'
    IOWriteBytes: '[not set]'
    IOWriteOperations: '[not set]'
    IPAccounting: 'no'
    IPEgressBytes: '[no data]'
    IPEgressPackets: '[no data]'
    IPIngressBytes: '[no data]'
    IPIngressPackets: '[no data]'
    Id: kubelet.service
    IgnoreOnIsolate: 'no'
    IgnoreSIGPIPE: 'yes'
    InactiveEnterTimestamp: Tue 2025-08-19 16:09:35 UTC
    InactiveEnterTimestampMonotonic: '3862422720942'
    InactiveExitTimestamp: Tue 2025-08-19 16:09:35 UTC
    InactiveExitTimestampMonotonic: '3862422729501'
    InvocationID: 51897dd877c248a1a1b3b7c1836c162f
    JobRunningTimeoutUSec: infinity
    JobTimeoutAction: none
    JobTimeoutUSec: infinity
    KeyringMode: private
    KillMode: control-group
    KillSignal: '15'
    LimitAS: infinity
    LimitASSoft: infinity
    LimitCORE: infinity
    LimitCORESoft: '0'
    LimitCPU: infinity
    LimitCPUSoft: infinity
    LimitDATA: infinity
    LimitDATASoft: infinity
    LimitFSIZE: infinity
    LimitFSIZESoft: infinity
    LimitLOCKS: infinity
    LimitLOCKSSoft: infinity
    LimitMEMLOCK: '8388608'
    LimitMEMLOCKSoft: '8388608'
    LimitMSGQUEUE: '819200'
    LimitMSGQUEUESoft: '819200'
    LimitNICE: '0'
    LimitNICESoft: '0'
    LimitNOFILE: '524288'
    LimitNOFILESoft: '1024'
    LimitNPROC: '62969'
    LimitNPROCSoft: '62969'
    LimitRSS: infinity
    LimitRSSSoft: infinity
    LimitRTPRIO: '0'
    LimitRTPRIOSoft: '0'
    LimitRTTIME: infinity
    LimitRTTIMESoft: infinity
    LimitSIGPENDING: '62969'
    LimitSIGPENDINGSoft: '62969'
    LimitSTACK: infinity
    LimitSTACKSoft: '8388608'
    LoadState: loaded
    LockPersonality: 'no'
    LogLevelMax: '-1'
    LogRateLimitBurst: '0'
    LogRateLimitIntervalUSec: '0'
    LogsDirectoryMode: '0755'
    MainPID: '3573450'
    ManagedOOMMemoryPressure: auto
    ManagedOOMMemoryPressureLimit: '0'
    ManagedOOMPreference: none
    ManagedOOMSwap: auto
    MemoryAccounting: 'yes'
    MemoryAvailable: '15025029120'
    MemoryCurrent: '33255424'
    MemoryDenyWriteExecute: 'no'
    MemoryHigh: infinity
    MemoryKSM: 'no'
    MemoryLimit: infinity
    MemoryLow: '0'
    MemoryMax: infinity
    MemoryMin: '0'
    MemoryPeak: '33763328'
    MemoryPressureThresholdUSec: 200ms
    MemoryPressureWatch: auto
    MemorySwapCurrent: '0'
    MemorySwapMax: infinity
    MemorySwapPeak: '0'
    MemoryZSwapCurrent: '0'
    MemoryZSwapMax: infinity
    MountAPIVFS: 'no'
    MountImagePolicy: root=verity+signed+encrypted+unprotected+absent:usr=verity+signed+encrypted+unprotected+absent:home=encrypted+unprotected+absent:srv=encrypted+unprotected+absent:tmp=encrypted+unprotected+absent:var=encrypted+unprotected+absent
    NFileDescriptorStore: '0'
    NRestarts: '0'
    NUMAPolicy: n/a
    Names: kubelet.service
    NeedDaemonReload: 'no'
    Nice: '0'
    NoNewPrivileges: 'no'
    NonBlocking: 'no'
    NotifyAccess: none
    OOMPolicy: stop
    OOMScoreAdjust: '0'
    OnFailureJobMode: replace
    OnSuccessJobMode: fail
    Perpetual: 'no'
    PrivateDevices: 'no'
    PrivateIPC: 'no'
    PrivateMounts: 'no'
    PrivateNetwork: 'no'
    PrivateTmp: 'no'
    PrivateUsers: 'no'
    ProcSubset: all
    ProtectClock: 'no'
    ProtectControlGroups: 'no'
    ProtectHome: 'no'
    ProtectHostname: 'no'
    ProtectKernelLogs: 'no'
    ProtectKernelModules: 'no'
    ProtectKernelTunables: 'no'
    ProtectProc: default
    ProtectSystem: 'no'
    RefuseManualStart: 'no'
    RefuseManualStop: 'no'
    ReloadResult: success
    ReloadSignal: '1'
    RemainAfterExit: 'no'
    RemoveIPC: 'no'
    Requires: sysinit.target system.slice
    Restart: always
    RestartKillSignal: '15'
    RestartMaxDelayUSec: infinity
    RestartMode: normal
    RestartSteps: '0'
    RestartUSec: 10s
    RestartUSecNext: 10s
    RestrictNamespaces: 'no'
    RestrictRealtime: 'no'
    RestrictSUIDSGID: 'no'
    Result: success
    RootDirectoryStartOnly: 'no'
    RootEphemeral: 'no'
    RootImagePolicy: root=verity+signed+encrypted+unprotected+absent:usr=verity+signed+encrypted+unprotected+absent:home=encrypted+unprotected+absent:srv=encrypted+unprotected+absent:tmp=encrypted+unprotected+absent:var=encrypted+unprotected+absent
    RuntimeDirectoryMode: '0755'
    RuntimeDirectoryPreserve: 'no'
    RuntimeMaxUSec: infinity
    RuntimeRandomizedExtraUSec: '0'
    SameProcessGroup: 'no'
    SecureBits: '0'
    SendSIGHUP: 'no'
    SendSIGKILL: 'yes'
    SetLoginEnvironment: 'no'
    Slice: system.slice
    StandardError: inherit
    StandardInput: 'null'
    StandardOutput: journal
    StartLimitAction: none
    StartLimitBurst: '5'
    StartLimitIntervalUSec: '0'
    StartupBlockIOWeight: '[not set]'
    StartupCPUShares: '[not set]'
    StartupCPUWeight: '[not set]'
    StartupIOWeight: '[not set]'
    StartupMemoryHigh: infinity
    StartupMemoryLow: '0'
    StartupMemoryMax: infinity
    StartupMemorySwapMax: infinity
    StartupMemoryZSwapMax: infinity
    StateChangeTimestamp: Tue 2025-08-19 16:09:35 UTC
    StateChangeTimestampMonotonic: '3862422729501'
    StateDirectoryMode: '0755'
    StatusErrno: '0'
    StopWhenUnneeded: 'no'
    SubState: running
    SuccessAction: none
    SurviveFinalKillSignal: 'no'
    SyslogFacility: '3'
    SyslogLevel: '6'
    SyslogLevelPrefix: 'yes'
    SyslogPriority: '30'
    SystemCallErrorNumber: '2147483646'
    TTYReset: 'no'
    TTYVHangup: 'no'
    TTYVTDisallocate: 'no'
    TasksAccounting: 'yes'
    TasksCurrent: '11'
    TasksMax: '18890'
    TimeoutAbortUSec: 1min 30s
    TimeoutCleanUSec: infinity
    TimeoutStartFailureMode: terminate
    TimeoutStartUSec: 1min 30s
    TimeoutStopFailureMode: terminate
    TimeoutStopUSec: 1min 30s
    TimerSlackNSec: '50000'
    Transient: 'no'
    Type: simple
    UID: '[not set]'
    UMask: '0022'
    UnitFilePreset: enabled
    UnitFileState: enabled
    UtmpMode: init
    WantedBy: multi-user.target
    Wants: network-online.target
    WatchdogSignal: '6'
    WatchdogTimestampMonotonic: '0'
    WatchdogUSec: '0'
2025-08-19 12:09:47,093 p=37699 u=ollama n=ansible | TASK [Uncordon the node] *******************************************************
2025-08-19 12:09:47,093 p=37699 u=ollama n=ansible | changed: [k8s09 -> k8s01(192.168.0.50)] => changed=true 
  attempts: 1
  cmd:
  - kubectl
  - uncordon
  - k8s09
  delta: '0:00:00.126653'
  end: '2025-08-19 16:09:46.814408'
  msg: ''
  rc: 0
  start: '2025-08-19 16:09:46.687755'
  stderr: ''
  stderr_lines: <omitted>
  stdout: node/k8s09 uncordoned
  stdout_lines: <omitted>
2025-08-19 12:09:47,095 p=37699 u=ollama n=ansible | changed: [k8s08 -> k8s01(192.168.0.50)] => changed=true 
  attempts: 1
  cmd:
  - kubectl
  - uncordon
  - k8s08
  delta: '0:00:00.145715'
  end: '2025-08-19 16:09:46.821911'
  msg: ''
  rc: 0
  start: '2025-08-19 16:09:46.676196'
  stderr: ''
  stderr_lines: <omitted>
  stdout: node/k8s08 uncordoned
  stdout_lines: <omitted>
2025-08-19 12:09:47,624 p=37699 u=ollama n=ansible | TASK [Wait for node to be Ready] ***********************************************
2025-08-19 12:09:47,624 p=37699 u=ollama n=ansible | ok: [k8s09 -> k8s01(192.168.0.50)] => changed=false 
  attempts: 1
  cmd:
  - kubectl
  - get
  - node
  - k8s09
  - --no-headers
  delta: '0:00:00.186274'
  end: '2025-08-19 16:09:47.372361'
  msg: ''
  rc: 0
  start: '2025-08-19 16:09:47.186087'
  stderr: ''
  stderr_lines: <omitted>
  stdout: k8s09   Ready   worker   44d   v1.33.4
  stdout_lines: <omitted>
2025-08-19 12:09:47,673 p=37699 u=ollama n=ansible | ok: [k8s08 -> k8s01(192.168.0.50)] => changed=false 
  attempts: 1
  cmd:
  - kubectl
  - get
  - node
  - k8s08
  - --no-headers
  delta: '0:00:00.108043'
  end: '2025-08-19 16:09:47.421567'
  msg: ''
  rc: 0
  start: '2025-08-19 16:09:47.313524'
  stderr: ''
  stderr_lines: <omitted>
  stdout: k8s08   Ready   worker   44d   v1.33.4
  stdout_lines: <omitted>
2025-08-19 12:09:48,061 p=37699 u=ollama n=ansible | TASK [Verify final node version] ***********************************************
2025-08-19 12:09:48,062 p=37699 u=ollama n=ansible | ok: [k8s08 -> k8s01(192.168.0.50)] => changed=false 
  cmd:
  - kubectl
  - get
  - node
  - k8s08
  - -o
  - jsonpath={.status.nodeInfo.kubeletVersion}
  delta: '0:00:00.109038'
  end: '2025-08-19 16:09:47.794559'
  failed_when_result: false
  msg: ''
  rc: 0
  start: '2025-08-19 16:09:47.685521'
  stderr: ''
  stderr_lines: <omitted>
  stdout: v1.33.4
  stdout_lines: <omitted>
2025-08-19 12:09:48,071 p=37699 u=ollama n=ansible | ok: [k8s09 -> k8s01(192.168.0.50)] => changed=false 
  cmd:
  - kubectl
  - get
  - node
  - k8s09
  - -o
  - jsonpath={.status.nodeInfo.kubeletVersion}
  delta: '0:00:00.105050'
  end: '2025-08-19 16:09:47.808014'
  failed_when_result: false
  msg: ''
  rc: 0
  start: '2025-08-19 16:09:47.702964'
  stderr: ''
  stderr_lines: <omitted>
  stdout: v1.33.4
  stdout_lines: <omitted>
2025-08-19 12:09:48,136 p=37699 u=ollama n=ansible | TASK [Display upgrade completion] **********************************************
2025-08-19 12:09:48,136 p=37699 u=ollama n=ansible | ok: [k8s08] => 
  msg: |-
    ✓ k8s08 successfully upgraded
    Version: v1.33.4
    Status: Ready and schedulable
2025-08-19 12:09:48,144 p=37699 u=ollama n=ansible | ok: [k8s09] => 
  msg: |-
    ✓ k8s09 successfully upgraded
    Version: v1.33.4
    Status: Ready and schedulable
2025-08-19 12:09:48,167 p=37699 u=ollama n=ansible | Pausing for 30 seconds
2025-08-19 12:10:17,315 p=37699 u=ollama n=ansible | TASK [Wait before next batch] **************************************************
2025-08-19 12:10:17,316 p=37699 u=ollama n=ansible | ok: [k8s08] => changed=false 
  delta: 29
  echo: true
  rc: 0
  start: '2025-08-19 12:09:48.167283'
  stderr: ''
  stdout: Paused for 29.15 seconds
  stop: '2025-08-19 12:10:17.314416'
  user_input: ''
2025-08-19 12:10:17,339 p=37699 u=ollama n=ansible | PLAY RECAP *********************************************************************
2025-08-19 12:10:17,339 p=37699 u=ollama n=ansible | k8s04                      : ok=16   changed=6    unreachable=0    failed=0    skipped=0    rescued=0    ignored=0   
2025-08-19 12:10:17,339 p=37699 u=ollama n=ansible | k8s05                      : ok=14   changed=6    unreachable=0    failed=0    skipped=0    rescued=0    ignored=0   
2025-08-19 12:10:17,339 p=37699 u=ollama n=ansible | k8s06                      : ok=17   changed=6    unreachable=0    failed=0    skipped=0    rescued=0    ignored=0   
2025-08-19 12:10:17,339 p=37699 u=ollama n=ansible | k8s07                      : ok=15   changed=6    unreachable=0    failed=0    skipped=0    rescued=0    ignored=0   
2025-08-19 12:10:17,339 p=37699 u=ollama n=ansible | k8s08                      : ok=17   changed=6    unreachable=0    failed=0    skipped=0    rescued=0    ignored=0   
2025-08-19 12:10:17,339 p=37699 u=ollama n=ansible | k8s09                      : ok=15   changed=6    unreachable=0    failed=0    skipped=0    rescued=0    ignored=0   
2025-08-19 12:10:25,512 p=48403 u=ollama n=ansible | Using /home/ollama/me/Zenitsu_mforrester-home-lab/kubernetes-upgrade/ansible.cfg as config file
2025-08-19 12:10:26,033 p=48403 u=ollama n=ansible | k8s01 | CHANGED | rc=0 >>
NAME    STATUS   ROLES           AGE   VERSION
k8s01   Ready    control-plane   44d   v1.33.4
k8s02   Ready    control-plane   44d   v1.33.4
k8s03   Ready    control-plane   44d   v1.33.4
k8s04   Ready    worker          44d   v1.33.4
k8s05   Ready    worker          44d   v1.33.4
k8s06   Ready    worker          44d   v1.33.4
k8s07   Ready    worker          44d   v1.33.4
k8s08   Ready    worker          44d   v1.33.4
k8s09   Ready    worker          44d   v1.33.4

2025-08-19 12:10:59,253 p=49104 u=ollama n=ansible | Using /home/ollama/me/Zenitsu_mforrester-home-lab/kubernetes-upgrade/ansible.cfg as config file
2025-08-19 12:10:59,360 p=49104 u=ollama n=ansible | PLAY [Test Cluster Upgrade to v1.33.4 Complete] ********************************
2025-08-19 12:10:59,828 p=49104 u=ollama n=ansible | TASK [TEST | Get all node versions] ********************************************
2025-08-19 12:10:59,828 p=49104 u=ollama n=ansible | ok: [k8s01] => changed=false 
  cmd:
  - kubectl
  - get
  - nodes
  - -o
  - jsonpath={range .items[*]}{.metadata.name}{"\t"}{.status.nodeInfo.kubeletVersion}{"\n"}{end}
  delta: '0:00:00.135620'
  end: '2025-08-19 16:10:59.179580'
  msg: ''
  rc: 0
  start: '2025-08-19 16:10:59.043960'
  stderr: ''
  stderr_lines: <omitted>
  stdout: |-
    k8s01   v1.33.4
    k8s02   v1.33.4
    k8s03   v1.33.4
    k8s04   v1.33.4
    k8s05   v1.33.4
    k8s06   v1.33.4
    k8s07   v1.33.4
    k8s08   v1.33.4
    k8s09   v1.33.4
  stdout_lines: <omitted>
2025-08-19 12:10:59,845 p=49104 u=ollama n=ansible | TASK [TEST | Display all node versions] ****************************************
2025-08-19 12:10:59,846 p=49104 u=ollama n=ansible | ok: [k8s01] => 
  node_versions.stdout_lines:
  - "k8s01\tv1.33.4"
  - "k8s02\tv1.33.4"
  - "k8s03\tv1.33.4"
  - "k8s04\tv1.33.4"
  - "k8s05\tv1.33.4"
  - "k8s06\tv1.33.4"
  - "k8s07\tv1.33.4"
  - "k8s08\tv1.33.4"
  - "k8s09\tv1.33.4"
2025-08-19 12:10:59,863 p=49104 u=ollama n=ansible | TASK [TEST | Verify all nodes are on v1.33.4] **********************************
2025-08-19 12:10:59,864 p=49104 u=ollama n=ansible | ok: [k8s01] => (item=k8s01	v1.33.4) => changed=false 
  ansible_loop_var: item
  item: "k8s01\tv1.33.4"
  msg: All nodes successfully upgraded to v1.33.4
2025-08-19 12:10:59,868 p=49104 u=ollama n=ansible | ok: [k8s01] => (item=k8s02	v1.33.4) => changed=false 
  ansible_loop_var: item
  item: "k8s02\tv1.33.4"
  msg: All nodes successfully upgraded to v1.33.4
2025-08-19 12:10:59,871 p=49104 u=ollama n=ansible | ok: [k8s01] => (item=k8s03	v1.33.4) => changed=false 
  ansible_loop_var: item
  item: "k8s03\tv1.33.4"
  msg: All nodes successfully upgraded to v1.33.4
2025-08-19 12:10:59,874 p=49104 u=ollama n=ansible | ok: [k8s01] => (item=k8s04	v1.33.4) => changed=false 
  ansible_loop_var: item
  item: "k8s04\tv1.33.4"
  msg: All nodes successfully upgraded to v1.33.4
2025-08-19 12:10:59,877 p=49104 u=ollama n=ansible | ok: [k8s01] => (item=k8s05	v1.33.4) => changed=false 
  ansible_loop_var: item
  item: "k8s05\tv1.33.4"
  msg: All nodes successfully upgraded to v1.33.4
2025-08-19 12:10:59,880 p=49104 u=ollama n=ansible | ok: [k8s01] => (item=k8s06	v1.33.4) => changed=false 
  ansible_loop_var: item
  item: "k8s06\tv1.33.4"
  msg: All nodes successfully upgraded to v1.33.4
2025-08-19 12:10:59,886 p=49104 u=ollama n=ansible | ok: [k8s01] => (item=k8s07	v1.33.4) => changed=false 
  ansible_loop_var: item
  item: "k8s07\tv1.33.4"
  msg: All nodes successfully upgraded to v1.33.4
2025-08-19 12:10:59,889 p=49104 u=ollama n=ansible | ok: [k8s01] => (item=k8s08	v1.33.4) => changed=false 
  ansible_loop_var: item
  item: "k8s08\tv1.33.4"
  msg: All nodes successfully upgraded to v1.33.4
2025-08-19 12:10:59,893 p=49104 u=ollama n=ansible | ok: [k8s01] => (item=k8s09	v1.33.4) => changed=false 
  ansible_loop_var: item
  item: "k8s09\tv1.33.4"
  msg: All nodes successfully upgraded to v1.33.4
2025-08-19 12:11:00,223 p=49104 u=ollama n=ansible | TASK [TEST | Check cluster components] *****************************************
2025-08-19 12:11:00,224 p=49104 u=ollama n=ansible | ok: [k8s01] => changed=false 
  cmd:
  - kubectl
  - version
  delta: '0:00:00.062457'
  end: '2025-08-19 16:10:59.564138'
  msg: ''
  rc: 0
  start: '2025-08-19 16:10:59.501681'
  stderr: ''
  stderr_lines: <omitted>
  stdout: |-
    Client Version: v1.33.4
    Kustomize Version: v5.6.0
    Server Version: v1.33.4
  stdout_lines: <omitted>
2025-08-19 12:11:00,240 p=49104 u=ollama n=ansible | TASK [TEST | Verify server version] ********************************************
2025-08-19 12:11:00,240 p=49104 u=ollama n=ansible | ok: [k8s01] => changed=false 
  msg: Server running v1.33.4
2025-08-19 12:11:00,674 p=49104 u=ollama n=ansible | TASK [TEST | Check all pods are running] ***************************************
2025-08-19 12:11:00,675 p=49104 u=ollama n=ansible | ok: [k8s01] => changed=false 
  cmd: kubectl get pods -A --no-headers | grep -v Running | grep -v Completed | wc -l
  delta: '0:00:00.173455'
  end: '2025-08-19 16:10:59.999831'
  msg: ''
  rc: 0
  start: '2025-08-19 16:10:59.826376'
  stderr: ''
  stderr_lines: <omitted>
  stdout: '6'
  stdout_lines: <omitted>
2025-08-19 12:11:00,693 p=49104 u=ollama n=ansible | TASK [TEST | Display problem pod count] ****************************************
2025-08-19 12:11:00,693 p=49104 u=ollama n=ansible | ok: [k8s01] => 
  msg: 'Number of pods with issues: 6'
2025-08-19 12:11:00,711 p=49104 u=ollama n=ansible | TASK [TEST | Final success message] ********************************************
2025-08-19 12:11:00,711 p=49104 u=ollama n=ansible | ok: [k8s01] => 
  msg: |-
    ✅ Kubernetes cluster successfully upgraded from v1.32.8 to v1.33.4!
    All 9 nodes (3 control plane + 6 workers) are running v1.33.4
2025-08-19 12:11:00,737 p=49104 u=ollama n=ansible | PLAY RECAP *********************************************************************
2025-08-19 12:11:00,737 p=49104 u=ollama n=ansible | k8s01                      : ok=8    changed=0    unreachable=0    failed=0    skipped=0    rescued=0    ignored=0   
2025-08-19 13:23:53,824 p=41070 u=ollama n=ansible | Using /home/ollama/me/Zenitsu_mforrester-home-lab/kubernetes-upgrade/ansible.cfg as config file
2025-08-19 13:23:55,625 p=41070 u=ollama n=ansible | k8s01 | CHANGED | rc=0 >>
NAMESPACE     NAME      AGE     PHASE        IP          NODENAME   READY
kubeadm-vms   master1   2m54s   Running      10.0.8.79   k8s09      True
kubeadm-vms   master2   4m3s    Scheduling                          False
kubeadm-vms   master3   52s     Scheduling                          False
kubeadm-vms   worker1   4m12s   Scheduling                          False
kubeadm-vms   worker2   4m31s   Scheduling                          False

2025-08-19 13:24:01,056 p=41286 u=ollama n=ansible | Using /home/ollama/me/Zenitsu_mforrester-home-lab/kubernetes-upgrade/ansible.cfg as config file
2025-08-19 13:24:01,582 p=41286 u=ollama n=ansible | k8s01 | CHANGED | rc=0 >>
NAME      AGE     STATUS     READY
master1   2d17h   Running    True
master2   2d17h   Starting   False
master3   2d17h   Starting   False
worker1   2d17h   Starting   False
worker2   26h     Starting   False

2025-08-19 13:24:07,330 p=41511 u=ollama n=ansible | Using /home/ollama/me/Zenitsu_mforrester-home-lab/kubernetes-upgrade/ansible.cfg as config file
2025-08-19 13:24:07,853 p=41511 u=ollama n=ansible | k8s01 | CHANGED | rc=0 >>
NAME                          READY   STATUS              RESTARTS   AGE
virt-launcher-master1-5w2f4   2/2     Running             0          3m8s
virt-launcher-master2-g4czt   0/2     ContainerCreating   0          4m17s
virt-launcher-master3-fnb2g   0/2     ContainerCreating   0          66s
virt-launcher-worker1-tkdw8   0/2     ContainerCreating   0          4m26s
virt-launcher-worker2-qwn7q   0/2     ContainerCreating   0          4m45s

2025-08-19 13:24:14,346 p=41712 u=ollama n=ansible | Using /home/ollama/me/Zenitsu_mforrester-home-lab/kubernetes-upgrade/ansible.cfg as config file
2025-08-19 13:24:14,904 p=41712 u=ollama n=ansible | k8s01 | CHANGED | rc=0 >>
    Medium:     
    SizeLimit:  <unset>
  container-disks:
    Type:       EmptyDir (a temporary directory that shares a pod's lifetime)
    Medium:     
    SizeLimit:  <unset>
  rootdisk:
    Type:       PersistentVolumeClaim (a reference to a PersistentVolumeClaim in the same namespace)
    ClaimName:  master2-root-dv
    ReadOnly:   false
  hotplug-disks:
    Type:        EmptyDir (a temporary directory that shares a pod's lifetime)
    Medium:      
    SizeLimit:   <unset>
QoS Class:       Burstable
Node-Selectors:  kubernetes.io/arch=amd64
                 kubernetes.io/hostname=k8s09
                 kubevirt.io/schedulable=true
Tolerations:     node.kubernetes.io/not-ready:NoExecute op=Exists for 300s
                 node.kubernetes.io/unreachable:NoExecute op=Exists for 300s
Events:
  Type     Reason                  Age                  From                     Message
  ----     ------                  ----                 ----                     -------
  Normal   Scheduled               4m24s                default-scheduler        Successfully assigned kubeadm-vms/virt-launcher-master2-g4czt to k8s09
  Normal   SuccessfulAttachVolume  4m14s                attachdetach-controller  AttachVolume.Attach succeeded for volume "pvc-82f35a58-1819-405c-b505-01d1180ce326"
  Warning  FailedMount             3s (x10 over 4m13s)  kubelet                  MountVolume.MountDevice failed for volume "pvc-82f35a58-1819-405c-b505-01d1180ce326" : rpc error: code = Internal desc = mount failed: exit status 32
Mounting command: mount
Mounting arguments: -t ext4 -o defaults /dev/longhorn/pvc-82f35a58-1819-405c-b505-01d1180ce326 /var/lib/kubelet/plugins/kubernetes.io/csi/driver.longhorn.io/2078ac04aa394411f82bb1172acf5ce8e1625c8c9ecd2e88e341f16f9c773a18/globalmount
Output: mount: /var/lib/kubelet/plugins/kubernetes.io/csi/driver.longhorn.io/2078ac04aa394411f82bb1172acf5ce8e1625c8c9ecd2e88e341f16f9c773a18/globalmount: /dev/longhorn/pvc-82f35a58-1819-405c-b505-01d1180ce326 already mounted or mount point busy.
       dmesg(1) may have more information after failed mount system call.

2025-08-19 13:24:22,559 p=41981 u=ollama n=ansible | Using /home/ollama/me/Zenitsu_mforrester-home-lab/kubernetes-upgrade/ansible.cfg as config file
2025-08-19 13:24:23,089 p=41981 u=ollama n=ansible | k8s01 | CHANGED | rc=0 >>
NAME                                                READY   STATUS    RESTARTS      AGE
engine-image-ei-51cc7b9c-mncng                      1/1     Running   0             38d
engine-image-ei-51cc7b9c-nks5q                      1/1     Running   0             38d
engine-image-ei-51cc7b9c-nwdkn                      1/1     Running   0             38d
engine-image-ei-51cc7b9c-rrddd                      1/1     Running   0             38d
engine-image-ei-51cc7b9c-vv5lv                      1/1     Running   0             38d
engine-image-ei-51cc7b9c-znqkx                      1/1     Running   0             38d
instance-manager-21071198d40f98b538580ddca94266df   1/1     Running   0             80m
instance-manager-2a89e27d4d40b3f5e6bdbfebc24aa8b6   1/1     Running   0             80m
instance-manager-3b1c628e1151a6503cef1397ae8bfd42   1/1     Running   0             5m37s
instance-manager-ac01a85604e20a7f4b06f7ecaf4435a1   1/1     Running   0             4m44s
instance-manager-c63f2eaeef106fef72889e1a15198a2b   1/1     Running   0             77m
instance-manager-e96dfd4f1cb9d356f7cee6107e8808fc   1/1     Running   0             74m

2025-08-19 13:24:30,477 p=42290 u=ollama n=ansible | Using /home/ollama/me/Zenitsu_mforrester-home-lab/kubernetes-upgrade/ansible.cfg as config file
2025-08-19 13:24:33,231 p=42290 u=ollama n=ansible | k8s01 | CHANGED | rc=0 >>
pod "virt-launcher-master2-g4czt" deleted
pod "virt-launcher-master3-fnb2g" deleted
pod "virt-launcher-worker1-tkdw8" deleted
pod "virt-launcher-worker2-qwn7q" deleted

2025-08-19 13:24:54,520 p=42783 u=ollama n=ansible | Using /home/ollama/me/Zenitsu_mforrester-home-lab/kubernetes-upgrade/ansible.cfg as config file
2025-08-19 13:24:55,010 p=42783 u=ollama n=ansible | k8s01 | CHANGED | rc=0 >>
NAME      AGE     PHASE        IP          NODENAME   READY
master1   3m55s   Running      10.0.8.79   k8s09      True
worker1   11s     Scheduling                          False

2025-08-19 13:25:06,022 p=43100 u=ollama n=ansible | Using /home/ollama/me/Zenitsu_mforrester-home-lab/kubernetes-upgrade/ansible.cfg as config file
2025-08-19 13:25:06,435 p=43100 u=ollama n=ansible | k8s01 | FAILED | rc=127 >>
/bin/sh: 1: virtctl: not foundnon-zero return code

2025-08-19 13:25:17,295 p=43407 u=ollama n=ansible | Using /home/ollama/me/Zenitsu_mforrester-home-lab/kubernetes-upgrade/ansible.cfg as config file
2025-08-19 13:25:19,014 p=43407 u=ollama n=ansible | k8s09 | FAILED | rc=127 >>
/bin/sh: 1: ping: not foundnon-zero return code

2025-08-19 13:25:25,805 p=43685 u=ollama n=ansible | Using /home/ollama/me/Zenitsu_mforrester-home-lab/kubernetes-upgrade/ansible.cfg as config file
2025-08-19 13:25:26,294 p=43685 u=ollama n=ansible | k8s01 | CHANGED | rc=0 >>
No resources found in kubeadm-vms namespace.

2025-08-19 13:25:39,308 p=43994 u=ollama n=ansible | Using /home/ollama/me/Zenitsu_mforrester-home-lab/kubernetes-upgrade/ansible.cfg as config file
2025-08-19 13:25:39,819 p=43994 u=ollama n=ansible | k8s01 | FAILED | rc=1 >>
non-zero return code

2025-08-19 13:25:47,623 p=44239 u=ollama n=ansible | Using /home/ollama/me/Zenitsu_mforrester-home-lab/kubernetes-upgrade/ansible.cfg as config file
2025-08-19 13:25:48,138 p=44239 u=ollama n=ansible | k8s01 | CHANGED | rc=0 >>
          interfaces:
          - masquerade: {}
            name: default
          - bridge: {}
            name: bridge-net
        machine:
          type: q35
        resources:
          requests:
            memory: 8Gi
      networks:

2025-08-19 13:25:58,108 p=44522 u=ollama n=ansible | Using /home/ollama/me/Zenitsu_mforrester-home-lab/kubernetes-upgrade/ansible.cfg as config file
2025-08-19 13:25:58,607 p=44522 u=ollama n=ansible | k8s01 | CHANGED | rc=0 >>
NAME           AUTO ASSIGN   AVOID BUGGY IPS   ADDRESSES
kubeadm-pool   false         false             ["192.168.0.100-192.168.0.104"]
main-pool      true          false             ["192.168.0.180-192.168.0.199"]

2025-08-19 13:26:52,834 p=45894 u=ollama n=ansible | Using /home/ollama/me/Zenitsu_mforrester-home-lab/kubernetes-upgrade/ansible.cfg as config file
2025-08-19 13:26:53,778 p=45894 u=ollama n=ansible | k8s01 | CHANGED | rc=0 >>
service/master1-ssh created
service/master2-ssh created
service/master3-ssh created
service/worker1-ssh created
service/worker2-ssh created

2025-08-19 13:27:05,524 p=46256 u=ollama n=ansible | Using /home/ollama/me/Zenitsu_mforrester-home-lab/kubernetes-upgrade/ansible.cfg as config file
2025-08-19 13:27:06,033 p=46256 u=ollama n=ansible | k8s01 | CHANGED | rc=0 >>
NAME          TYPE           CLUSTER-IP      EXTERNAL-IP     PORT(S)        AGE
master1-ssh   LoadBalancer   10.96.74.231    192.168.0.100   22:32659/TCP   12s
master2-ssh   LoadBalancer   10.96.15.222    192.168.0.101   22:32297/TCP   12s
master3-ssh   LoadBalancer   10.96.184.55    192.168.0.102   22:32094/TCP   12s
worker1-ssh   LoadBalancer   10.96.202.242   192.168.0.103   22:31458/TCP   12s
worker2-ssh   LoadBalancer   10.96.63.24     192.168.0.104   22:31556/TCP   12s

2025-08-19 13:27:16,927 p=46527 u=ollama n=ansible | Using /home/ollama/me/Zenitsu_mforrester-home-lab/kubernetes-upgrade/ansible.cfg as config file
2025-08-19 13:27:17,440 p=46527 u=ollama n=ansible | k8s01 | CHANGED | rc=0 >>
NAME      AGE     PHASE        IP           NODENAME   READY
master1   84s     Running      10.0.8.111   k8s09      True
master2   41s     Scheduling                           False
worker1   2m33s   Scheduling                           False
worker2   119s    Scheduling                           False

2025-08-19 13:27:23,978 p=46783 u=ollama n=ansible | Using /home/ollama/me/Zenitsu_mforrester-home-lab/kubernetes-upgrade/ansible.cfg as config file
2025-08-19 13:27:24,427 p=46783 u=ollama n=ansible | k8s01 | FAILED | rc=1 >>
error: unknown command "restart" for "kubectl"non-zero return code

2025-08-19 13:27:37,324 p=47137 u=ollama n=ansible | Using /home/ollama/me/Zenitsu_mforrester-home-lab/kubernetes-upgrade/ansible.cfg as config file
2025-08-19 13:27:38,388 p=47137 u=ollama n=ansible | k8s01 | CHANGED | rc=0 >>
virtualmachine.kubevirt.io/master2 patched
virtualmachine.kubevirt.io/master3 patched
virtualmachine.kubevirt.io/worker1 patched
virtualmachine.kubevirt.io/worker2 patchedWarning: spec.running is deprecated, please use spec.runStrategy instead.
Warning: spec.running is deprecated, please use spec.runStrategy instead.
Warning: spec.running is deprecated, please use spec.runStrategy instead.
Warning: spec.running is deprecated, please use spec.runStrategy instead.

2025-08-19 13:27:52,631 p=47522 u=ollama n=ansible | Using /home/ollama/me/Zenitsu_mforrester-home-lab/kubernetes-upgrade/ansible.cfg as config file
2025-08-19 13:27:53,706 p=47522 u=ollama n=ansible | k8s01 | CHANGED | rc=0 >>
virtualmachine.kubevirt.io/master2 patched
virtualmachine.kubevirt.io/master3 patched
virtualmachine.kubevirt.io/worker1 patched
virtualmachine.kubevirt.io/worker2 patchedWarning: spec.running is deprecated, please use spec.runStrategy instead.
Warning: spec.running is deprecated, please use spec.runStrategy instead.
Warning: spec.running is deprecated, please use spec.runStrategy instead.
Warning: spec.running is deprecated, please use spec.runStrategy instead.

2025-08-19 13:28:15,302 p=48081 u=ollama n=ansible | Using /home/ollama/me/Zenitsu_mforrester-home-lab/kubernetes-upgrade/ansible.cfg as config file
2025-08-19 13:28:15,813 p=48081 u=ollama n=ansible | k8s01 | CHANGED | rc=0 >>
NAME          ENDPOINTS       AGE
master1-ssh   10.0.8.111:22   82s
master2-ssh   <none>          82s
master3-ssh   <none>          82s
worker1-ssh   <none>          82s
worker2-ssh   <none>          82sWarning: v1 Endpoints is deprecated in v1.33+; use discovery.k8s.io/v1 EndpointSlice

2025-08-19 13:28:27,538 p=48453 u=ollama n=ansible | Using /home/ollama/me/Zenitsu_mforrester-home-lab/kubernetes-upgrade/ansible.cfg as config file
2025-08-19 13:28:28,099 p=48453 u=ollama n=ansible | k8s01 | CHANGED | rc=0 >>
NAME                                 AGE     STATUS               READY
virtualmachine.kubevirt.io/master1   2d18h   Running              True
virtualmachine.kubevirt.io/master2   2d18h   ErrorUnschedulable   False
virtualmachine.kubevirt.io/master3   2d18h   ErrorUnschedulable   False
virtualmachine.kubevirt.io/worker1   2d17h   ErrorUnschedulable   False
virtualmachine.kubevirt.io/worker2   26h     ErrorUnschedulable   False

NAME                                         AGE     PHASE        IP           NODENAME   READY
virtualmachineinstance.kubevirt.io/master1   2m35s   Running      10.0.8.111   k8s09      True
virtualmachineinstance.kubevirt.io/master2   34s     Scheduling                           False
virtualmachineinstance.kubevirt.io/master3   34s     Scheduling                           False
virtualmachineinstance.kubevirt.io/worker1   34s     Scheduling                           False
virtualmachineinstance.kubevirt.io/worker2   34s     Scheduling                           False

2025-08-19 13:33:37,440 p=54082 u=ollama n=ansible | Using /home/ollama/me/Zenitsu_mforrester-home-lab/kubernetes-upgrade/ansible.cfg as config file
2025-08-19 13:33:41,447 p=54082 u=ollama n=ansible | k8s01 | CHANGED | rc=0 >>
virtualmachine.kubevirt.io "master1" deleted
virtualmachine.kubevirt.io "master2" deleted
virtualmachine.kubevirt.io "master3" deleted
virtualmachine.kubevirt.io "worker1" deleted
virtualmachine.kubevirt.io "worker2" deleted

2025-08-19 13:33:50,065 p=54405 u=ollama n=ansible | Using /home/ollama/me/Zenitsu_mforrester-home-lab/kubernetes-upgrade/ansible.cfg as config file
2025-08-19 13:33:50,578 p=54405 u=ollama n=ansible | k8s01 | CHANGED | rc=0 >>
No resources found

2025-08-19 13:34:00,163 p=54664 u=ollama n=ansible | Using /home/ollama/me/Zenitsu_mforrester-home-lab/kubernetes-upgrade/ansible.cfg as config file
2025-08-19 13:34:00,697 p=54664 u=ollama n=ansible | k8s01 | CHANGED | rc=0 >>
No resources found

2025-08-19 13:35:30,249 p=58428 u=ollama n=ansible | Using /home/ollama/me/Zenitsu_mforrester-home-lab/kubernetes-upgrade/ansible.cfg as config file
2025-08-19 13:35:30,750 p=58428 u=ollama n=ansible | k8s01 | CHANGED | rc=0 >>
No resources found in default namespace.

2025-08-19 13:35:34,847 p=59240 u=ollama n=ansible | Using /home/ollama/me/Zenitsu_mforrester-home-lab/kubernetes-upgrade/ansible.cfg as config file
2025-08-19 13:35:35,334 p=59240 u=ollama n=ansible | k8s01 | CHANGED | rc=0 >>
NAME                STATUS   VOLUME                                     CAPACITY   ACCESS MODES   STORAGECLASS   VOLUMEATTRIBUTESCLASS   AGE
nginx-pvc           Bound    nfs-pv-small                               1Gi        RWO,RWX        nfs-manual     <unset>                 43d
test-longhorn-pvc   Bound    pvc-3267ea6b-a7df-45e9-9173-bf79f44246c1   10Gi       RWO            longhorn       <unset>                 38d

2025-08-19 13:35:39,981 p=59416 u=ollama n=ansible | Using /home/ollama/me/Zenitsu_mforrester-home-lab/kubernetes-upgrade/ansible.cfg as config file
2025-08-19 13:35:40,504 p=59416 u=ollama n=ansible | k8s01 | FAILED | rc=1 >>
non-zero return code

2025-08-19 13:35:45,748 p=59633 u=ollama n=ansible | Using /home/ollama/me/Zenitsu_mforrester-home-lab/kubernetes-upgrade/ansible.cfg as config file
2025-08-19 13:35:46,249 p=59633 u=ollama n=ansible | k8s01 | CHANGED | rc=0 >>
NAME                           TYPE           CLUSTER-IP      EXTERNAL-IP                                                  PORT(S)                                                   AGE
backend-service                ClusterIP      10.96.103.176   <none>                                                       8000/TCP                                                  36d
banking-backend-otel-service   ClusterIP      10.96.22.141    <none>                                                       8000/TCP,9090/TCP                                         35d
demo-backend-service           ClusterIP      10.96.53.84     <none>                                                       8000/TCP                                                  35d
frontend-service               NodePort       10.96.76.250    <none>                                                       80:30567/TCP                                              36d
grafana-proxy                  ExternalName   <none>          kube-prometheus-stack-grafana.monitoring.svc.cluster.local   80/TCP                                                    35d
jaeger-proxy                   ExternalName   <none>          jaeger-production-query.observability.svc.cluster.local      80/TCP                                                    35d
kubernetes                     ClusterIP      10.96.0.1       <none>                                                       443/TCP                                                   44d
otel-collector                 ClusterIP      10.96.194.13    <none>                                                       4317/TCP,4318/TCP,8888/TCP,8889/TCP,13133/TCP,55679/TCP   36d
postgres-service               ClusterIP      10.96.151.46    <none>                                                       5432/TCP                                                  36d

2025-08-19 13:37:18,218 p=62454 u=ollama n=ansible | Using /home/ollama/me/Zenitsu_mforrester-home-lab/kubernetes-upgrade/ansible.cfg as config file
2025-08-19 13:37:18,700 p=62454 u=ollama n=ansible | k8s01 | FAILED | rc=1 >>
error: no objects passed to applynon-zero return code

2025-08-19 13:37:24,237 p=63145 u=ollama n=ansible | Using /home/ollama/me/Zenitsu_mforrester-home-lab/kubernetes-upgrade/ansible.cfg as config file
2025-08-19 13:37:25,062 p=63145 u=ollama n=ansible | k8s01 | CHANGED => {
    "changed": true,
    "checksum": "c6adc04dcdc17225d470138171eb2ea1317c1674",
    "dest": "/tmp/kubeadm-vms-recreated.yaml",
    "gid": 0,
    "group": "root",
    "md5sum": "2e7c5a7b4e051f1ebc547e9567a0b519",
    "mode": "0644",
    "owner": "root",
    "size": 12204,
    "src": "/root/.ansible/tmp/ansible-tmp-1755625044.372033-63196-201463114567691/.source.yaml",
    "state": "file",
    "uid": 0
}
2025-08-19 13:37:32,348 p=63411 u=ollama n=ansible | Using /home/ollama/me/Zenitsu_mforrester-home-lab/kubernetes-upgrade/ansible.cfg as config file
2025-08-19 13:37:33,980 p=63411 u=ollama n=ansible | k8s01 | FAILED | rc=1 >>
Error from server (InternalError): error when creating "/tmp/kubeadm-vms-recreated.yaml": Internal error occurred: failed calling webhook "check-ignore-label.gatekeeper.sh": failed to call webhook: Post "https://gatekeeper-webhook-service.gatekeeper-system.svc:443/v1/admitlabel?timeout=3s": service "gatekeeper-webhook-service" not found
Error from server (NotFound): error when creating "/tmp/kubeadm-vms-recreated.yaml": namespaces "kubevirt-vms" not found
Error from server (NotFound): error when creating "/tmp/kubeadm-vms-recreated.yaml": namespaces "kubevirt-vms" not found
Error from server (NotFound): error when creating "/tmp/kubeadm-vms-recreated.yaml": namespaces "kubevirt-vms" not found
Error from server (NotFound): error when creating "/tmp/kubeadm-vms-recreated.yaml": namespaces "kubevirt-vms" not found
Error from server (NotFound): error when creating "/tmp/kubeadm-vms-recreated.yaml": namespaces "kubevirt-vms" not found
Error from server (NotFound): error when creating "/tmp/kubeadm-vms-recreated.yaml": namespaces "kubevirt-vms" not found
Error from server (NotFound): error when creating "/tmp/kubeadm-vms-recreated.yaml": namespaces "kubevirt-vms" not found
Error from server (NotFound): error when creating "/tmp/kubeadm-vms-recreated.yaml": namespaces "kubevirt-vms" not found
Error from server (NotFound): error when creating "/tmp/kubeadm-vms-recreated.yaml": namespaces "kubevirt-vms" not found
Error from server (NotFound): error when creating "/tmp/kubeadm-vms-recreated.yaml": namespaces "kubevirt-vms" not foundnon-zero return code

2025-08-19 13:37:43,997 p=63741 u=ollama n=ansible | Using /home/ollama/me/Zenitsu_mforrester-home-lab/kubernetes-upgrade/ansible.cfg as config file
2025-08-19 13:37:44,567 p=63741 u=ollama n=ansible | k8s01 | FAILED | rc=1 >>
Error from server (InternalError): error when creating "STDIN": Internal error occurred: failed calling webhook "check-ignore-label.gatekeeper.sh": failed to call webhook: Post "https://gatekeeper-webhook-service.gatekeeper-system.svc:443/v1/admitlabel?timeout=3s": service "gatekeeper-webhook-service" not foundnon-zero return code

2025-08-19 13:37:53,337 p=64033 u=ollama n=ansible | Using /home/ollama/me/Zenitsu_mforrester-home-lab/kubernetes-upgrade/ansible.cfg as config file
2025-08-19 13:37:53,854 p=64033 u=ollama n=ansible | k8s01 | CHANGED | rc=0 >>
No resources found in gatekeeper-system namespace.

2025-08-19 13:38:01,247 p=64332 u=ollama n=ansible | Using /home/ollama/me/Zenitsu_mforrester-home-lab/kubernetes-upgrade/ansible.cfg as config file
2025-08-19 13:38:01,746 p=64332 u=ollama n=ansible | k8s01 | CHANGED | rc=0 >>
gatekeeper-validating-webhook-configuration        2          38d

2025-08-19 13:38:09,955 p=64602 u=ollama n=ansible | Using /home/ollama/me/Zenitsu_mforrester-home-lab/kubernetes-upgrade/ansible.cfg as config file
2025-08-19 13:38:10,464 p=64602 u=ollama n=ansible | k8s01 | CHANGED | rc=0 >>
validatingwebhookconfiguration.admissionregistration.k8s.io "gatekeeper-validating-webhook-configuration" deleted

2025-08-19 13:38:18,433 p=64865 u=ollama n=ansible | Using /home/ollama/me/Zenitsu_mforrester-home-lab/kubernetes-upgrade/ansible.cfg as config file
2025-08-19 13:38:18,969 p=64865 u=ollama n=ansible | k8s01 | CHANGED | rc=0 >>
gatekeeper-mutating-webhook-configuration        1          38d

2025-08-19 13:38:27,013 p=65097 u=ollama n=ansible | Using /home/ollama/me/Zenitsu_mforrester-home-lab/kubernetes-upgrade/ansible.cfg as config file
2025-08-19 13:38:27,523 p=65097 u=ollama n=ansible | k8s01 | CHANGED | rc=0 >>
mutatingwebhookconfiguration.admissionregistration.k8s.io "gatekeeper-mutating-webhook-configuration" deleted

2025-08-19 13:38:36,652 p=65360 u=ollama n=ansible | Using /home/ollama/me/Zenitsu_mforrester-home-lab/kubernetes-upgrade/ansible.cfg as config file
2025-08-19 13:38:38,172 p=65360 u=ollama n=ansible | k8s01 | CHANGED | rc=0 >>
namespace/kubevirt-vms created
virtualmachine.kubevirt.io/master1 created
virtualmachine.kubevirt.io/master2 created
virtualmachine.kubevirt.io/master3 created
virtualmachine.kubevirt.io/worker1 created
virtualmachine.kubevirt.io/worker2 created
service/master1-ssh created
service/master2-ssh created
service/master3-ssh created
service/worker1-ssh created
service/worker2-ssh createdWarning: spec.running is deprecated, please use spec.runStrategy instead.

2025-08-19 13:38:56,262 p=65783 u=ollama n=ansible | Using /home/ollama/me/Zenitsu_mforrester-home-lab/kubernetes-upgrade/ansible.cfg as config file
2025-08-19 13:38:56,761 p=65783 u=ollama n=ansible | k8s01 | CHANGED | rc=0 >>
NAME      AGE   PHASE        IP          NODENAME   READY
master1   18s   Scheduling                          False
master2   18s   Scheduling                          False
master3   18s   Running      10.0.5.39   k8s07      True
worker1   18s   Scheduling                          False
worker2   18s   Scheduling                          False

2025-08-19 13:39:05,894 p=66056 u=ollama n=ansible | Using /home/ollama/me/Zenitsu_mforrester-home-lab/kubernetes-upgrade/ansible.cfg as config file
2025-08-19 13:39:06,407 p=66056 u=ollama n=ansible | k8s01 | CHANGED | rc=0 >>
    Cores:  2
  Guest OS Info:
  Launcher Container Image Version:  quay.io/kubevirt/virt-launcher:v1.4.0
  Memory:
    Guest At Boot:    4Gi
    Guest Current:    4Gi
    Guest Requested:  4Gi
  Phase:              Scheduling
  Phase Transition Timestamps:
    Phase:                        Pending
    Phase Transition Timestamp:   2025-08-19T17:38:37Z
    Phase:                        Scheduling
    Phase Transition Timestamp:   2025-08-19T17:38:37Z
  Qos Class:                      Guaranteed
  Runtime User:                   107
  Virtual Machine Revision Name:  revision-start-vm-859ea5b7-6232-4e5e-9c7d-d398126b44a9-1
Events:
  Type    Reason            Age   From                       Message
  ----    ------            ----  ----                       -------
  Normal  SuccessfulCreate  29s   virtualmachine-controller  Created virtual machine pod virt-launcher-master1-wxg4j

2025-08-19 13:39:14,539 p=66336 u=ollama n=ansible | Using /home/ollama/me/Zenitsu_mforrester-home-lab/kubernetes-upgrade/ansible.cfg as config file
2025-08-19 13:39:15,052 p=66336 u=ollama n=ansible | k8s01 | CHANGED | rc=0 >>
NAME                          READY   STATUS     RESTARTS   AGE   IP          NODE    NOMINATED NODE   READINESS GATES
virt-launcher-master1-wxg4j   0/3     Init:0/2   0          37s   <none>      k8s09   <none>           1/1
virt-launcher-master2-ppqpz   0/3     Init:0/2   0          37s   <none>      k8s09   <none>           1/1
virt-launcher-master3-cvvs6   3/3     Running    0          37s   10.0.5.39   k8s07   <none>           1/1
virt-launcher-worker1-8984f   0/3     Init:0/2   0          37s   <none>      k8s09   <none>           1/1
virt-launcher-worker2-z6kpq   0/3     Init:0/2   0          37s   <none>      k8s09   <none>           1/1

2025-08-19 13:39:23,722 p=66571 u=ollama n=ansible | Using /home/ollama/me/Zenitsu_mforrester-home-lab/kubernetes-upgrade/ansible.cfg as config file
2025-08-19 13:39:24,246 p=66571 u=ollama n=ansible | k8s01 | CHANGED | rc=0 >>
    SizeLimit:  <unset>
  virt-bin-share-dir:
    Type:       EmptyDir (a temporary directory that shares a pod's lifetime)
    Medium:     
    SizeLimit:  <unset>
  libvirt-runtime:
    Type:       EmptyDir (a temporary directory that shares a pod's lifetime)
    Medium:     
    SizeLimit:  <unset>
  ephemeral-disks:
    Type:       EmptyDir (a temporary directory that shares a pod's lifetime)
    Medium:     
    SizeLimit:  <unset>
  container-disks:
    Type:       EmptyDir (a temporary directory that shares a pod's lifetime)
    Medium:     
    SizeLimit:  <unset>
  hotplug-disks:
    Type:        EmptyDir (a temporary directory that shares a pod's lifetime)
    Medium:      
    SizeLimit:   <unset>
QoS Class:       Guaranteed
Node-Selectors:  kubernetes.io/arch=amd64
                 kubevirt.io/schedulable=true
Tolerations:     node.kubernetes.io/not-ready:NoExecute op=Exists for 300s
                 node.kubernetes.io/unreachable:NoExecute op=Exists for 300s
Events:
  Type    Reason     Age   From               Message
  ----    ------     ----  ----               -------
  Normal  Scheduled  46s   default-scheduler  Successfully assigned kubevirt-vms/virt-launcher-master1-wxg4j to k8s09

2025-08-19 13:39:29,137 p=66756 u=ollama n=ansible | Using /home/ollama/me/Zenitsu_mforrester-home-lab/kubernetes-upgrade/ansible.cfg as config file
2025-08-19 13:39:30,825 p=66756 u=ollama n=ansible | k8s09 | CHANGED | rc=0 >>
Filesystem      Size  Used Avail Use% Mounted on
/dev/nvme0n1p2  1.8T  110G  1.6T   7% /

2025-08-19 13:39:40,007 p=67049 u=ollama n=ansible | Using /home/ollama/me/Zenitsu_mforrester-home-lab/kubernetes-upgrade/ansible.cfg as config file
2025-08-19 13:39:40,504 p=67049 u=ollama n=ansible | k8s01 | CHANGED | rc=0 >>
Init Containers:
  container-disk-binary:
    Container ID:  
    Image:         quay.io/kubevirt/virt-launcher:v1.4.0
    Image ID:      
    Port:          <none>
    Host Port:     <none>
    Command:
      /usr/bin/cp
      /usr/bin/container-disk
      /init/usr/bin/container-disk

2025-08-19 13:39:48,801 p=67281 u=ollama n=ansible | Using /home/ollama/me/Zenitsu_mforrester-home-lab/kubernetes-upgrade/ansible.cfg as config file
2025-08-19 13:39:49,113 p=67281 u=ollama n=ansible | k8s09 | CHANGED | rc=0 >>
quay.io/kubevirt/virt-launcher                              v1.4.0              ab0b0b4088e79       167MBtime="2025-08-19T17:39:48Z" level=warning msg="image connect using default endpoints: [unix:///run/containerd/containerd.sock unix:///run/crio/crio.sock unix:///var/run/cri-dockerd.sock]. As the default settings are now deprecated, you should set the endpoint instead."

2025-08-19 13:39:57,991 p=67520 u=ollama n=ansible | Using /home/ollama/me/Zenitsu_mforrester-home-lab/kubernetes-upgrade/ansible.cfg as config file
2025-08-19 13:39:57,642 p=67520 u=ollama n=ansible | k8s01 | CHANGED | rc=0 >>
76s         Normal    Created                  pod/virt-launcher-master3-cvvs6   Created container: guest-console-log
76s         Normal    Pulled                   pod/virt-launcher-master3-cvvs6   Container image "quay.io/kubevirt/virt-launcher:v1.4.0" already present on machine
76s         Normal    Started                  pod/virt-launcher-master3-cvvs6   Started container volumecontainerdisk
75s         Normal    Started                  pod/virt-launcher-master3-cvvs6   Started container guest-console-log
71s         Normal    Created                  virtualmachineinstance/master3    VirtualMachineInstance defined.
70s         Normal    Started                  virtualmachineinstance/master3    VirtualMachineInstance started.
9s          Warning   FailedCreatePodSandBox   pod/virt-launcher-worker1-8984f   Failed to create pod sandbox: rpc error: code = Unknown desc = failed to setup network for sandbox "34640ae7baa3c3403aa90d5709bb96b41b966797a037b6add69feab93eed91a0": plugin type="multus" name="multus-cni-network" failed (add): [kubevirt-vms/virt-launcher-worker1-8984f/d730488d-7f53-4fa3-a1f9-33eaa3020dd9:cilium]: error adding container to network "cilium": plugin type="cilium-cni" failed (add): unable to connect to Cilium agent: failed to create cilium agent client after 30.000000 seconds timeout: Get "http://localhost/v1/config": dial unix /var/run/cilium/cilium.sock: connect: no such file or directory...
9s          Warning   FailedCreatePodSandBox   pod/virt-launcher-worker2-z6kpq   Failed to create pod sandbox: rpc error: code = Unknown desc = failed to setup network for sandbox "bf201a9e15a793546786515680f9c8a726670a552e2cd2807d52c543874bfdf3": plugin type="multus" name="multus-cni-network" failed (add): [kubevirt-vms/virt-launcher-worker2-z6kpq/bb25beb9-5425-4b98-8bb3-f622c357992e:cilium]: error adding container to network "cilium": plugin type="cilium-cni" failed (add): unable to connect to Cilium agent: failed to create cilium agent client after 30.000000 seconds timeout: Get "http://localhost/v1/config": dial unix /var/run/cilium/cilium.sock: connect: no such file or directory...
9s          Warning   FailedCreatePodSandBox   pod/virt-launcher-master2-ppqpz   Failed to create pod sandbox: rpc error: code = Unknown desc = failed to setup network for sandbox "277993dbd31875126e902753a30fef41eb9272db7404d1ecfe4b58a3e3e76831": plugin type="multus" name="multus-cni-network" failed (add): [kubevirt-vms/virt-launcher-master2-ppqpz/bc4aa322-73f1-485e-a9e6-586826651e76:cilium]: error adding container to network "cilium": plugin type="cilium-cni" failed (add): unable to connect to Cilium agent: failed to create cilium agent client after 30.000000 seconds timeout: Get "http://localhost/v1/config": dial unix /var/run/cilium/cilium.sock: connect: no such file or directory...
9s          Warning   FailedCreatePodSandBox   pod/virt-launcher-master1-wxg4j   Failed to create pod sandbox: rpc error: code = Unknown desc = failed to setup network for sandbox "4063da041034e48370854da9135654586defb84d791f789b288d4f21bf938d5c": plugin type="multus" name="multus-cni-network" failed (add): [kubevirt-vms/virt-launcher-master1-wxg4j/2199065f-48b8-4bbd-8f84-4da78f95dfe0:cilium]: error adding container to network "cilium": plugin type="cilium-cni" failed (add): unable to connect to Cilium agent: failed to create cilium agent client after 30.000000 seconds timeout: Get "http://localhost/v1/config": dial unix /var/run/cilium/cilium.sock: connect: no such file or directory...

2025-08-19 13:40:06,744 p=67809 u=ollama n=ansible | Using /home/ollama/me/Zenitsu_mforrester-home-lab/kubernetes-upgrade/ansible.cfg as config file
2025-08-19 13:40:07,297 p=67809 u=ollama n=ansible | k8s01 | CHANGED | rc=0 >>
cilium-4fwqj                        0/1     CrashLoopBackOff   21 (89s ago)     15d    192.168.0.58   k8s09   <none>           <none>
cilium-envoy-hrw2m                  1/1     Running            0                44d    192.168.0.58   k8s09   <none>           <none>

2025-08-19 13:40:12,539 p=67973 u=ollama n=ansible | Using /home/ollama/me/Zenitsu_mforrester-home-lab/kubernetes-upgrade/ansible.cfg as config file
2025-08-19 13:40:13,062 p=67973 u=ollama n=ansible | k8s01 | CHANGED | rc=0 >>
time=2025-08-19T17:38:37Z level=info msg="agent.controlplane.node-manager.node-checkpoint-writer (rev=31)" module=health
time=2025-08-19T17:38:37Z level=info msg="agent.controlplane.node-manager.nodes-add (rev=40)" module=health
time=2025-08-19T17:38:37Z level=info msg="agent.controlplane.node-manager.nodes-delete (rev=38)" module=health
time=2025-08-19T17:38:37Z level=info msg="agent.controlplane.service-manager.job-ServiceReconciler (rev=79)" module=health
time=2025-08-19T17:38:37Z level=info msg="agent.controlplane.service-resolver.job-service-reloader-initializer (rev=96)" module=health
time=2025-08-19T17:38:37Z level=info msg="agent.controlplane.stale-endpoint-cleanup.job-endpoint-cleanup (rev=80)" module=health
time=2025-08-19T17:38:37Z level=info msg="agent.controlplane.timer-job-device-reloader (rev=77)" module=health
time=2025-08-19T17:38:37Z level=info msg="agent.datapath.agent-liveness-updater.timer-job-agent-liveness-updater (rev=75)" module=health
time=2025-08-19T17:38:37Z level=info msg="agent.datapath.iptables.ipset.job-ipset-init-finalizer (rev=19)" module=health
time=2025-08-19T17:38:37Z level=info msg="agent.datapath.iptables.ipset.job-reconcile (rev=99)" module=health
time=2025-08-19T17:38:37Z level=info msg="agent.datapath.iptables.ipset.job-refresh (rev=98)" module=health
time=2025-08-19T17:38:37Z level=info msg="agent.datapath.iptables.job-iptables-reconciliation-loop (rev=100)" module=health
time=2025-08-19T17:38:37Z level=info msg="agent.datapath.l2-responder.job-l2-responder-reconciler (rev=74)" module=health
time=2025-08-19T17:38:37Z level=info msg="agent.datapath.maps.bwmap.timer-job-pressure-metric-throttle (rev=76)" module=health
time=2025-08-19T17:38:37Z level=info msg="agent.datapath.node-address.job-node-address-update (rev=97)" module=health
time=2025-08-19T17:38:37Z level=info msg="agent.datapath.sysctl.job-reconcile (rev=102)" module=health
time=2025-08-19T17:38:37Z level=info msg="agent.datapath.sysctl.job-refresh (rev=101)" module=health
time=2025-08-19T17:38:37Z level=info msg="agent.infra.k8s-synced-crdsync.job-sync-crds (rev=6)" module=health
time=2025-08-19T17:38:37Z level=info msg="health.job-module-status-metrics (rev=73)" module=health
time="2025-08-19T17:38:37Z" level=info msg="Stopped gops server" address="127.0.0.1:9890" subsys=gopsDefaulted container "cilium-agent" out of: cilium-agent, config (init), mount-cgroup (init), apply-sysctl-overwrites (init), mount-bpf-fs (init), clean-cilium-state (init), install-cni-binaries (init)

2025-08-19 13:40:22,913 p=68256 u=ollama n=ansible | Using /home/ollama/me/Zenitsu_mforrester-home-lab/kubernetes-upgrade/ansible.cfg as config file
2025-08-19 13:40:23,694 p=68256 u=ollama n=ansible | k8s01 | CHANGED | rc=0 >>
pod "cilium-4fwqj" deleted

2025-08-19 13:40:30,537 p=68470 u=ollama n=ansible | Using /home/ollama/me/Zenitsu_mforrester-home-lab/kubernetes-upgrade/ansible.cfg as config file
2025-08-19 13:40:31,135 p=68470 u=ollama n=ansible | k8s01 | CHANGED | rc=0 >>
cilium-envoy-hrw2m                  1/1     Running            0                44d    192.168.0.58   k8s09   <none>           <none>
cilium-sbz5b                        0/1     Running            0                8s     192.168.0.58   k8s09   <none>           <none>

2025-08-19 13:41:00,618 p=69105 u=ollama n=ansible | Using /home/ollama/me/Zenitsu_mforrester-home-lab/kubernetes-upgrade/ansible.cfg as config file
2025-08-19 13:41:01,159 p=69105 u=ollama n=ansible | k8s01 | CHANGED | rc=0 >>
NAME      AGE     PHASE     IP           NODENAME   READY
master1   2m23s   Running   10.0.8.148   k8s09      True
master2   2m23s   Running   10.0.8.63    k8s09      True
master3   2m23s   Running   10.0.5.39    k8s07      True
worker1   2m23s   Running   10.0.8.131   k8s09      True
worker2   2m23s   Running   10.0.8.241   k8s09      True

2025-08-19 13:41:11,267 p=69377 u=ollama n=ansible | Using /home/ollama/me/Zenitsu_mforrester-home-lab/kubernetes-upgrade/ansible.cfg as config file
2025-08-19 13:41:11,779 p=69377 u=ollama n=ansible | k8s01 | CHANGED | rc=0 >>
NAME          TYPE           CLUSTER-IP      EXTERNAL-IP   PORT(S)        AGE
master1-ssh   LoadBalancer   10.96.36.157    <pending>     22:30803/TCP   2m34s
master2-ssh   LoadBalancer   10.96.97.27     <pending>     22:30301/TCP   2m34s
master3-ssh   LoadBalancer   10.96.93.3      <pending>     22:30957/TCP   2m34s
worker1-ssh   LoadBalancer   10.96.149.254   <pending>     22:31603/TCP   2m34s
worker2-ssh   LoadBalancer   10.96.220.181   <pending>     22:31338/TCP   2m34s

2025-08-19 13:41:16,398 p=69566 u=ollama n=ansible | Using /home/ollama/me/Zenitsu_mforrester-home-lab/kubernetes-upgrade/ansible.cfg as config file
2025-08-19 13:41:16,922 p=69566 u=ollama n=ansible | k8s01 | CHANGED | rc=0 >>
NAME                         READY   STATUS    RESTARTS       AGE
controller-86575b897-vbvhb   1/1     Running   0              96m
speaker-db7nt                1/1     Running   0              31d
speaker-g8z2j                1/1     Running   0              31d
speaker-jbdgl                1/1     Running   24 (18d ago)   31d
speaker-sh47q                1/1     Running   0              31d
speaker-spmgd                1/1     Running   0              31d
speaker-xht5j                1/1     Running   0              31d
speaker-xrpcn                1/1     Running   0              31d
speaker-z7kgs                1/1     Running   0              31d
speaker-z9wc7                1/1     Running   0              31d

2025-08-19 13:41:26,122 p=69843 u=ollama n=ansible | Using /home/ollama/me/Zenitsu_mforrester-home-lab/kubernetes-upgrade/ansible.cfg as config file
2025-08-19 13:41:26,644 p=69843 u=ollama n=ansible | k8s01 | CHANGED | rc=0 >>
NAME           AUTO ASSIGN   AVOID BUGGY IPS   ADDRESSES
kubeadm-pool   false         false             ["192.168.0.100-192.168.0.104"]
main-pool      true          false             ["192.168.0.180-192.168.0.199"]

2025-08-19 13:41:38,137 p=70120 u=ollama n=ansible | Using /home/ollama/me/Zenitsu_mforrester-home-lab/kubernetes-upgrade/ansible.cfg as config file
2025-08-19 13:41:38,652 p=70120 u=ollama n=ansible | k8s01 | CHANGED | rc=0 >>
ipaddresspool.metallb.io/kubeadm-pool patched

2025-08-19 13:41:47,146 p=70356 u=ollama n=ansible | Using /home/ollama/me/Zenitsu_mforrester-home-lab/kubernetes-upgrade/ansible.cfg as config file
2025-08-19 13:41:47,638 p=70356 u=ollama n=ansible | k8s01 | CHANGED | rc=0 >>
NAME          TYPE           CLUSTER-IP      EXTERNAL-IP   PORT(S)        AGE
master1-ssh   LoadBalancer   10.96.36.157    <pending>     22:30803/TCP   3m9s
master2-ssh   LoadBalancer   10.96.97.27     <pending>     22:30301/TCP   3m9s
master3-ssh   LoadBalancer   10.96.93.3      <pending>     22:30957/TCP   3m9s
worker1-ssh   LoadBalancer   10.96.149.254   <pending>     22:31603/TCP   3m9s
worker2-ssh   LoadBalancer   10.96.220.181   <pending>     22:31338/TCP   3m9s

2025-08-19 13:41:56,912 p=70666 u=ollama n=ansible | Using /home/ollama/me/Zenitsu_mforrester-home-lab/kubernetes-upgrade/ansible.cfg as config file
2025-08-19 13:41:57,539 p=70666 u=ollama n=ansible | k8s01 | CHANGED | rc=0 >>
service "master1-ssh" deleted
service "master2-ssh" deleted
service "master3-ssh" deleted
service "worker1-ssh" deleted
service "worker2-ssh" deleted

2025-08-19 13:42:36,558 p=71440 u=ollama n=ansible | Using /home/ollama/me/Zenitsu_mforrester-home-lab/kubernetes-upgrade/ansible.cfg as config file
2025-08-19 13:42:37,341 p=71440 u=ollama n=ansible | k8s01 | CHANGED => {
    "changed": true,
    "checksum": "0d7b63b7227430e3847200d6981378ea5bdd52c6",
    "dest": "/tmp/vm-services-kubeadm-pool.yaml",
    "gid": 0,
    "group": "root",
    "md5sum": "9113a6f3bb1a66a148b2b58238ed8d69",
    "mode": "0644",
    "owner": "root",
    "size": 1455,
    "src": "/root/.ansible/tmp/ansible-tmp-1755625356.6871622-71490-260603134339792/.source.yaml",
    "state": "file",
    "uid": 0
}
2025-08-19 13:42:41,816 p=71611 u=ollama n=ansible | Using /home/ollama/me/Zenitsu_mforrester-home-lab/kubernetes-upgrade/ansible.cfg as config file
2025-08-19 13:42:42,680 p=71611 u=ollama n=ansible | k8s01 | CHANGED | rc=0 >>
service/master1-ssh created
service/master2-ssh created
service/master3-ssh created
service/worker1-ssh created
service/worker2-ssh created

2025-08-19 13:42:50,328 p=71849 u=ollama n=ansible | Using /home/ollama/me/Zenitsu_mforrester-home-lab/kubernetes-upgrade/ansible.cfg as config file
2025-08-19 13:42:50,836 p=71849 u=ollama n=ansible | k8s01 | CHANGED | rc=0 >>
NAME          TYPE           CLUSTER-IP      EXTERNAL-IP   PORT(S)        AGE
master1-ssh   LoadBalancer   10.96.148.183   <pending>     22:30221/TCP   8s
master2-ssh   LoadBalancer   10.96.158.141   <pending>     22:31669/TCP   8s
master3-ssh   LoadBalancer   10.96.5.140     <pending>     22:30297/TCP   8s
worker1-ssh   LoadBalancer   10.96.159.146   <pending>     22:31833/TCP   7s
worker2-ssh   LoadBalancer   10.96.93.129    <pending>     22:31214/TCP   7s

2025-08-19 13:42:59,892 p=72142 u=ollama n=ansible | Using /home/ollama/me/Zenitsu_mforrester-home-lab/kubernetes-upgrade/ansible.cfg as config file
2025-08-19 13:43:00,468 p=72142 u=ollama n=ansible | k8s01 | CHANGED | rc=0 >>
{"caller":"service_controller.go:64","controller":"ServiceReconciler","level":"info","start reconcile":"kubevirt-vms/master1-ssh","ts":"2025-08-19T17:42:41Z"}
{"caller":"service.go:143","error":"no available IPs in pool \"kubeadm-pool\" for ipv4 IPFamily","level":"error","msg":"IP allocation failed","op":"allocateIPs","ts":"2025-08-19T17:42:41Z"}
{"caller":"service_controller.go:112","controller":"ServiceReconciler","endpoints":"[]","event":"failed to handle service","level":"error","name":"kubevirt-vms/master1-ssh","service":"{\"kind\":\"Service\",\"apiVersion\":\"v1\",\"metadata\":{\"name\":\"master1-ssh\",\"namespace\":\"kubevirt-vms\",\"uid\":\"2350d514-098b-40cc-93b5-931e36fae73a\",\"resourceVersion\":\"28343284\",\"creationTimestamp\":\"2025-08-19T17:42:41Z\",\"annotations\":{\"kubectl.kubernetes.io/last-applied-configuration\":\"{\\\"apiVersion\\\":\\\"v1\\\",\\\"kind\\\":\\\"Service\\\",\\\"metadata\\\":{\\\"annotations\\\":{\\\"metallb.universe.tf/address-pool\\\":\\\"kubeadm-pool\\\"},\\\"name\\\":\\\"master1-ssh\\\",\\\"namespace\\\":\\\"kubevirt-vms\\\"},\\\"spec\\\":{\\\"ports\\\":[{\\\"port\\\":22,\\\"protocol\\\":\\\"TCP\\\",\\\"targetPort\\\":22}],\\\"selector\\\":{\\\"kubevirt.io/vm\\\":\\\"master1\\\"},\\\"type\\\":\\\"LoadBalancer\\\"}}\\n\",\"metallb.universe.tf/address-pool\":\"kubeadm-pool\"},\"managedFields\":[{\"manager\":\"kubectl-client-side-apply\",\"operation\":\"Update\",\"apiVersion\":\"v1\",\"time\":\"2025-08-19T17:42:41Z\",\"fieldsType\":\"FieldsV1\",\"fieldsV1\":{\"f:metadata\":{\"f:annotations\":{\".\":{},\"f:kubectl.kubernetes.io/last-applied-configuration\":{},\"f:metallb.universe.tf/address-pool\":{}}},\"f:spec\":{\"f:allocateLoadBalancerNodePorts\":{},\"f:externalTrafficPolicy\":{},\"f:internalTrafficPolicy\":{},\"f:ports\":{\".\":{},\"k:{\\\"port\\\":22,\\\"protocol\\\":\\\"TCP\\\"}\":{\".\":{},\"f:port\":{},\"f:protocol\":{},\"f:targetPort\":{}}},\"f:selector\":{},\"f:sessionAffinity\":{},\"f:type\":{}}}}]},\"spec\":{\"ports\":[{\"protocol\":\"TCP\",\"port\":22,\"targetPort\":22,\"nodePort\":30221}],\"selector\":{\"kubevirt.io/vm\":\"master1\"},\"clusterIP\":\"10.96.148.183\",\"clusterIPs\":[\"10.96.148.183\"],\"type\":\"LoadBalancer\",\"sessionAffinity\":\"None\",\"externalTrafficPolicy\":\"Cluster\",\"ipFamilies\":[\"IPv4\"],\"ipFamilyPolicy\":\"SingleStack\",\"allocateLoadBalancerNodePorts\":true,\"internalTrafficPolicy\":\"Cluster\"},\"status\":{\"loadBalancer\":{}}}","ts":"2025-08-19T17:42:41Z"}
{"caller":"service_controller.go:113","controller":"ServiceReconciler","end reconcile":"kubevirt-vms/master1-ssh","level":"info","ts":"2025-08-19T17:42:41Z"}
{"caller":"service_controller.go:64","controller":"ServiceReconciler","level":"info","start reconcile":"kubevirt-vms/master2-ssh","ts":"2025-08-19T17:42:41Z"}
{"caller":"service.go:143","error":"no available IPs in pool \"kubeadm-pool\" for ipv4 IPFamily","level":"error","msg":"IP allocation failed","op":"allocateIPs","ts":"2025-08-19T17:42:41Z"}
{"caller":"service_controller.go:112","controller":"ServiceReconciler","endpoints":"[]","event":"failed to handle service","level":"error","name":"kubevirt-vms/master2-ssh","service":"{\"kind\":\"Service\",\"apiVersion\":\"v1\",\"metadata\":{\"name\":\"master2-ssh\",\"namespace\":\"kubevirt-vms\",\"uid\":\"d821183a-efab-4984-9316-8517978d91d5\",\"resourceVersion\":\"28343292\",\"creationTimestamp\":\"2025-08-19T17:42:41Z\",\"annotations\":{\"kubectl.kubernetes.io/last-applied-configuration\":\"{\\\"apiVersion\\\":\\\"v1\\\",\\\"kind\\\":\\\"Service\\\",\\\"metadata\\\":{\\\"annotations\\\":{\\\"metallb.universe.tf/address-pool\\\":\\\"kubeadm-pool\\\"},\\\"name\\\":\\\"master2-ssh\\\",\\\"namespace\\\":\\\"kubevirt-vms\\\"},\\\"spec\\\":{\\\"ports\\\":[{\\\"port\\\":22,\\\"protocol\\\":\\\"TCP\\\",\\\"targetPort\\\":22}],\\\"selector\\\":{\\\"kubevirt.io/vm\\\":\\\"master2\\\"},\\\"type\\\":\\\"LoadBalancer\\\"}}\\n\",\"metallb.universe.tf/address-pool\":\"kubeadm-pool\"},\"managedFields\":[{\"manager\":\"kubectl-client-side-apply\",\"operation\":\"Update\",\"apiVersion\":\"v1\",\"time\":\"2025-08-19T17:42:41Z\",\"fieldsType\":\"FieldsV1\",\"fieldsV1\":{\"f:metadata\":{\"f:annotations\":{\".\":{},\"f:kubectl.kubernetes.io/last-applied-configuration\":{},\"f:metallb.universe.tf/address-pool\":{}}},\"f:spec\":{\"f:allocateLoadBalancerNodePorts\":{},\"f:externalTrafficPolicy\":{},\"f:internalTrafficPolicy\":{},\"f:ports\":{\".\":{},\"k:{\\\"port\\\":22,\\\"protocol\\\":\\\"TCP\\\"}\":{\".\":{},\"f:port\":{},\"f:protocol\":{},\"f:targetPort\":{}}},\"f:selector\":{},\"f:sessionAffinity\":{},\"f:type\":{}}}}]},\"spec\":{\"ports\":[{\"protocol\":\"TCP\",\"port\":22,\"targetPort\":22,\"nodePort\":31669}],\"selector\":{\"kubevirt.io/vm\":\"master2\"},\"clusterIP\":\"10.96.158.141\",\"clusterIPs\":[\"10.96.158.141\"],\"type\":\"LoadBalancer\",\"sessionAffinity\":\"None\",\"externalTrafficPolicy\":\"Cluster\",\"ipFamilies\":[\"IPv4\"],\"ipFamilyPolicy\":\"SingleStack\",\"allocateLoadBalancerNodePorts\":true,\"internalTrafficPolicy\":\"Cluster\"},\"status\":{\"loadBalancer\":{}}}","ts":"2025-08-19T17:42:41Z"}
{"caller":"service_controller.go:113","controller":"ServiceReconciler","end reconcile":"kubevirt-vms/master2-ssh","level":"info","ts":"2025-08-19T17:42:41Z"}
{"caller":"service_controller.go:64","controller":"ServiceReconciler","level":"info","start reconcile":"kubevirt-vms/master3-ssh","ts":"2025-08-19T17:42:42Z"}
{"caller":"service.go:143","error":"no available IPs in pool \"kubeadm-pool\" for ipv4 IPFamily","level":"error","msg":"IP allocation failed","op":"allocateIPs","ts":"2025-08-19T17:42:42Z"}
{"caller":"service_controller.go:112","controller":"ServiceReconciler","endpoints":"[]","event":"failed to handle service","level":"error","name":"kubevirt-vms/master3-ssh","service":"{\"kind\":\"Service\",\"apiVersion\":\"v1\",\"metadata\":{\"name\":\"master3-ssh\",\"namespace\":\"kubevirt-vms\",\"uid\":\"7e607f28-dd9d-4dea-a164-5a03d2880e12\",\"resourceVersion\":\"28343300\",\"creationTimestamp\":\"2025-08-19T17:42:41Z\",\"annotations\":{\"kubectl.kubernetes.io/last-applied-configuration\":\"{\\\"apiVersion\\\":\\\"v1\\\",\\\"kind\\\":\\\"Service\\\",\\\"metadata\\\":{\\\"annotations\\\":{\\\"metallb.universe.tf/address-pool\\\":\\\"kubeadm-pool\\\"},\\\"name\\\":\\\"master3-ssh\\\",\\\"namespace\\\":\\\"kubevirt-vms\\\"},\\\"spec\\\":{\\\"ports\\\":[{\\\"port\\\":22,\\\"protocol\\\":\\\"TCP\\\",\\\"targetPort\\\":22}],\\\"selector\\\":{\\\"kubevirt.io/vm\\\":\\\"master3\\\"},\\\"type\\\":\\\"LoadBalancer\\\"}}\\n\",\"metallb.universe.tf/address-pool\":\"kubeadm-pool\"},\"managedFields\":[{\"manager\":\"kubectl-client-side-apply\",\"operation\":\"Update\",\"apiVersion\":\"v1\",\"time\":\"2025-08-19T17:42:41Z\",\"fieldsType\":\"FieldsV1\",\"fieldsV1\":{\"f:metadata\":{\"f:annotations\":{\".\":{},\"f:kubectl.kubernetes.io/last-applied-configuration\":{},\"f:metallb.universe.tf/address-pool\":{}}},\"f:spec\":{\"f:allocateLoadBalancerNodePorts\":{},\"f:externalTrafficPolicy\":{},\"f:internalTrafficPolicy\":{},\"f:ports\":{\".\":{},\"k:{\\\"port\\\":22,\\\"protocol\\\":\\\"TCP\\\"}\":{\".\":{},\"f:port\":{},\"f:protocol\":{},\"f:targetPort\":{}}},\"f:selector\":{},\"f:sessionAffinity\":{},\"f:type\":{}}}}]},\"spec\":{\"ports\":[{\"protocol\":\"TCP\",\"port\":22,\"targetPort\":22,\"nodePort\":30297}],\"selector\":{\"kubevirt.io/vm\":\"master3\"},\"clusterIP\":\"10.96.5.140\",\"clusterIPs\":[\"10.96.5.140\"],\"type\":\"LoadBalancer\",\"sessionAffinity\":\"None\",\"externalTrafficPolicy\":\"Cluster\",\"ipFamilies\":[\"IPv4\"],\"ipFamilyPolicy\":\"SingleStack\",\"allocateLoadBalancerNodePorts\":true,\"internalTrafficPolicy\":\"Cluster\"},\"status\":{\"loadBalancer\":{}}}","ts":"2025-08-19T17:42:42Z"}
{"caller":"service_controller.go:113","controller":"ServiceReconciler","end reconcile":"kubevirt-vms/master3-ssh","level":"info","ts":"2025-08-19T17:42:42Z"}
{"caller":"service_controller.go:64","controller":"ServiceReconciler","level":"info","start reconcile":"kubevirt-vms/worker1-ssh","ts":"2025-08-19T17:42:42Z"}
{"caller":"service.go:143","error":"no available IPs in pool \"kubeadm-pool\" for ipv4 IPFamily","level":"error","msg":"IP allocation failed","op":"allocateIPs","ts":"2025-08-19T17:42:42Z"}
{"caller":"service_controller.go:112","controller":"ServiceReconciler","endpoints":"[]","event":"failed to handle service","level":"error","name":"kubevirt-vms/worker1-ssh","service":"{\"kind\":\"Service\",\"apiVersion\":\"v1\",\"metadata\":{\"name\":\"worker1-ssh\",\"namespace\":\"kubevirt-vms\",\"uid\":\"dc45b48e-f56d-4ce1-b8db-549012221739\",\"resourceVersion\":\"28343307\",\"creationTimestamp\":\"2025-08-19T17:42:42Z\",\"annotations\":{\"kubectl.kubernetes.io/last-applied-configuration\":\"{\\\"apiVersion\\\":\\\"v1\\\",\\\"kind\\\":\\\"Service\\\",\\\"metadata\\\":{\\\"annotations\\\":{\\\"metallb.universe.tf/address-pool\\\":\\\"kubeadm-pool\\\"},\\\"name\\\":\\\"worker1-ssh\\\",\\\"namespace\\\":\\\"kubevirt-vms\\\"},\\\"spec\\\":{\\\"ports\\\":[{\\\"port\\\":22,\\\"protocol\\\":\\\"TCP\\\",\\\"targetPort\\\":22}],\\\"selector\\\":{\\\"kubevirt.io/vm\\\":\\\"worker1\\\"},\\\"type\\\":\\\"LoadBalancer\\\"}}\\n\",\"metallb.universe.tf/address-pool\":\"kubeadm-pool\"},\"managedFields\":[{\"manager\":\"kubectl-client-side-apply\",\"operation\":\"Update\",\"apiVersion\":\"v1\",\"time\":\"2025-08-19T17:42:42Z\",\"fieldsType\":\"FieldsV1\",\"fieldsV1\":{\"f:metadata\":{\"f:annotations\":{\".\":{},\"f:kubectl.kubernetes.io/last-applied-configuration\":{},\"f:metallb.universe.tf/address-pool\":{}}},\"f:spec\":{\"f:allocateLoadBalancerNodePorts\":{},\"f:externalTrafficPolicy\":{},\"f:internalTrafficPolicy\":{},\"f:ports\":{\".\":{},\"k:{\\\"port\\\":22,\\\"protocol\\\":\\\"TCP\\\"}\":{\".\":{},\"f:port\":{},\"f:protocol\":{},\"f:targetPort\":{}}},\"f:selector\":{},\"f:sessionAffinity\":{},\"f:type\":{}}}}]},\"spec\":{\"ports\":[{\"protocol\":\"TCP\",\"port\":22,\"targetPort\":22,\"nodePort\":31833}],\"selector\":{\"kubevirt.io/vm\":\"worker1\"},\"clusterIP\":\"10.96.159.146\",\"clusterIPs\":[\"10.96.159.146\"],\"type\":\"LoadBalancer\",\"sessionAffinity\":\"None\",\"externalTrafficPolicy\":\"Cluster\",\"ipFamilies\":[\"IPv4\"],\"ipFamilyPolicy\":\"SingleStack\",\"allocateLoadBalancerNodePorts\":true,\"internalTrafficPolicy\":\"Cluster\"},\"status\":{\"loadBalancer\":{}}}","ts":"2025-08-19T17:42:42Z"}
{"caller":"service_controller.go:113","controller":"ServiceReconciler","end reconcile":"kubevirt-vms/worker1-ssh","level":"info","ts":"2025-08-19T17:42:42Z"}
{"caller":"service_controller.go:64","controller":"ServiceReconciler","level":"info","start reconcile":"kubevirt-vms/worker2-ssh","ts":"2025-08-19T17:42:42Z"}
{"caller":"service.go:143","error":"no available IPs in pool \"kubeadm-pool\" for ipv4 IPFamily","level":"error","msg":"IP allocation failed","op":"allocateIPs","ts":"2025-08-19T17:42:42Z"}
{"caller":"service_controller.go:112","controller":"ServiceReconciler","endpoints":"[]","event":"failed to handle service","level":"error","name":"kubevirt-vms/worker2-ssh","service":"{\"kind\":\"Service\",\"apiVersion\":\"v1\",\"metadata\":{\"name\":\"worker2-ssh\",\"namespace\":\"kubevirt-vms\",\"uid\":\"1a33e67e-e8a8-49e0-b477-cabb31635f2d\",\"resourceVersion\":\"28343314\",\"creationTimestamp\":\"2025-08-19T17:42:42Z\",\"annotations\":{\"kubectl.kubernetes.io/last-applied-configuration\":\"{\\\"apiVersion\\\":\\\"v1\\\",\\\"kind\\\":\\\"Service\\\",\\\"metadata\\\":{\\\"annotations\\\":{\\\"metallb.universe.tf/address-pool\\\":\\\"kubeadm-pool\\\"},\\\"name\\\":\\\"worker2-ssh\\\",\\\"namespace\\\":\\\"kubevirt-vms\\\"},\\\"spec\\\":{\\\"ports\\\":[{\\\"port\\\":22,\\\"protocol\\\":\\\"TCP\\\",\\\"targetPort\\\":22}],\\\"selector\\\":{\\\"kubevirt.io/vm\\\":\\\"worker2\\\"},\\\"type\\\":\\\"LoadBalancer\\\"}}\\n\",\"metallb.universe.tf/address-pool\":\"kubeadm-pool\"},\"managedFields\":[{\"manager\":\"kubectl-client-side-apply\",\"operation\":\"Update\",\"apiVersion\":\"v1\",\"time\":\"2025-08-19T17:42:42Z\",\"fieldsType\":\"FieldsV1\",\"fieldsV1\":{\"f:metadata\":{\"f:annotations\":{\".\":{},\"f:kubectl.kubernetes.io/last-applied-configuration\":{},\"f:metallb.universe.tf/address-pool\":{}}},\"f:spec\":{\"f:allocateLoadBalancerNodePorts\":{},\"f:externalTrafficPolicy\":{},\"f:internalTrafficPolicy\":{},\"f:ports\":{\".\":{},\"k:{\\\"port\\\":22,\\\"protocol\\\":\\\"TCP\\\"}\":{\".\":{},\"f:port\":{},\"f:protocol\":{},\"f:targetPort\":{}}},\"f:selector\":{},\"f:sessionAffinity\":{},\"f:type\":{}}}}]},\"spec\":{\"ports\":[{\"protocol\":\"TCP\",\"port\":22,\"targetPort\":22,\"nodePort\":31214}],\"selector\":{\"kubevirt.io/vm\":\"worker2\"},\"clusterIP\":\"10.96.93.129\",\"clusterIPs\":[\"10.96.93.129\"],\"type\":\"LoadBalancer\",\"sessionAffinity\":\"None\",\"externalTrafficPolicy\":\"Cluster\",\"ipFamilies\":[\"IPv4\"],\"ipFamilyPolicy\":\"SingleStack\",\"allocateLoadBalancerNodePorts\":true,\"internalTrafficPolicy\":\"Cluster\"},\"status\":{\"loadBalancer\":{}}}","ts":"2025-08-19T17:42:42Z"}
{"caller":"service_controller.go:113","controller":"ServiceReconciler","end reconcile":"kubevirt-vms/worker2-ssh","level":"info","ts":"2025-08-19T17:42:42Z"}

2025-08-19 13:43:11,185 p=72426 u=ollama n=ansible | Using /home/ollama/me/Zenitsu_mforrester-home-lab/kubernetes-upgrade/ansible.cfg as config file
2025-08-19 13:43:11,692 p=72426 u=ollama n=ansible | k8s01 | CHANGED | rc=0 >>
kubeadm-vms       master1-ssh                                     LoadBalancer   10.96.74.231    192.168.0.100                                                22:32659/TCP                                              16m   vm.kubevirt.io/name=master1
kubeadm-vms       master2-ssh                                     LoadBalancer   10.96.15.222    192.168.0.101                                                22:32297/TCP                                              16m   vm.kubevirt.io/name=master2
kubeadm-vms       master3-ssh                                     LoadBalancer   10.96.184.55    192.168.0.102                                                22:32094/TCP                                              16m   vm.kubevirt.io/name=master3
kubeadm-vms       worker1-ssh                                     LoadBalancer   10.96.202.242   192.168.0.103                                                22:31458/TCP                                              16m   vm.kubevirt.io/name=worker1
kubeadm-vms       worker2-ssh                                     LoadBalancer   10.96.63.24     192.168.0.104                                                22:31556/TCP                                              16m   vm.kubevirt.io/name=worker2

2025-08-19 13:43:21,517 p=72687 u=ollama n=ansible | Using /home/ollama/me/Zenitsu_mforrester-home-lab/kubernetes-upgrade/ansible.cfg as config file
2025-08-19 13:43:22,030 p=72687 u=ollama n=ansible | k8s01 | CHANGED | rc=0 >>
NAME          TYPE           CLUSTER-IP      EXTERNAL-IP     PORT(S)        AGE
master1-ssh   LoadBalancer   10.96.74.231    192.168.0.100   22:32659/TCP   16m
master2-ssh   LoadBalancer   10.96.15.222    192.168.0.101   22:32297/TCP   16m
master3-ssh   LoadBalancer   10.96.184.55    192.168.0.102   22:32094/TCP   16m
worker1-ssh   LoadBalancer   10.96.202.242   192.168.0.103   22:31458/TCP   16m
worker2-ssh   LoadBalancer   10.96.63.24     192.168.0.104   22:31556/TCP   16m

2025-08-19 13:43:29,607 p=72933 u=ollama n=ansible | Using /home/ollama/me/Zenitsu_mforrester-home-lab/kubernetes-upgrade/ansible.cfg as config file
2025-08-19 13:43:30,123 p=72933 u=ollama n=ansible | k8s01 | CHANGED | rc=0 >>
NAMESPACE      NAME      AGE     STATUS    READY
kubevirt-vms   master1   4m52s   Running   True
kubevirt-vms   master2   4m52s   Running   True
kubevirt-vms   master3   4m52s   Running   True
kubevirt-vms   worker1   4m52s   Running   True
kubevirt-vms   worker2   4m52s   Running   True

2025-08-19 13:43:38,822 p=73198 u=ollama n=ansible | Using /home/ollama/me/Zenitsu_mforrester-home-lab/kubernetes-upgrade/ansible.cfg as config file
2025-08-19 13:43:39,350 p=73198 u=ollama n=ansible | k8s01 | CHANGED | rc=0 >>
NAME          TYPE           CLUSTER-IP      EXTERNAL-IP   PORT(S)        AGE   SELECTOR
master1-ssh   LoadBalancer   10.96.148.183   <pending>     22:30221/TCP   57s   kubevirt.io/vm=master1
master2-ssh   LoadBalancer   10.96.158.141   <pending>     22:31669/TCP   57s   kubevirt.io/vm=master2
master3-ssh   LoadBalancer   10.96.5.140     <pending>     22:30297/TCP   57s   kubevirt.io/vm=master3
worker1-ssh   LoadBalancer   10.96.159.146   <pending>     22:31833/TCP   56s   kubevirt.io/vm=worker1
worker2-ssh   LoadBalancer   10.96.93.129    <pending>     22:31214/TCP   56s   kubevirt.io/vm=worker2

2025-08-19 13:44:05,771 p=73850 u=ollama n=ansible | Using /home/ollama/me/Zenitsu_mforrester-home-lab/kubernetes-upgrade/ansible.cfg as config file
2025-08-19 13:44:06,280 p=73850 u=ollama n=ansible | k8s01 | CHANGED | rc=0 >>
10.0.8.148

2025-08-19 13:44:11,760 p=74073 u=ollama n=ansible | Using /home/ollama/me/Zenitsu_mforrester-home-lab/kubernetes-upgrade/ansible.cfg as config file
2025-08-19 13:44:12,305 p=74073 u=ollama n=ansible | k8s01 | CHANGED | rc=0 >>
service/master1-ssh patched

2025-08-19 13:44:16,841 p=74234 u=ollama n=ansible | Using /home/ollama/me/Zenitsu_mforrester-home-lab/kubernetes-upgrade/ansible.cfg as config file
2025-08-19 13:44:17,335 p=74234 u=ollama n=ansible | k8s01 | CHANGED | rc=0 >>
NAME          TYPE           CLUSTER-IP      EXTERNAL-IP     PORT(S)        AGE
master1-ssh   LoadBalancer   10.96.148.183   192.168.0.180   22:30221/TCP   95s

2025-08-19 13:44:34,156 p=74661 u=ollama n=ansible | Using /home/ollama/me/Zenitsu_mforrester-home-lab/kubernetes-upgrade/ansible.cfg as config file
2025-08-19 13:44:34,685 p=74661 u=ollama n=ansible | k8s01 | CHANGED | rc=0 >>
[   20.682938] cloud-init[989]: Reading state information...
[   20.994300] cloud-init[989]: openssh-server is already the newest version (1:9.6p1-3ubuntu13.13).
[   20.994782] cloud-init[989]: curl is already the newest version (8.5.0-2ubuntu10.6).
[   20.995048] cloud-init[989]: curl set to manually installed.
[   20.995203] cloud-init[989]: vim is already the newest version (2:9.1.0016-1ubuntu7.8).
[   20.995365] cloud-init[989]: vim set to manually installed.
[   20.995545] cloud-init[989]: The following NEW packages will be installed:
[   20.998820] cloud-init[989]:   net-tools
[   21.088258] cloud-init[989]: 0 upgraded, 1 newly installed, 0 to remove and 23 not upgraded.
[   21.089384] cloud-init[989]: Need to get 204 kB of archives.
[   21.090223] cloud-init[989]: After this operation, 811 kB of additional disk space will be used.
[   21.091136] cloud-init[989]: Get:1 http://archive.ubuntu.com/ubuntu noble-updates/main amd64 net-tools amd64 2.10-0.1ubuntu4.4 [204 kB]
[   21.405756] cloud-init[989]: dpkg-preconfigure: unable to re-open stdin: No such file or directory
[   21.441279] cloud-init[989]: Fetched 204 kB in 0s (1078 kB/s)
[   21.467574] cloud-init[989]: Selecting previously unselected package net-tools.
[   21.704389] cloud-init[989]: (Reading database ... (Reading database ... 5%(Reading database ... 10%(Reading database ... 15%(Reading database ... 20%(Reading database ... 25%(Reading database ... 30%(Reading database ... 35%(Reading database ... 40%(Reading database ... 45%(Reading database ... 50%(Reading database ... 55%(Reading database ... 60%(Reading database ... 65%(Reading database ... 70%(Reading database ... 75%(Reading database ... 80%(Reading database ... 85%(Reading database ... 90%(Reading database ... 95%(Reading database ... 100%(Reading database ... 74797 files and directories currently installed.)
[   21.711085] cloud-init[989]: Preparing to unpack .../net-tools_2.10-0.1ubuntu4.4_amd64.deb ...
[   21.714356] cloud-init[989]: Unpacking net-tools (2.10-0.1ubuntu4.4) ...
[   21.787250] cloud-init[989]: Setting up net-tools (2.10-0.1ubuntu4.4) ...
[   21.798541] cloud-init[989]: Processing triggers for man-db (2.12.0-4build2) ...
[   23.345812] cloud-init[989]: Running kernel seems to be up-to-date.
[   23.346801] cloud-init[989]: No services need to be restarted.
[   23.347528] cloud-init[989]: No containers need to be restarted.
[   23.348213] cloud-init[989]: No user sessions are running outdated binaries.
[   23.348938] cloud-init[989]: No VM guests are running outdated hypervisor (qemu) binaries on this host.
ci-info: +++++++++++++++++++++++++++++++++Authorized keys from /home/ubuntu/.ssh/authorized_keys for user ubuntu++++++++++++++++++++++++++++++++++
ci-info: +-------------+-------------------------------------------------------------------------------------------------+---------+-------------+
ci-info: |   Keytype   |                                       Fingerprint (sha256)                                      | Options |   Comment   |
ci-info: +-------------+-------------------------------------------------------------------------------------------------+---------+-------------+
ci-info: | ssh-ed25519 | 67:06:b0:2b:16:e2:52:4f:eb:5a:7d:94:9f:cf:ac:4c:82:20:84:47:de:4a:3f:22:38:66:30:b1:b8:79:41:e1 |    -    | claude-demo |
ci-info: +-------------+-------------------------------------------------------------------------------------------------+---------+-------------+
ci-info: ++++++++++++++++++++++++++++++++++++++Authorized keys from /root/.ssh/authorized_keys for user root++++++++++++++++++++++++++++++++++++++
ci-info: +-------------+-------------------------------------------------------------------------------------------------+---------+-------------+
ci-info: |   Keytype   |                                       Fingerprint (sha256)                                      | Options |   Comment   |
ci-info: +-------------+-------------------------------------------------------------------------------------------------+---------+-------------+
ci-info: | ssh-ed25519 | 67:06:b0:2b:16:e2:52:4f:eb:5a:7d:94:9f:cf:ac:4c:82:20:84:47:de:4a:3f:22:38:66:30:b1:b8:79:41:e1 |    -    | claude-demo |
ci-info: +-------------+-------------------------------------------------------------------------------------------------+---------+-------------+
<14>Aug 19 17:41:19 cloud-init: #############################################################
<14>Aug 19 17:41:19 cloud-init: -----BEGIN SSH HOST KEY FINGERPRINTS-----
<14>Aug 19 17:41:19 cloud-init: 256 SHA256:Ffa9wkszm5l1y4D/xSvVStwXqP1Kt1m9KzVL1yEgeqY root@master1 (ECDSA)
<14>Aug 19 17:41:19 cloud-init: 256 SHA256:DucsifawH47xJgeUwz86QIRd1Zk3jzRaF8sl00MX42s root@master1 (ED25519)
<14>Aug 19 17:41:19 cloud-init: 3072 SHA256:/G4Z3/XhPkb6++hpgrMvfT0CbLmURMdJFey05DbNBoM root@master1 (RSA)
<14>Aug 19 17:41:19 cloud-init: -----END SSH HOST KEY FINGERPRINTS-----
<14>Aug 19 17:41:19 cloud-init: #############################################################
-----BEGIN SSH HOST KEY KEYS-----
ecdsa-sha2-nistp256 AAAAE2VjZHNhLXNoYTItbmlzdHAyNTYAAAAIbmlzdHAyNTYAAABBBALhzPUrNgpT+nmncuWfjmPy/nelvz0bJb1UfhZ5pA/Hy/7kV7rVt0kf01ybkEMm+5PQ8XOVxJEo2Od2F/Bf13o= root@master1
ssh-ed25519 AAAAC3NzaC1lZDI1NTE5AAAAIA7MVgoWV5QXvMrvmilGxGOzzHwJSQhYMUrbO9TWNnPV root@master1
ssh-rsa AAAAB3NzaC1yc2EAAAADAQABAAABgQCqBVBKXt0HqxRXYC7+AvnCc2MGJrg5EeKtaLPi92FSTSz7uqMf7QaWlcCdj/Fq3TK1t3yPKl0cU5K4v02ueCHhE+aZ1VFNOyu5XuqEDst0oTMXw2383XVK6Eh89Wjvn9FEbIY2fjHTkSRjGlqAzNheUGlZDkYPvdfMDtXq73O5meIz3LwnGkoSyZTDBEZWldNmKuN5vhPrfPALeAMMOvV3sUiI7v71X5JOzIHs5AcZeIGFG/vk51bjeMeVYZpHYWJN4/ejISj4jnxKRpafQiggLibu/obz0voS44MgU5As5n+qAIt2hnmPpQcbAI+sYvd+KVgk5VPiaXDMLIU9ZGRryTIM2ReH7FZzlxAr2nIgbBlXPGGuuIPmcw59pMpjfkTj1+f/U+C+xZpmyRFb+z0tMpQY8pv7zql9wQRo4CQUq4DQD0Oua+qVEiqrkdL3XVhgOgzBuUyt9T2wuECSdgys338qiW091rReK9SGcG1lxCqfibGyKJ/J/PugzymUXV0= root@master1
-----END SSH HOST KEY KEYS-----
[   24.365427] cloud-init[989]: Cloud-init v. 25.1.2-0ubuntu0~24.04.1 finished at Tue, 19 Aug 2025 17:41:19 +0000. Datasource DataSourceNoCloud [seed=/dev/vdb].  Up 24.35 seconds

2025-08-19 13:53:38,788 p=85338 u=ollama n=ansible | Using /home/ollama/me/Zenitsu_mforrester-home-lab/kubernetes-upgrade/ansible.cfg as config file
2025-08-19 13:53:46,735 p=85338 u=ollama n=ansible | k8s01 | CHANGED | rc=0 >>
namespace "kubeadm-vms" deleted

2025-08-19 13:53:55,796 p=85795 u=ollama n=ansible | Using /home/ollama/me/Zenitsu_mforrester-home-lab/kubernetes-upgrade/ansible.cfg as config file
2025-08-19 13:54:01,958 p=85795 u=ollama n=ansible | k8s01 | CHANGED | rc=0 >>
virtualmachine.kubevirt.io "master1" deleted
virtualmachine.kubevirt.io "master2" deleted
virtualmachine.kubevirt.io "master3" deleted
virtualmachine.kubevirt.io "worker1" deleted
virtualmachine.kubevirt.io "worker2" deleted

